"Index","Name","Template","Mesh","PosX","PosY","PosZ"
"0","S_西北枯树001_001.Mesh","npc.json","data\source\maps_source\树\s_西北枯树001_001_hd.mesh","-15222.203125","3065.18164","40370.4375"
"1","S_xb多枝枯树003_005.Mesh","speedtree.json","Data\source\maps_source\树\S_xb多枝枯树003_005.srt","-1599.648437","4674.969726","92888.289062"
"2","ST_mj石拱003.Mesh","npc.json","data\source\maps_source\门派\明教\st_mj石拱003_hd.mesh","-21260.953125","3251.537109","71006.367187"
"3","ST_mj戈壁碎石003_001.Mesh","npc.json","data\source\maps_source\门派\明教\st_mj戈壁碎石003_001_hd.mesh","-1032.835937","4165.21289","94833.25"
"4","S_xb多枝枯树003_001.Mesh","speedtree.json","Data\source\maps_source\树\S_xb多枝枯树003_001.srt","-715.84375","4560.46289","94206.195312"
"5","JZ_xb楼兰哨台001_004.Mesh","npc.json","data\source\maps_source\建筑\jz_xb楼兰哨台001_004_hd.mesh","2114.03125","4473.108398","-3481.65625"
"6","XWJ_ca柜子003_003.Mesh","npc.json","data\source\maps_source\小物件\室内\xwj_ca柜子003_003_hd.mesh","18653.085937","644.021484","11962.4375"
"7","JZ_xb楼兰三间房001_003.Mesh","npc.json","data\source\maps_source\建筑\jz_xb楼兰三间房001_003_hd.mesh","15007.257812","238.158203","26517.046875"
"8","wj_圆木桶堆001.Mesh","npc.json","data\source\maps_source\小物件\木箱\wj_圆木桶堆001_hd.mesh","18174.226562","607.228027","28209.71875"
"9","WJ_龙门木箱001.Mesh","npc.json","data\source\maps_source\小物件\木箱\wj_龙门木箱001_hd.mesh","38116.5","792.69873","18360.109375"
"10","WJ_灯001.Mesh","npc.json","data\source\maps_source\小物件\灯\wj_灯001_hd.mesh","38261.078125","1151.779296","16476.578125"
"11","XWJ_火盆002_001.Mesh","npc.json","data\source\maps_source\小物件\灯\xwj_火盆002_001_hd.mesh","26435.855468","625.568359","25599.210937"
"12","WJ_木箱001.Mesh","npc.json","data\source\maps_source\小物件\木箱\wj_木箱001_hd.mesh","19264.953125","921.916015","35705.351562"
"13","S_xb多枝枯树003_007.Mesh","speedtree.json","Data\source\maps_source\树\S_xb多枝枯树003_007.srt","26143.804687","583.780273","23647.734375"
"14","S_xb多枝枯树003_003.Mesh","speedtree.json","Data\source\maps_source\树\S_xb多枝枯树003_003.srt","32609.859375","690.134765","17329.59375"
"15","wj_通用坛罐001_004_HD","npc.json","data\source\maps_source\小物件\坛罐\wj_通用坛罐001_004_hd.mesh","37619.535156","940.982421","37456.453125"
"16","JZ_xb楼兰三间房001_003.Mesh","npc.json","data\source\maps_source\建筑\jz_xb楼兰三间房001_003_hd.mesh","16329.382812","838.085449","34499.917968"
"17","JZ_xb楼兰哨台001_001.Mesh","npc.json","data\source\maps_source\建筑\jz_xb楼兰哨台001_001_hd.mesh","23293.183593","578.844726","9639.03125"
"18","WJ_龙门大缸001.Mesh","npc.json","data\source\maps_source\小物件\坛罐\wj_龙门大缸001_hd.mesh","16664.484375","707.126953","11977.148437"
"19","CQ_玉门关城墙001_008.Mesh","npc.json","data\source\maps_source\城墙\cq_玉门关城墙001_008_hd.mesh","40491.992187","750.271484","30277.617187"
"20","S_西北枯树001_002.Mesh","speedtree.json","Data\source\maps_source\树\S_西北枯树001_002.srt","28962.085937","1426.453125","24727.71875"
"21","XWJ_人俑灯001.Mesh","npc.json","data\source\maps_source\小物件\室内\xwj_人俑灯001_hd.mesh","18358.875","644.506347","12333.28125"
"22","WJ_坛子001_003.Mesh","npc.json","data\source\maps_source\小物件\坛罐\wj_坛子001_003_hd.mesh","33300.1875","1013.386718","39066.007812"
"23","CQ_玉门关城墙001_003.Mesh","npc.json","data\source\maps_source\城墙\cq_玉门关城墙001_003_hd.mesh","40409.667968","39.811523","28826.789062"
"24","WJ_sn茅草房001_006.Mesh","npc.json","data\source\maps_source\小物件\室内\wj_sn茅草房001_006_hd.mesh","31902.210937","939.472656","41876.125"
"25","WJ_沙包009_01.Mesh","npc.json","data\source\maps_source\小物件\生活品\wj_沙包009_01_hd.mesh","15010.375","726.42871","14632.359375"
"26","JZ_xb楼兰哨台001_002.Mesh","npc.json","data\source\maps_source\建筑\jz_xb楼兰哨台001_002_hd.mesh","21550.070312","973.266113","46576.679687"
"27","XWJ_人俑灯001.Mesh","npc.json","data\source\maps_source\小物件\室内\xwj_人俑灯001_hd.mesh","18062.296875","644.506347","13482.820312"
"28","WJ_酒坛006_001.Mesh","npc.json","data\source\maps_source\小物件\坛罐\wj_酒坛006_001_hd.mesh","23799.0","866.768554","36622.265625"
"29","XWJ_农家物件004_002.Mesh","npc.json","data\source\maps_source\小物件\生活品\xwj_农家物件004_002_hd.mesh","14955.15625","1126.367187","13637.328125"
"30","XWJ_火盆002_001.Mesh","npc.json","data\source\maps_source\小物件\灯\xwj_火盆002_001_hd.mesh","32136.574218","915.140625","41355.976562"
"31","WJ_木桌005_002.Mesh","npc.json","data\source\maps_source\小物件\桌凳\wj_木桌005_002_hd.mesh","34150.179687","632.673828","23263.53125"
"32","PJ_玉门草棚001.Mesh","npc.json","data\source\maps_source\建筑配套\pj_玉门草棚001_hd.mesh","26529.605468","898.746093","33927.179687"
"33","XWJ_农家物件003_002.Mesh","npc.json","data\source\maps_source\小物件\生活品\xwj_农家物件003_002_hd.mesh","33820.9375","1088.905273","24198.9375"
"34","WJ_erg笔架002.Mesh","npc.json","data\source\maps_source\小物件\室内\wj_erg笔架002_hd.mesh","31442.296875","1035.175781","44222.96875"
"35","JZ_xb楼兰三间房001_001.Mesh","npc.json","data\source\maps_source\建筑\jz_xb楼兰三间房001_001_hd.mesh","31229.378906","687.014648","14913.28125"
"36","XWJ_被子001.Mesh","npc.json","data\source\maps_source\小物件\室内\xwj_被子001_hd.mesh","33687.21875","994.5083","39577.34375"
"37","WJ_sn茅草房001_001.Mesh","npc.json","data\source\maps_source\小物件\室内\wj_sn茅草房001_001_hd.mesh","14979.273437","726.432617","13075.0625"
"38","WJ_HQM悬挂布001.Mesh","npc.json","data\source\maps_source\小物件\室内\wj_hqm悬挂布001_hd.mesh","35347.898437","1372.376953","38742.125"
"39","JZ_xb楼兰三间房001_003.Mesh","npc.json","data\source\maps_source\建筑\jz_xb楼兰三间房001_003_hd.mesh","37559.820312","653.61621","30723.015625"
"40","WJ_木桌005_002.Mesh","npc.json","data\source\maps_source\小物件\桌凳\wj_木桌005_002_hd.mesh","34889.917968","1048.222167","44121.675781"
"41","WJ_erg笔架002.Mesh","npc.json","data\source\maps_source\小物件\室内\wj_erg笔架002_hd.mesh","19708.734375","1010.817871","35665.375"
"42","XWJ_农家物件004_001.Mesh","npc.json","data\source\maps_source\小物件\生活品\xwj_农家物件004_001_hd.mesh","17912.25","1019.402343","14565.484375"
"43","WJ_木头架子_016_001.Mesh","npc.json","data\source\maps_source\小物件\生活品\wj_木头架子_016_001_hd.mesh","17725.914062","644.506347","14124.945312"
"44","WJ_辣椒架001.Mesh","npc.json","data\source\maps_source\小物件\生活品\wj_辣椒架001_hd.mesh","34419.234375","632.669921","22263.40625"
"45","WJ_酒坛006_001.Mesh","npc.json","data\source\maps_source\小物件\坛罐\wj_酒坛006_001_hd.mesh","32503.433593","992.799316","43031.457031"
"46","S_西北枯树001_001.Mesh","npc.json","data\source\maps_source\树\s_西北枯树001_001_hd.mesh","28103.5","599.693359","13223.148437"
"47","wj_卷毯001_001.Mesh","npc.json","data\source\maps_source\小物件\生活品\wj_卷毯001_001_hd.mesh","20610.339843","1085.636718","36166.855468"
"48","XWJ_竹筐008_001.Mesh","npc.json","data\source\maps_source\小物件\生活品\xwj_竹筐008_001_hd.mesh","30970.71875","939.464843","44304.03125"
"49","wj_木箱004_001_HD","npc.json","data\source\maps_source\小物件\木箱\wj_木箱004_001_hd.mesh","32067.367187","873.733398","34559.925781"
"50","JZ_xb楼兰三间房001_002.Mesh","npc.json","data\source\maps_source\建筑\jz_xb楼兰三间房001_002_hd.mesh","14000.429687","241.889648","18477.007812"
"51","WJ_erg布包001.Mesh","npc.json","data\source\maps_source\小物件\室内\wj_erg布包001_hd.mesh","18167.75","746.328613","13716.65625"
"52","WJ_HQM悬挂装饰001.Mesh","npc.json","data\source\maps_source\小物件\室内\wj_hqm悬挂装饰001_hd.mesh","30687.851562","1558.878906","42344.183593"
"53","wj_货包包001_002.Mesh","npc.json","data\source\maps_source\小物件\生活品\wj_货包包001_002_hd.mesh","33345.066406","1487.316406","39459.0625"
"54","XWJ_路灯003A_HD","npc.json","data\source\maps_source\小物件\灯\xwj_路灯003a_hd.mesh","34346.25","1026.59375","43084.226562"
"55","JZ_xb楼兰哨台001_003.Mesh","npc.json","data\source\maps_source\建筑\jz_xb楼兰哨台001_003_hd.mesh","36167.441406","798.155273","5451.226562"
"56","XWJ_xb楼兰墓地001_005.Mesh","npc.json","data\source\maps_source\小物件\坟地物件\xwj_xb楼兰墓地001_005_hd.mesh","17732.703125","265.3833","22013.421875"
"57","WJ_HQM悬挂装饰001.Mesh","npc.json","data\source\maps_source\小物件\室内\wj_hqm悬挂装饰001_hd.mesh","30687.851562","1558.878906","44274.753906"
"58","JZ_xb楼兰三间房001_003.Mesh","npc.json","data\source\maps_source\建筑\jz_xb楼兰三间房001_003_hd.mesh","38321.332031","869.476562","18857.46875"
"59","PJ_玉门草棚001.Mesh","npc.json","data\source\maps_source\建筑配套\pj_玉门草棚001_hd.mesh","23979.152343","866.976562","36517.050781"
"60","WJ_书籍001_003.Mesh","npc.json","data\source\maps_source\小物件\室内\wj_书籍001_003_hd.mesh","34154.664062","1025.151367","38871.214843"
"61","XWJ_火盆002_001.Mesh","npc.json","data\source\maps_source\小物件\灯\xwj_火盆002_001_hd.mesh","27893.886718","722.352539","18558.992187"
"62","wj_卷毯001_001.Mesh","npc.json","data\source\maps_source\小物件\生活品\wj_卷毯001_001_hd.mesh","18587.390625","1313.222656","36155.359375"
"63","WJ_垫子001.Mesh","npc.json","data\source\maps_source\小物件\室内\wj_垫子001_hd.mesh","31442.085937","939.480468","43600.261718"
"64","WJ_erg酒坛002.Mesh","npc.json","data\source\maps_source\小物件\室内\wj_erg酒坛002_hd.mesh","30946.652343","1119.578125","44451.195312"
"65","Data\source\maps_source\建筑室内\JZ_xb玉门关建筑002_003商铺001.pvs","npc.json","data\source\maps_source\建筑室内\jz_xb玉门关建筑002_003sn_hd.mesh","34599.902343","911.039062","38551.78125"
"66","WJ_sn茅草房001_008.Mesh","npc.json","data\source\maps_source\小物件\室内\wj_sn茅草房001_008_hd.mesh","35907.261718","924.695312","38965.007812"
"67","WJ_货物包001_004.Mesh","npc.json","data\source\maps_source\小物件\生活品\wj_货物包001_004_hd.mesh","33557.125","632.667968","22182.15625"
"68","PJ_玉门布棚001.Mesh","npc.json","data\source\maps_source\建筑配套\pj_玉门布棚001_hd.mesh","31146.015625","640.814941","25689.117187"
"69","WJ_晾衣架004_003.Mesh","npc.json","data\source\maps_source\小物件\生活品\wj_晾衣架004_003_hd.mesh","37757.304687","884.966796","16223.085937"
"70","JZ_xb楼兰哨台001_002.Mesh","npc.json","data\source\maps_source\建筑\jz_xb楼兰哨台001_002_hd.mesh","27144.59375","825.617187","46723.007812"
"71","WJ_sn茅草房001_006.Mesh","npc.json","data\source\maps_source\小物件\室内\wj_sn茅草房001_006_hd.mesh","18314.945312","648.381347","13915.992187"
"72","JZ_xb楼兰哨台001_003.Mesh","npc.json","data\source\maps_source\建筑\jz_xb楼兰哨台001_003_hd.mesh","11122.6875","158.43457","21355.578125"
"73","JZ_xb楼兰哨台001_001.Mesh","npc.json","data\source\maps_source\建筑\jz_xb楼兰哨台001_001_hd.mesh","19685.078125","762.461914","5554.875"
"74","JZ_xb楼兰三间房001_002.Mesh","npc.json","data\source\maps_source\建筑\jz_xb楼兰三间房001_002_hd.mesh","16291.984375","778.979492","32476.34375"
"75","WJ_坛子002_001.Mesh","npc.json","data\source\maps_source\小物件\坛罐\wj_坛子002_001_hd.mesh","33523.203125","733.909179","24188.21875"
"76","WJ_erg柜子002.Mesh","npc.json","data\source\maps_source\小物件\室内\wj_erg柜子002_hd.mesh","20628.53125","922.146972","36055.414062"
"77","wj_圆木桶003.Mesh","npc.json","data\source\maps_source\小物件\木箱\wj_圆木桶003_hd.mesh","29226.140625","878.839843","31118.976562"
"78","JZ_xb玉门关建筑001_002.Mesh","npc.json","data\source\maps_source\建筑\jz_xb玉门关建筑001_002_hd.mesh","18479.023437","589.721679","16920.75"
"79","wj_木围墙007_003.Mesh","npc.json","data\source\maps_source\小物件\栏杆\wj_木围墙007_001_hd.mesh","45944.449218","1232.93164","36779.253906"
"80","XWJ_农家物件003_001.Mesh","npc.json","data\source\maps_source\小物件\生活品\xwj_农家物件003_001_hd.mesh","17655.695312","1035.157226","13235.5625"
"81","JZ_xb楼兰三间房001_002.Mesh","npc.json","data\source\maps_source\建筑\jz_xb楼兰三间房001_002_hd.mesh","25969.597656","800.427246","41912.039062"
"82","XWJ_农家物件003_001.Mesh","npc.json","data\source\maps_source\小物件\生活品\xwj_农家物件003_001_hd.mesh","37966.574218","1057.321777","18382.125"
"83","WJ_木梯_001.Mesh","npc.json","data\source\maps_source\小物件\生活品\wj_木梯_001_hd.mesh","18157.992187","644.510253","14453.226562"
"84","WJ_酒坛006_001.Mesh","npc.json","data\source\maps_source\小物件\坛罐\wj_酒坛006_001_hd.mesh","33268.292968","1013.394531","38618.5"
"85","XWJ_蔬菜架001.Mesh","npc.json","data\source\maps_source\小物件\生活品\xwj_蔬菜架001_hd.mesh","34094.667968","634.119628","24020.023437"
"86","JZ_xb玉门关建筑001_004.Mesh","npc.json","data\source\maps_source\建筑\jz_xb玉门关建筑001_004_hd.mesh","31131.140625","763.564453","16709.671875"
"87","XWJ_坛子003.Mesh","npc.json","data\source\maps_source\小物件\坛罐\xwj_坛子003_hd.mesh","34370.925781","683.719543","23708.714843"
"88","S_西北枯树001_002.Mesh","speedtree.json","Data\source\maps_source\树\S_西北枯树001_002.srt","12125.40625","585.611328","23074.828125"
"89","WJ_烹饪鱼架001_003.Mesh","npc.json","data\source\maps_source\小物件\生活品\wj_烹饪鱼架001_003_hd.mesh","33406.371093","632.673828","22207.9375"
"90","XWJ_破坛子001_001_HD","npc.json","data\source\maps_source\小物件\坛罐\xwj_破坛子001_001_hd.mesh","34408.726562","915.246582","34144.21875"
"91","wj_木围墙007_001.Mesh","npc.json","data\source\maps_source\小物件\栏杆\wj_木围墙007_003_hd.mesh","45396.757812","1137.644531","33652.441406"
"92","JZ_xb楼兰三间房001_003.Mesh","npc.json","data\source\maps_source\建筑\jz_xb楼兰三间房001_003_hd.mesh","22531.328125","687.885742","36629.609375"
"93","WJ_小木台001.Mesh","npc.json","data\source\maps_source\小物件\生活品\wj_小木台001_hd.mesh","34037.132812","901.461914","34107.199218"
"94","WJ_sn茅草房001_001.Mesh","npc.json","data\source\maps_source\小物件\室内\wj_sn茅草房001_001_hd.mesh","37199.515625","695.989257","16629.15625"
"95","XWJ_被子001.Mesh","npc.json","data\source\maps_source\小物件\室内\xwj_被子001_hd.mesh","33497.710937","994.5083","39583.011718"
"96","WJ_沙包009_01.Mesh","npc.json","data\source\maps_source\小物件\生活品\wj_沙包009_01_hd.mesh","15967.335937","825.643554","12674.6875"
"97","Data\source\maps_source\建筑室内\JZ_xb玉门关建筑001_003杂货店001.pvs","npc.json","data\source\maps_source\建筑室内\jz_xb玉门关建筑001_003sw_hd.mesh","19655.507812","912.185546","36191.484375"
"98","wj_圆木桶003.Mesh","npc.json","data\source\maps_source\小物件\木箱\wj_圆木桶003_hd.mesh","30801.097656","651.800781","26143.3125"
"99","XWJ_蓑衣001.Mesh","npc.json","data\source\maps_source\小物件\生活品\xwj_蓑衣001_hd.mesh","15292.046875","1027.060546","12622.28125"
"100","WJ_沙包009_01.Mesh","npc.json","data\source\maps_source\小物件\生活品\wj_沙包009_01_hd.mesh","32731.816406","950.09375","41391.75"
"101","XWJ_农家物件006_002.Mesh","npc.json","data\source\maps_source\小物件\生活品\xwj_农家物件006_002_hd.mesh","37697.257812","1147.18164","18356.5"
"102","XWJ_坛子002_002.Mesh","npc.json","data\source\maps_source\小物件\坛罐\xwj_坛子002_002_hd.mesh","35894.480468","924.072753","38797.773437"
"103","XWJ_火盆002_001.Mesh","npc.json","data\source\maps_source\小物件\灯\xwj_火盆002_001_hd.mesh","28383.613281","859.476562","37305.914062"
"104","WJ_木桌005_002.Mesh","npc.json","data\source\maps_source\小物件\桌凳\wj_木桌005_002_hd.mesh","33493.527343","627.243164","23356.96875"
"105","wj_货包包001_001.Mesh","npc.json","data\source\maps_source\小物件\生活品\wj_货包包001_001_hd.mesh","17889.757812","644.510253","12610.367187"
"106","JZ_xb楼兰三间房001_002.Mesh","npc.json","data\source\maps_source\建筑\jz_xb楼兰三间房001_002_hd.mesh","12844.148437","396.359375","16273.890625"
"107","JZ_xb楼兰哨台001_003.Mesh","npc.json","data\source\maps_source\建筑\jz_xb楼兰哨台001_003_hd.mesh","31642.367187","354.175781","21273.679687"
"108","wj_卷毯001_001.Mesh","npc.json","data\source\maps_source\小物件\生活品\wj_卷毯001_001_hd.mesh","20589.792968","1151.875","36064.722656"
"109","WJ_破木板002_001.Mesh","npc.json","data\source\maps_source\小物件\木箱\wj_破木板002_001_hd.mesh","24232.421875","621.978515","13701.085937"
"110","WJ_物什箱014.Mesh","npc.json","data\source\maps_source\小物件\木箱\wj_物什箱014_hd.mesh","19817.152343","1013.826171","35693.613281"
"111","JZ_xb玉门关建筑001_001.Mesh","npc.json","data\source\maps_source\建筑\jz_xb玉门关建筑001_001_hd.mesh","11569.164062","662.979003","13728.023437"
"112","XWJ_ca柜子003_003.Mesh","npc.json","data\source\maps_source\小物件\室内\xwj_ca柜子003_003_hd.mesh","18468.195312","644.021484","14545.3125"
"113","XWJ_竹筐008_001.Mesh","npc.json","data\source\maps_source\小物件\生活品\xwj_竹筐008_001_hd.mesh","18426.320312","644.510253","11943.695312"
"114","JZ_xb玉门关建筑001_004.Mesh","npc.json","data\source\maps_source\建筑\jz_xb玉门关建筑001_004_hd.mesh","31567.289062","595.416503","29754.4375"
"115","WJ_货伞_002.Mesh","npc.json","data\source\maps_source\小物件\生活品\wj_货伞_002_hd.mesh","25876.867187","951.250976","37232.347656"
"116","XWJ_坛子002_002.Mesh","npc.json","data\source\maps_source\小物件\坛罐\xwj_坛子002_002_hd.mesh","31862.585937","939.457031","41770.695312"
"117","JZ_xb楼兰哨台001_006.Mesh","npc.json","data\source\maps_source\建筑\jz_xb楼兰哨台001_006_hd.mesh","21817.375","1717.266601","51159.195312"
"118","jz_xb玉门关建筑002_001.mesh","npc.json","data\source\maps_source\建筑\jz_xb玉门关建筑002_001_hd.mesh","41732.78125","864.106445","38463.765625"
"119","WJ_南北杂货001.Mesh","npc.json","data\source\maps_source\小物件\招牌\wj_南北杂货001_hd.mesh","33628.683593","1179.271484","38840.984375"
"120","WJ_sn茅草房001_007.Mesh","npc.json","data\source\maps_source\小物件\室内\wj_sn茅草房001_007_hd.mesh","15945.859375","724.818359","13595.726562"
"121","S_xb多枝枯树003_004.Mesh","speedtree.json","Data\source\maps_source\树\S_xb多枝枯树003_004.srt","18475.140625","584.307617","18629.554687"
"122","JZ_xb楼兰三间房001_003.Mesh","npc.json","data\source\maps_source\建筑\jz_xb楼兰三间房001_003_hd.mesh","34025.390625","568.027343","30914.71875"
"123","WJ_sn茅草房001_006.Mesh","npc.json","data\source\maps_source\小物件\室内\wj_sn茅草房001_006_hd.mesh","31203.460937","939.464843","44342.222656"
"124","WJ_酒坛007_001.Mesh","npc.json","data\source\maps_source\小物件\坛罐\wj_酒坛007_001_hd.mesh","31256.535156","1035.167968","44633.246093"
"125","XWJ_农家物件003_002.Mesh","npc.json","data\source\maps_source\小物件\生活品\xwj_农家物件003_002_hd.mesh","34436.421875","1009.813476","23502.75"
"126","WJ_erg坐垫001.Mesh","npc.json","data\source\maps_source\小物件\室内\wj_erg坐垫001_hd.mesh","18304.109375","644.506347","12669.257812"
"127","CQ_玉门关城墙001_008.Mesh","npc.json","data\source\maps_source\城墙\cq_玉门关城墙001_008_hd.mesh","25188.914062","19.595703","21127.734375"
"128","WJ_HQM悬挂布001.Mesh","npc.json","data\source\maps_source\小物件\室内\wj_hqm悬挂布001_hd.mesh","30904.347656","1209.028808","43331.789062"
"129","WJ_书001_001.Mesh","npc.json","data\source\maps_source\小物件\室内\wj_书001_001_hd.mesh","33346.265625","1013.375","38491.738281"
"130","CQ_玉门关城墙001_008.Mesh","npc.json","data\source\maps_source\城墙\cq_玉门关城墙001_008_hd.mesh","40645.417968","632.672851","39315.539062"
"131","wj_圆木桶003.Mesh","npc.json","data\source\maps_source\小物件\木箱\wj_圆木桶003_hd.mesh","29768.5","941.627441","39969.421875"
"132","wj_通用坛罐001_004_HD","npc.json","data\source\maps_source\小物件\坛罐\wj_通用坛罐001_004_hd.mesh","37758.550781","940.982421","37248.566406"
"133","WJ_物什箱014.Mesh","npc.json","data\source\maps_source\小物件\木箱\wj_物什箱014_hd.mesh","33563.265625","1056.285156","39570.417968"
"134","WJ_木堆001.Mesh","npc.json","data\source\maps_source\小物件\生活品\wj_木堆001_hd.mesh","19776.871093","832.880371","31163.445312"
"135","Data\source\maps_source\建筑室内\JZ_xb玉门关建筑002_003旅馆001.pvs","npc.json","data\source\maps_source\建筑室内\jz_xb玉门关建筑002_003sw_hd.mesh","18673.695312","630.850097","13248.171875"
"136","JZ_xb玉门关建筑002_003.Mesh","npc.json","data\source\maps_source\建筑\jz_xb玉门关建筑002_003_hd.mesh","29099.386718","583.568359","17194.195312"
"137","XWJ_ca柜子003_003.Mesh","npc.json","data\source\maps_source\小物件\室内\xwj_ca柜子003_003_hd.mesh","18758.390625","644.021484","12210.390625"
"138","XWJ_xb楼兰墓地001_005.Mesh","npc.json","data\source\maps_source\小物件\坟地物件\xwj_xb楼兰墓地001_005_hd.mesh","14409.53125","326.630859","25359.234375"
"139","JZ_xb楼兰三间房001_003.Mesh","npc.json","data\source\maps_source\建筑\jz_xb楼兰三间房001_003_hd.mesh","33266.847656","646.612792","31786.921875"
"140","CQ_玉门关城墙001_003.Mesh","npc.json","data\source\maps_source\城墙\cq_玉门关城墙001_003_hd.mesh","43086.25","20.641601","38384.457031"
"141","wj_通用坛罐001_004_HD","npc.json","data\source\maps_source\小物件\坛罐\wj_通用坛罐001_004_hd.mesh","33884.835937","910.983398","37412.46875"
"142","WJ_erg书001.Mesh","npc.json","data\source\maps_source\小物件\室内\wj_erg书001_hd.mesh","31403.023437","1035.167968","44333.710937"
"143","WJ_木车002.Mesh","npc.json","data\source\maps_source\小物件\车\wj_木车002_hd.mesh","26737.882812","867.30371","37255.925781"
"144","WJ_erg箱子001.Mesh","npc.json","data\source\maps_source\小物件\室内\wj_erg箱子001_hd.mesh","17697.671875","644.51416","12819.4375"
"145","WJ_坛子001_001.Mesh","npc.json","data\source\maps_source\小物件\坛罐\wj_坛子001_001_hd.mesh","18783.570312","644.510253","12490.5625"
"146","JZ_xb楼兰三间房001_003.Mesh","npc.json","data\source\maps_source\建筑\jz_xb楼兰三间房001_003_hd.mesh","37878.945312","1083.734375","40815.546875"
"147","JZ_xb楼兰三间房001_002.Mesh","npc.json","data\source\maps_source\建筑\jz_xb楼兰三间房001_002_hd.mesh","26170.570312","446.026367","17296.53125"
"148","XWJ_人俑灯001.Mesh","npc.json","data\source\maps_source\小物件\室内\xwj_人俑灯001_hd.mesh","34409.546875","924.699218","39191.765625"
"149","WJ_物什箱013.Mesh","npc.json","data\source\maps_source\小物件\木箱\wj_物什箱013_hd.mesh","33482.015625","1056.28125","39580.375"
"150","JZ_xb楼兰三间房001_002.Mesh","npc.json","data\source\maps_source\建筑\jz_xb楼兰三间房001_002_hd.mesh","21518.335937","611.80957","36543.699218"
"151","WJ_桌子002_002.Mesh","npc.json","data\source\maps_source\小物件\室内\wj_桌子002_002_hd.mesh","19678.625","920.660156","36772.34375"
"152","WJ_木箱001.Mesh","npc.json","data\source\maps_source\小物件\室内\wj_木箱001_hd.mesh","19941.5625","1022.746093","36772.40625"
"153","WJ_小瓶子001.Mesh","npc.json","data\source\maps_source\小物件\室内\wj_小瓶子001_hd.mesh","34141.414062","1013.99121","38516.066406"
"154","XWJ_cj木梯001.Mesh","npc.json","data\source\maps_source\小物件\工地物件\xwj_cj木梯001_hd.mesh","26166.433593","1303.5","37806.75"
"155","JZ_xb楼兰哨台001_003.Mesh","npc.json","data\source\maps_source\建筑\jz_xb楼兰哨台001_003_hd.mesh","19989.183593","515.879882","9630.921875"
"156","WJ_玉米架001.Mesh","npc.json","data\source\maps_source\小物件\生活品\wj_玉米架001_hd.mesh","15015.46875","726.436523","13700.9375"
"157","wj_小药瓶_002.Mesh","npc.json","data\source\maps_source\小物件\生活品\wj_小药瓶_002_hd.mesh","18816.546875","877.640625","12715.75"
"158","XWJ_农家物件010.Mesh","npc.json","data\source\maps_source\小物件\生活品\xwj_农家物件010_hd.mesh","31569.082031","1252.849609","41736.601562"
"159","XWJ_火盆002_001.Mesh","npc.json","data\source\maps_source\小物件\灯\xwj_火盆002_001_hd.mesh","18043.929687","629.520507","17832.820312"
"160","CQ_玉门关城墙001_003.Mesh","npc.json","data\source\maps_source\城墙\cq_玉门关城墙001_003_hd.mesh","43086.25","30.867675","31376.625"
"161","WJ_药煲_001.Mesh","npc.json","data\source\maps_source\小物件\生活品\wj_药煲_001_hd.mesh","18052.984375","644.490722","13069.296875"
"162","WJ_中级挂饰003_003.Mesh","npc.json","data\source\maps_source\小物件\室内\wj_中级挂饰003_003_hd.mesh","33854.878906","1030.981445","39535.84375"
"163","ST_xb龙门荒漠石001_012.Mesh","npc.json","data\source\maps_source\石头\st_xb龙门荒漠石001_012_hd.mesh","50457.957031","1698.841308","10128.671875"
"164","WJ_erg字画002.Mesh","npc.json","data\source\maps_source\小物件\室内\wj_erg字画002_hd.mesh","31712.683593","1138.583984","44946.105468"
"165","WJ_簸箕_001.Mesh","npc.json","data\source\maps_source\小物件\生活品\wj_簸箕_001_hd.mesh","33746.78125","739.392578","24163.632812"
"166","XWJ_ca柜子001_003.Mesh","npc.json","data\source\maps_source\小物件\室内\xwj_ca柜子001_003_hd.mesh","17645.421875","645.101562","14306.640625"
"167","XWJ_农家物件004_002.Mesh","npc.json","data\source\maps_source\小物件\生活品\xwj_农家物件004_002_hd.mesh","33676.316406","1195.507812","39263.1875"
"168","wj_木围墙007_003.Mesh","npc.json","data\source\maps_source\小物件\栏杆\wj_木围墙007_003_hd.mesh","45702.332031","1207.553222","37596.023437"
"169","WJ_sn茅草房001_006.Mesh","npc.json","data\source\maps_source\小物件\室内\wj_sn茅草房001_006_hd.mesh","18498.890625","648.35791","13927.671875"
"170","Data\source\maps_source\建筑室内\JZ_xb玉门关建筑001_003民居001.pvs","npc.json","data\source\maps_source\建筑室内\jz_xb玉门关建筑001_003sw_hd.mesh","37718.847656","686.250976","17312.054687"
"171","WJ_坛子002_004.Mesh","npc.json","data\source\maps_source\小物件\坛罐\wj_坛子002_004_hd.mesh","30997.613281","939.46875","42150.257812"
"172","WJ_木箱004_002.Mesh","npc.json","data\source\maps_source\小物件\木箱\wj_木箱004_002_hd.mesh","29633.257812","1027.368164","31962.75"
"173","WJ_erg柜子003.Mesh","npc.json","data\source\maps_source\小物件\室内\wj_erg柜子003_hd.mesh","19625.386718","922.61914","35685.984375"
"174","XWJ_农家物件004_002.Mesh","npc.json","data\source\maps_source\小物件\生活品\xwj_农家物件004_002_hd.mesh","38355.691406","976.312011","17502.078125"
"175","wj_木箱004_002_HD","npc.json","data\source\maps_source\小物件\木箱\wj_木箱004_002_hd.mesh","32275.664062","875.49414","34817.269531"
"176","WJ_木箱001.Mesh","npc.json","data\source\maps_source\小物件\室内\wj_木箱001_hd.mesh","18970.90625","1085.949218","36762.886718"
"177","WJ_酒坛006_001.Mesh","npc.json","data\source\maps_source\小物件\坛罐\wj_酒坛006_001_hd.mesh","33272.054687","1013.394531","38744.265625"
"178","wj_圆木桶003.Mesh","npc.json","data\source\maps_source\小物件\木箱\wj_圆木桶003_hd.mesh","19785.136718","614.544921","25590.546875"
"179","WJ_沙包009_01.Mesh","npc.json","data\source\maps_source\小物件\生活品\wj_沙包009_01_hd.mesh","42473.855468","978.783203","37406.015625"
"180","XWJ_路灯003A_HD","npc.json","data\source\maps_source\小物件\灯\xwj_路灯003a_hd.mesh","38399.433593","928.74707","38304.542968"
"181","JZ_xb楼兰三间房001_003.Mesh","npc.json","data\source\maps_source\建筑\jz_xb楼兰三间房001_003_hd.mesh","18145.1875","578.083984","31120.359375"
"182","WJ_书001_002.Mesh","npc.json","data\source\maps_source\小物件\室内\wj_书001_002_hd.mesh","19655.113281","1029.276367","36762.097656"
"183","wj_圆木桶堆001.Mesh","npc.json","data\source\maps_source\小物件\木箱\wj_圆木桶堆001_hd.mesh","30028.582031","862.547851","30721.789062"
"184","WJ_物什箱014_002.Mesh","npc.json","data\source\maps_source\小物件\木箱\wj_物什箱014_002_hd.mesh","33526.960937","1013.386718","38479.050781"
"185","ST_xb龙门荒漠石001_012.Mesh","npc.json","data\source\maps_source\石头\st_xb龙门荒漠石001_012_hd.mesh","45035.089843","7312.86621","9392.710937"
"186","XWJ_竹筐011_001.Mesh","npc.json","data\source\maps_source\小物件\生活品\xwj_竹筐011_001_hd.mesh","33917.820312","924.699218","38544.59375"
"187","WJ_木头架子_017_001.Mesh","npc.json","data\source\maps_source\小物件\生活品\wj_木头架子_017_001_hd.mesh","18816.445312","858.108398","12758.328125"
"188","XWJ_火盆002_001.Mesh","npc.json","data\source\maps_source\小物件\灯\xwj_火盆002_001_hd.mesh","30198.082031","879.132812","37553.914062"
"189","WJ_物什箱014.Mesh","npc.json","data\source\maps_source\小物件\木箱\wj_物什箱014_hd.mesh","20584.1875","1085.671875","36633.914062"
"190","wj_龙门大缸001_HD","npc.json","data\source\maps_source\小物件\坛罐\wj_龙门大缸001_hd.mesh","43237.703125","1018.213867","37486.070312"
"191","XWJ_被子001.Mesh","npc.json","data\source\maps_source\小物件\室内\xwj_被子001_hd.mesh","33589.839843","994.5083","39580.253906"
"192","WJ_沙包009_01.Mesh","npc.json","data\source\maps_source\小物件\生活品\wj_沙包009_01_hd.mesh","15819.375","827.299804","12661.65625"
"193","WJ_桌子002_001.Mesh","npc.json","data\source\maps_source\小物件\室内\wj_桌子002_001_hd.mesh","19678.117187","924.240234","36266.964843"
"194","XWJ_破坛子001_001_HD","npc.json","data\source\maps_source\小物件\坛罐\xwj_破坛子001_001_hd.mesh","35459.492187","937.164062","37546.484375"
"195","Data\source\maps_source\建筑室内\JZ_xb玉门关建筑002_005酒店001.pvs","npc.json","data\source\maps_source\建筑室内\jz_xb玉门关建筑002_005sw_hd.mesh","31193.761718","927.261718","43864.148437"
"196","WJ_龙门大缸001.Mesh","npc.json","data\source\maps_source\小物件\坛罐\wj_龙门大缸001_hd.mesh","35567.179687","924.679687","38454.097656"
"197","WJ_erg坐垫001.Mesh","npc.json","data\source\maps_source\小物件\室内\wj_erg坐垫001_hd.mesh","37991.3125","695.993164","16996.960937"
"198","JZ_xb楼兰哨台001_003.Mesh","npc.json","data\source\maps_source\建筑\jz_xb楼兰哨台001_003_hd.mesh","16929.375","798.155273","5451.226562"
"199","XWJ_坛子002_001.Mesh","npc.json","data\source\maps_source\小物件\坛罐\xwj_坛子002_001_hd.mesh","30988.578125","940.449218","43176.027343"
"200","WJ_坛子001_001.Mesh","npc.json","data\source\maps_source\小物件\坛罐\wj_坛子001_001_hd.mesh","33492.09375","924.710937","38595.15625"
"201","wj_卷毯001_001.Mesh","npc.json","data\source\maps_source\小物件\生活品\wj_卷毯001_001_hd.mesh","20608.796875","1107.724609","36149.460937"
"202","WJ_龙门木箱001.Mesh","npc.json","data\source\maps_source\小物件\木箱\wj_龙门木箱001_hd.mesh","19630.386718","612.788085","11760.484375"
"203","wj_通用坛罐001_001_HD","npc.json","data\source\maps_source\小物件\坛罐\wj_通用坛罐001_001_hd.mesh","36228.273437","939.990234","37471.257812"
"204","WJ_书籍001_003.Mesh","npc.json","data\source\maps_source\小物件\室内\wj_书籍001_003_hd.mesh","34159.191406","1013.410156","38884.488281"
"205","WJ_书001_002.Mesh","npc.json","data\source\maps_source\小物件\室内\wj_书001_002_hd.mesh","19520.394531","1022.1875","36757.660156"
"206","WJ_sn茅草房001_001.Mesh","npc.json","data\source\maps_source\小物件\室内\wj_sn茅草房001_001_hd.mesh","30945.578125","939.460937","44520.445312"
"207","XWJ_xb楼兰墓地001_004.Mesh","npc.json","data\source\maps_source\小物件\坟地物件\xwj_xb楼兰墓地001_004_hd.mesh","26140.8125","871.03125","38724.945312"
"208","wj_货包包001_001.Mesh","npc.json","data\source\maps_source\小物件\生活品\wj_货包包001_001_hd.mesh","35372.351562","924.695312","38448.554687"
"209","WJ_破木板002_001_HD","npc.json","data\source\maps_source\小物件\木箱\wj_破木板002_001_hd.mesh","34413.03125","915.375","34197.703125"
"210","WJ_物什箱014_001.Mesh","npc.json","data\source\maps_source\小物件\木箱\wj_物什箱014_001_hd.mesh","33682.214843","1252.298828","39555.351562"
"211","JZ_xb楼兰三间房001_003.Mesh","npc.json","data\source\maps_source\建筑\jz_xb楼兰三间房001_003_hd.mesh","39864.308593","730.894531","31011.164062"
"212","wj_货包包001_001.Mesh","npc.json","data\source\maps_source\小物件\生活品\wj_货包包001_001_hd.mesh","35327.515625","924.703125","39461.761718"
"213","WJ_酒坛006_001.Mesh","npc.json","data\source\maps_source\小物件\坛罐\wj_酒坛006_001_hd.mesh","30691.375","1367.308593","43519.902343"
"214","XWJ_火盆002_001.Mesh","npc.json","data\source\maps_source\小物件\灯\xwj_火盆002_001_hd.mesh","24211.382812","600.548828","13861.328125"
"215","WJ_erg笔筒001.Mesh","npc.json","data\source\maps_source\小物件\室内\wj_erg笔筒001_hd.mesh","18546.882812","746.334472","13580.351562"
"216","WJ_HQM悬挂装饰001.Mesh","npc.json","data\source\maps_source\小物件\室内\wj_hqm悬挂装饰001_hd.mesh","30687.851562","1558.878906","42985.121093"
"217","WJ_坛子001_001.Mesh","npc.json","data\source\maps_source\小物件\坛罐\wj_坛子001_001_hd.mesh","34473.007812","1029.794921","44154.011718"
"218","JZ_xb玉门关建筑001_004.Mesh","npc.json","data\source\maps_source\建筑\jz_xb玉门关建筑001_004_hd.mesh","32082.96875","888.365234","38523.496093"
"219","JZ_xb玉门关建筑001_004.Mesh","npc.json","data\source\maps_source\建筑\jz_xb玉门关建筑001_004_hd.mesh","25749.84375","947.848632","39889.714843"
"220","JZ_xb玉门关建筑001_004.Mesh","npc.json","data\source\maps_source\建筑\jz_xb玉门关建筑001_004_hd.mesh","31106.09375","836.298828","33325.128906"
"221","WJ_破木板002_001_HD","npc.json","data\source\maps_source\小物件\木箱\wj_破木板002_001_hd.mesh","32385.242187","873.407226","34934.957031"
"222","WJ_沙包009_01.Mesh","npc.json","data\source\maps_source\小物件\生活品\wj_沙包009_01_hd.mesh","33893.097656","924.695312","38462.886718"
"223","WJ_木箱004_002.Mesh","npc.json","data\source\maps_source\小物件\木箱\wj_木箱004_002_hd.mesh","19459.246093","631.460937","28183.085937"
"224","JZ_xb楼兰三间房001_003.Mesh","npc.json","data\source\maps_source\建筑\jz_xb楼兰三间房001_003_hd.mesh","25215.4375","891.951171","42590.160156"
"225","WJ_erg书灯001.Mesh","npc.json","data\source\maps_source\小物件\室内\wj_erg书灯001_hd.mesh","31678.914062","1604.0","42944.875"
"226","wj_竹帘棚001.mesh","npc.json","data\source\maps_source\城市\杨洲\wj_竹帘棚001_hd.mesh","34065.039062","905.813476","34116.160156"
"227","JZ_xb楼兰三间房001_002.Mesh","npc.json","data\source\maps_source\建筑\jz_xb楼兰三间房001_002_hd.mesh","19433.5","551.506835","30009.84375"
"228","WJ_沙包009_01.Mesh","npc.json","data\source\maps_source\小物件\生活品\wj_沙包009_01_hd.mesh","33433.152343","883.586914","37605.960937"
"229","JZ_xb楼兰三间房001_002.Mesh","npc.json","data\source\maps_source\建筑\jz_xb楼兰三间房001_002_hd.mesh","16474.726562","350.454101","19494.71875"
"230","XWJ_xb楼兰墓地001_001.Mesh","npc.json","data\source\maps_source\小物件\坟地物件\xwj_xb楼兰墓地001_001_hd.mesh","14801.765625","358.689941","25519.859375"
"231","WJ_破车001_002.Mesh","npc.json","data\source\maps_source\小物件\车\wj_破车001_002_hd.mesh","19504.570312","544.817382","25089.859375"
"232","JZ_xb楼兰哨台001_004.Mesh","npc.json","data\source\maps_source\建筑\jz_xb楼兰哨台001_004_hd.mesh","44338.464843","997.632812","37100.375"
"233","WJ_破木板002_002_HD","npc.json","data\source\maps_source\小物件\木箱\wj_破木板002_002_hd.mesh","32673.957031","878.225585","34727.523437"
"234","WJ_erg柜子003.Mesh","npc.json","data\source\maps_source\小物件\室内\wj_erg柜子003_hd.mesh","33305.738281","923.388671","38821.824218"
"235","WJ_龙门木箱001.Mesh","npc.json","data\source\maps_source\小物件\木箱\wj_龙门木箱001_hd.mesh","26449.796875","820.342773","38044.867187"
"236","WJ_龙门荒漠路标001.Mesh","npc.json","data\source\maps_source\小物件\路标\wj_龙门荒漠路标001_hd.mesh","20827.472656","899.194824","33885.113281"
"237","JZ_xb楼兰哨台001_003.Mesh","npc.json","data\source\maps_source\建筑\jz_xb楼兰哨台001_003_hd.mesh","36405.703125","800.115234","5691.234375"
"238","WJ_物什箱014_001.Mesh","npc.json","data\source\maps_source\小物件\木箱\wj_物什箱014_001_hd.mesh","33308.351562","1013.386718","38875.203125"
"239","Data\source\maps_source\建筑室内\JZ_xb玉门关建筑001_003民居002.pvs","npc.json","data\source\maps_source\建筑室内\jz_xb玉门关建筑001_003sw_hd.mesh","15565.546875","716.698242","13747.796875"
"240","WJ_书001_002.Mesh","npc.json","data\source\maps_source\小物件\室内\wj_书001_002_hd.mesh","38026.582031","737.399414","17099.554687"
"241","XWJ_xb楼兰墓地001_004.Mesh","npc.json","data\source\maps_source\小物件\坟地物件\xwj_xb楼兰墓地001_004_hd.mesh","15607.515625","392.856933","25501.734375"
"242","XWJ_火盆002_001.Mesh","npc.json","data\source\maps_source\小物件\灯\xwj_火盆002_001_hd.mesh","23817.117187","611.669433","19008.132812"
"243","wj_小药瓶_002.Mesh","npc.json","data\source\maps_source\小物件\生活品\wj_小药瓶_002_hd.mesh","18678.453125","746.328613","13716.046875"
"244","JZ_xb玉门关建筑001_004.Mesh","npc.json","data\source\maps_source\建筑\jz_xb玉门关建筑001_004_hd.mesh","37092.128906","942.425292","38631.066406"
"245","WJ_木头架子_017_001.Mesh","npc.json","data\source\maps_source\小物件\生活品\wj_木头架子_017_001_hd.mesh","18816.445312","858.108398","12362.164062"
"246","WJ_坛子002_004.Mesh","npc.json","data\source\maps_source\小物件\坛罐\wj_坛子002_004_hd.mesh","31875.9375","939.472656","43077.84375"
"247","WJ_木箱001.Mesh","npc.json","data\source\maps_source\小物件\木箱\wj_木箱001_hd.mesh","25836.351562","950.333007","37217.507812"
"248","WJ_蚕板_001_001.Mesh","npc.json","data\source\maps_source\小物件\生活品\wj_蚕板_001_001_hd.mesh","33955.132812","738.046875","24194.296875"
"249","XWJ_火盆002_001.Mesh","npc.json","data\source\maps_source\小物件\灯\xwj_火盆002_001_hd.mesh","37990.925781","912.210937","37775.007812"
"250","WJ_餐具001.Mesh","npc.json","data\source\maps_source\小物件\室内\wj_餐具001_hd.mesh","31407.863281","1035.167968","44537.480468"
"251","wj_圆木桶003.Mesh","npc.json","data\source\maps_source\小物件\木箱\wj_圆木桶003_hd.mesh","29862.15625","875.262695","30199.039062"
"252","XWJ_ca柜子003_002.Mesh","npc.json","data\source\maps_source\小物件\室内\xwj_ca柜子003_002_hd.mesh","18427.28125","650.644042","13682.34375"
"253","JZ_xb楼兰哨台001_004.Mesh","npc.json","data\source\maps_source\建筑\jz_xb楼兰哨台001_004_hd.mesh","19233.164062","1626.765625","41219.683593"
"254","WJ_中级挂饰004_002.Mesh","npc.json","data\source\maps_source\小物件\室内\wj_中级挂饰004_002_hd.mesh","33255.65625","1109.378906","38780.375"
"255","WJ_餐具001_001.Mesh","npc.json","data\source\maps_source\小物件\室内\wj_餐具001_001_hd.mesh","33502.546875","702.873046","23374.84375"
"256","XWJ_初级床001.Mesh","npc.json","data\source\maps_source\小物件\室内\xwj_初级床001_hd.mesh","38173.453125","695.981445","16584.085937"
"257","WJ_垫子001.Mesh","npc.json","data\source\maps_source\小物件\室内\wj_垫子001_hd.mesh","31451.34375","939.449218","43901.542968"
"258","JZ_xb楼兰哨台001_003.Mesh","npc.json","data\source\maps_source\建筑\jz_xb楼兰哨台001_003_hd.mesh","26211.03125","626.235351","9476.65625"
"259","XWJ_农家物件004_002.Mesh","npc.json","data\source\maps_source\小物件\生活品\xwj_农家物件004_002_hd.mesh","31116.0625","1110.929687","44690.503906"
"260","WJ_erg书001.Mesh","npc.json","data\source\maps_source\小物件\室内\wj_erg书001_hd.mesh","19660.085937","1012.265625","35675.316406"
"261","WJ_木桌005_002.Mesh","npc.json","data\source\maps_source\小物件\桌凳\wj_木桌005_002_hd.mesh","34032.578125","1033.560058","42533.398437"
"262","CQ_玉门关城墙001_008.Mesh","npc.json","data\source\maps_source\城墙\cq_玉门关城墙001_008_hd.mesh","18350.804687","-46.80371","21343.734375"
"263","WJ_erg柜子003.Mesh","npc.json","data\source\maps_source\小物件\室内\wj_erg柜子003_hd.mesh","20704.609375","1328.28955","36304.878906"
"264","XWJ_破坛子001_001_HD","npc.json","data\source\maps_source\小物件\坛罐\xwj_破坛子001_001_hd.mesh","34174.949218","915.768554","37603.546875"
"265","XWJ_xb楼兰墓地001_005.Mesh","npc.json","data\source\maps_source\小物件\坟地物件\xwj_xb楼兰墓地001_005_hd.mesh","19382.796875","764.976562","32368.984375"
"266","WJ_龙门大缸001.Mesh","npc.json","data\source\maps_source\小物件\坛罐\wj_龙门大缸001_hd.mesh","16633.9375","593.944335","18153.265625"
"267","WJ_摇钱树001.Mesh","npc.json","data\source\maps_source\小物件\室内\wj_摇钱树001_hd.mesh","34260.3125","924.695312","38469.898437"
"268","WJ_龙门木箱001.Mesh","npc.json","data\source\maps_source\小物件\木箱\wj_龙门木箱001_hd.mesh","34069.429687","696.735351","18607.976562"
"269","WJ_破车001_001.Mesh","npc.json","data\source\maps_source\小物件\车\wj_破车001_001_hd.mesh","29602.632812","853.508789","32008.414062"
"270","WJ_木箱004_002.Mesh","npc.json","data\source\maps_source\小物件\木箱\wj_木箱004_002_hd.mesh","10268.15625","1877.543945","30455.078125"
"271","XWJ_农家物件008.Mesh","npc.json","data\source\maps_source\小物件\生活品\xwj_农家物件008_hd.mesh","42366.972656","973.223632","37495.882812"
"272","CQ_玉门关城墙001_003.Mesh","npc.json","data\source\maps_source\城墙\cq_玉门关城墙001_003_hd.mesh","40527.726562","39.811523","22653.298828"
"273","JZ_xb楼兰哨台001_003.Mesh","npc.json","data\source\maps_source\建筑\jz_xb楼兰哨台001_003_hd.mesh","7079.96875","586.475097","10904.765625"
"274","WJ_sn茅草房001_011.Mesh","npc.json","data\source\maps_source\小物件\室内\wj_sn茅草房001_011_hd.mesh","15535.109375","726.440429","14797.859375"
"275","JZ_xb楼兰哨台001_005.Mesh","npc.json","data\source\maps_source\建筑\jz_xb楼兰哨台001_005_hd.mesh","8807.890625","916.621582","6164.617187"
"276","CQ_玉门关城墙001_003.Mesh","npc.json","data\source\maps_source\城墙\cq_玉门关城墙001_003_hd.mesh","21187.65625","-541.189941","45141.332031"
"277","wj_圆木桶003.Mesh","npc.json","data\source\maps_source\小物件\木箱\wj_圆木桶003_hd.mesh","20243.78125","766.586425","29901.8125"
"278","WJ_erg筷子001.Mesh","npc.json","data\source\maps_source\小物件\室内\wj_erg筷子001_hd.mesh","31377.023437","989.722656","42818.882812"
"279","WJ_龙门木箱001.Mesh","npc.json","data\source\maps_source\小物件\木箱\wj_龙门木箱001_hd.mesh","35616.730468","924.703125","39406.628906"
"280","JZ_xb楼兰哨台001_007.Mesh","npc.json","data\source\maps_source\建筑\jz_xb楼兰哨台001_007_hd.mesh","10284.59375","821.855712","12701.375"
"281","JZ_xb楼兰三间房001_002.Mesh","npc.json","data\source\maps_source\建筑\jz_xb楼兰三间房001_002_hd.mesh","15053.085937","186.02832","25050.210937"
"282","WJ_沙包009_01.Mesh","npc.json","data\source\maps_source\小物件\生活品\wj_沙包009_01_hd.mesh","33285.332031","944.208984","37346.28125"
"283","WJ_木箱001.Mesh","npc.json","data\source\maps_source\小物件\室内\wj_木箱001_hd.mesh","18946.285156","1006.790527","36754.597656"
"284","WJ_烹饪灶台001_001.Mesh","npc.json","data\source\maps_source\小物件\生活品\wj_烹饪灶台001_001_hd.mesh","33935.519531","639.667968","22043.390625"
"285","JZ_xb楼兰哨台001_004.Mesh","npc.json","data\source\maps_source\建筑\jz_xb楼兰哨台001_004_hd.mesh","29933.785156","885.074218","46875.820312"
"286","JZ_xb楼兰哨台001_003.Mesh","npc.json","data\source\maps_source\建筑\jz_xb楼兰哨台001_003_hd.mesh","6162.96875","1668.521972","2736.390625"
"287","WJ_木头架子_017_001.Mesh","npc.json","data\source\maps_source\小物件\生活品\wj_木头架子_017_001_hd.mesh","17649.484375","1379.377929","14416.625"
"288","S_xb多枝枯树003_001.Mesh","speedtree.json","Data\source\maps_source\树\S_xb多枝枯树003_001.srt","30781.0","853.120117","37832.195312"
"289","WJ_破木板002_001_HD","npc.json","data\source\maps_source\小物件\木箱\wj_破木板002_001_hd.mesh","34644.53125","919.708007","34661.15625"
"290","XWJ_xb楼兰墓地001_004.Mesh","npc.json","data\source\maps_source\小物件\坟地物件\xwj_xb楼兰墓地001_004_hd.mesh","16229.109375","414.148437","20388.5625"
"291","WJ_药煲_001.Mesh","npc.json","data\source\maps_source\小物件\生活品\wj_药煲_001_hd.mesh","33809.136718","890.323242","34193.253906"
"292","JZ_xb楼兰三间房001_002.Mesh","npc.json","data\source\maps_source\建筑\jz_xb楼兰三间房001_002_hd.mesh","25287.648437","582.344726","23630.171875"
"293","WJ_小木台001.Mesh","npc.json","data\source\maps_source\小物件\生活品\wj_小木台001_hd.mesh","16049.671875","726.440429","13346.0625"
"294","WJ_木头架子_017_001.Mesh","npc.json","data\source\maps_source\小物件\生活品\wj_木头架子_017_001_hd.mesh","18816.445312","858.108398","13737.671875"
"295","XWJ_火盆002_001.Mesh","npc.json","data\source\maps_source\小物件\灯\xwj_火盆002_001_hd.mesh","37990.925781","925.825683","37775.0"
"296","wj_货包包001_001.Mesh","npc.json","data\source\maps_source\小物件\生活品\wj_货包包001_001_hd.mesh","30148.242187","851.706542","34646.574218"
"297","WJ_木箱001.Mesh","npc.json","data\source\maps_source\小物件\室内\wj_木箱001_hd.mesh","20593.898437","1150.547851","36621.316406"
"298","WJ_sn茅草房001_012.Mesh","npc.json","data\source\maps_source\小物件\室内\wj_sn茅草房001_012_hd.mesh","15859.09375","726.436523","14677.476562"
"299","WJ_erg酒坛001.Mesh","npc.json","data\source\maps_source\小物件\室内\wj_erg酒坛001_hd.mesh","30935.898437","1119.58789","44377.0"
"300","JZ_xb楼兰三间房001_002.Mesh","npc.json","data\source\maps_source\建筑\jz_xb楼兰三间房001_002_hd.mesh","11771.890625","423.637207","15608.578125"
"301","XWJ_路灯003A_HD","npc.json","data\source\maps_source\小物件\灯\xwj_路灯003a_hd.mesh","32558.351562","964.336914","44784.609375"
"302","JZ_xb楼兰三间房001_003.Mesh","npc.json","data\source\maps_source\建筑\jz_xb楼兰三间房001_003_hd.mesh","26127.417968","616.092773","24403.539062"
"303","wj_货包包001_001.Mesh","npc.json","data\source\maps_source\小物件\生活品\wj_货包包001_001_hd.mesh","32243.023437","663.832031","14412.390625"
"304","wj_陶罐008_HD","npc.json","data\source\maps_source\小物件\坛罐\wj_陶罐008_hd.mesh","36472.679687","940.982421","37243.398437"
"305","WJ_木箱004_002.Mesh","npc.json","data\source\maps_source\小物件\木箱\wj_木箱004_002_hd.mesh","30726.789062","671.041503","25939.765625"
"306","WJ_酒坛007_001.Mesh","npc.json","data\source\maps_source\小物件\坛罐\wj_酒坛007_001_hd.mesh","31914.171875","939.472656","42871.378906"
"307","wj_圆木桶堆001.Mesh","npc.json","data\source\maps_source\小物件\木箱\wj_圆木桶堆001_hd.mesh","17896.796875","644.502441","11982.40625"
"308","WJ_工地物件001_011.Mesh","npc.json","data\source\maps_source\小物件\工地物件\wj_工地物件001_011_hd.mesh","26554.652343","901.417968","30581.148437"
"309","WJ_功夫茶001_001.Mesh","npc.json","data\source\maps_source\小物件\生活品\wj_功夫茶001_001_hd.mesh","18558.859375","692.426757","12683.179687"
"310","WJ_物什箱014.Mesh","npc.json","data\source\maps_source\小物件\木箱\wj_物什箱014_hd.mesh","20374.109375","1152.239257","36799.0"
"311","ST_xb龙门荒漠石001_008.Mesh","npc.json","data\source\maps_source\石头\st_xb龙门荒漠石001_008_hd.mesh","34396.300781","1028.10205","43886.054687"
"312","WJ_垫子001.Mesh","npc.json","data\source\maps_source\小物件\室内\wj_垫子001_hd.mesh","33687.410156","1005.988281","39576.503906"
"313","WJ_破车001_002.Mesh","npc.json","data\source\maps_source\小物件\车\wj_破车001_002_hd.mesh","15065.25","1082.211425","33690.789062"
"314","XWJ_斗笠001.Mesh","npc.json","data\source\maps_source\小物件\生活品\xwj_斗笠001_hd.mesh","15186.195312","1163.96875","12635.664062"
"315","XWJ_xb楼兰墓地001_002.Mesh","npc.json","data\source\maps_source\小物件\坟地物件\xwj_xb楼兰墓地001_002_hd.mesh","14988.625","1304.026367","34508.023437"
"316","WJ_sn茅草房001_013.Mesh","npc.json","data\source\maps_source\小物件\室内\wj_sn茅草房001_013_hd.mesh","14959.984375","1015.186523","14270.398437"
"317","wj_卷毯001_001.Mesh","npc.json","data\source\maps_source\小物件\生活品\wj_卷毯001_001_hd.mesh","18935.710937","1151.963867","36779.476562"
"318","WJ_酒坛006_001.Mesh","npc.json","data\source\maps_source\小物件\坛罐\wj_酒坛006_001_hd.mesh","18488.859375","645.496093","13703.023437"
"319","WJ_壁挂灯笼001.Mesh","npc.json","data\source\maps_source\小物件\室内\wj_壁挂灯笼001_hd.mesh","20465.5","1217.888671","35698.175781"
"320","JZ_xb玉门关建筑001_004.Mesh","npc.json","data\source\maps_source\建筑\jz_xb玉门关建筑001_004_hd.mesh","29289.75","856.908203","38570.152343"
"321","WJ_坛子002_005.Mesh","npc.json","data\source\maps_source\小物件\坛罐\wj_坛子002_005_hd.mesh","33398.808593","730.232421","24206.3125"
"322","WJ_sn茅草房001_006.Mesh","npc.json","data\source\maps_source\小物件\室内\wj_sn茅草房001_006_hd.mesh","34068.109375","924.679687","38761.609375"
"323","JZ_xb楼兰哨台001_007.Mesh","npc.json","data\source\maps_source\建筑\jz_xb楼兰哨台001_007_hd.mesh","37649.222656","932.489257","36215.757812"
"324","JZ_xb楼兰哨台001_001.Mesh","npc.json","data\source\maps_source\建筑\jz_xb楼兰哨台001_001_hd.mesh","44275.144531","879.674804","38905.226562"
"325","WJ_酒坛007_001.Mesh","npc.json","data\source\maps_source\小物件\坛罐\wj_酒坛007_001_hd.mesh","31015.226562","939.472656","44392.296875"
"326","WJ_sn茅草房001_012.Mesh","npc.json","data\source\maps_source\小物件\室内\wj_sn茅草房001_012_hd.mesh","38289.980468","695.981445","17502.03125"
"327","S_西北枯树001_002.Mesh","speedtree.json","Data\source\maps_source\树\S_西北枯树001_002.srt","30021.875","711.77246","24785.515625"
"328","WJ_龙门木箱001.Mesh","npc.json","data\source\maps_source\小物件\木箱\wj_龙门木箱001_hd.mesh","35883.683593","924.703125","39360.21875"
"329","WJ_erg筷子001.Mesh","npc.json","data\source\maps_source\小物件\室内\wj_erg筷子001_hd.mesh","18212.703125","693.615722","12594.46875"
"330","wj_圆木桶003.Mesh","npc.json","data\source\maps_source\小物件\木箱\wj_圆木桶003_hd.mesh","34815.816406","775.975585","33034.765625"
"331","XWJ_农家物件007_002.Mesh","npc.json","data\source\maps_source\小物件\生活品\xwj_农家物件007_002_hd.mesh","33373.050781","967.97705","45450.183593"
"332","WJ_桌子002_003.Mesh","npc.json","data\source\maps_source\小物件\室内\wj_桌子002_003_hd.mesh","31446.5625","939.472656","42303.621093"
"333","S_xb多枝枯树003_007.Mesh","speedtree.json","Data\source\maps_source\树\S_xb多枝枯树003_007.srt","25349.898437","872.808105","32933.625"
"334","XWJ_农家物件008.Mesh","npc.json","data\source\maps_source\小物件\生活品\xwj_农家物件008_hd.mesh","31793.804687","905.14746","41374.527343"
"335","JZ_xb楼兰哨台001_003.Mesh","npc.json","data\source\maps_source\建筑\jz_xb楼兰哨台001_003_hd.mesh","40475.050781","525.126953","43113.3125"
"336","WJ_物什箱014.Mesh","npc.json","data\source\maps_source\小物件\木箱\wj_物什箱014_hd.mesh","19100.300781","1008.65625","36761.992187"
"337","WJ_垫子001.Mesh","npc.json","data\source\maps_source\小物件\室内\wj_垫子001_hd.mesh","31436.148437","939.464843","42152.40625"
"338","WJ_erg地毯001.Mesh","npc.json","data\source\maps_source\小物件\室内\wj_erg地毯001_hd.mesh","18388.179687","640.207031","12678.703125"
"339","XWJ_路灯003A_HD","npc.json","data\source\maps_source\小物件\灯\xwj_路灯003a_hd.mesh","32558.351562","987.560546","43161.371093"
"340","XWJ_农家物件008.Mesh","npc.json","data\source\maps_source\小物件\生活品\xwj_农家物件008_hd.mesh","26450.308593","1135.813476","40809.546875"
"341","XWJ_xb楼兰墓地001_005.Mesh","npc.json","data\source\maps_source\小物件\坟地物件\xwj_xb楼兰墓地001_005_hd.mesh","14981.195312","336.192382","21547.125"
"342","XWJ_农家物件004_002.Mesh","npc.json","data\source\maps_source\小物件\生活品\xwj_农家物件004_002_hd.mesh","31083.101562","1090.604492","41969.621093"
"343","WJ_木箱001.Mesh","npc.json","data\source\maps_source\小物件\木箱\wj_木箱001_hd.mesh","33447.792968","1252.202148","39593.800781"
"344","S_xb多枝枯树003_002.Mesh","speedtree.json","Data\source\maps_source\树\S_xb多枝枯树003_002.srt","25714.523437","1145.056152","41452.105468"
"345","WJ_壁挂灯笼001.Mesh","npc.json","data\source\maps_source\小物件\室内\wj_壁挂灯笼001_hd.mesh","30962.703125","1195.429687","44327.355468"
"346","WJ_水缸005_001.Mesh","npc.json","data\source\maps_source\小物件\坛罐\wj_水缸005_001_hd.mesh","17721.992187","644.504394","12021.171875"
"347","JZ_xb玉门关建筑002_005.Mesh","npc.json","data\source\maps_source\建筑\jz_xb玉门关建筑002_005_hd.mesh","36362.265625","695.964843","32779.492187"
"348","XWJ_被子001.Mesh","npc.json","data\source\maps_source\小物件\室内\xwj_被子001_hd.mesh","33547.019531","1007.688476","39581.535156"
"349","wj_通用坛罐001_004_HD","npc.json","data\source\maps_source\小物件\坛罐\wj_通用坛罐001_004_hd.mesh","37894.269531","940.982421","37400.148437"
"350","WJ_沙包009_01.Mesh","npc.json","data\source\maps_source\小物件\生活品\wj_沙包009_01_hd.mesh","34007.738281","924.695312","38519.921875"
"351","WJ_龙门大缸001.Mesh","npc.json","data\source\maps_source\小物件\坛罐\wj_龙门大缸001_hd.mesh","27762.160156","859.044433","12575.546875"
"352","S_西北枯树001_003.Mesh","speedtree.json","Data\source\maps_source\树\S_西北枯树001_003.srt","24873.847656","668.49414","21037.945312"
"353","WJ_erg筷子001.Mesh","npc.json","data\source\maps_source\小物件\室内\wj_erg筷子001_hd.mesh","18556.070312","693.600097","12603.429687"
"354","WJ_桌子002_003.Mesh","npc.json","data\source\maps_source\小物件\室内\wj_桌子002_003_hd.mesh","31446.5625","939.472656","43742.992187"
"355","JZ_xb玉门关建筑001_003.Mesh","npc.json","data\source\maps_source\建筑\jz_xb玉门关建筑001_003_hd.mesh","27970.976562","574.09375","25013.789062"
"356","JZ_xb楼兰哨台001_004.Mesh","npc.json","data\source\maps_source\建筑\jz_xb楼兰哨台001_004_hd.mesh","39218.800781","422.888671","30152.851562"
"357","WJ_破车001_002.Mesh","npc.json","data\source\maps_source\小物件\车\wj_破车001_002_hd.mesh","30170.007812","681.15332","25642.625"
"358","XWJ_火盆002_001.Mesh","npc.json","data\source\maps_source\小物件\灯\xwj_火盆002_001_hd.mesh","18586.480468","914.539062","35249.757812"
"359","WJ_坛子002_001.Mesh","npc.json","data\source\maps_source\小物件\坛罐\wj_坛子002_001_hd.mesh","17642.0","644.490722","13933.742187"
"360","WJ_杂货架_01.Mesh","npc.json","data\source\maps_source\小物件\货摊\wj_杂货架_01_hd.mesh","33339.9375","924.697265","39304.828125"
"361","WJ_木箱001.Mesh","npc.json","data\source\maps_source\小物件\木箱\wj_木箱001_hd.mesh","33502.261718","1304.876953","39592.171875"
"362","XWJ_火盆002_001.Mesh","npc.json","data\source\maps_source\小物件\灯\xwj_火盆002_001_hd.mesh","24111.410156","860.664062","36999.914062"
"363","JZ_xb楼兰三间房001_003.Mesh","npc.json","data\source\maps_source\建筑\jz_xb楼兰三间房001_003_hd.mesh","14039.765625","136.969726","26143.90625"
"364","WJ_地毯001_001.Mesh","npc.json","data\source\maps_source\小物件\生活品\wj_地毯001_001_hd.mesh","31421.386718","939.457031","43743.851562"
"365","JZ_xb玉门关建筑001_004.Mesh","npc.json","data\source\maps_source\建筑\jz_xb玉门关建筑001_004_hd.mesh","18676.21875","516.430664","26852.984375"
"366","JZ_xb楼兰哨台001_001.Mesh","npc.json","data\source\maps_source\建筑\jz_xb楼兰哨台001_001_hd.mesh","40510.011718","1487.350585","13918.632812"
"367","WJ_横向缆车线001.Mesh","npc.json","data\source\maps_source\门派\万花\wj_横向缆车线001_hd.mesh","15880.546875","2328.083984","15739.75"
"368","XWJ_农家物件004_002.Mesh","npc.json","data\source\maps_source\小物件\生活品\xwj_农家物件004_002_hd.mesh","33324.296875","903.253906","24154.320312"
"369","st_sczl龙门荒漠石001_007_HD","npc.json","data\source\maps_source\石头\st_sczl龙门荒漠石001_007_hd.mesh","48049.59375","1547.341796","14551.984375"
"370","WJ_erg箱子001.Mesh","npc.json","data\source\maps_source\小物件\室内\wj_erg箱子001_hd.mesh","17697.671875","644.51416","12666.007812"
"371","WJ_erg柜子003.Mesh","npc.json","data\source\maps_source\小物件\室内\wj_erg柜子003_hd.mesh","34147.597656","923.388671","38691.226562"
"372","S_西北枯树001_003.Mesh","speedtree.json","Data\source\maps_source\树\S_西北枯树001_003.srt","33098.550781","378.455078","20805.414062"
"373","Data\source\maps_source\建筑室内\JZ_xb玉门关建筑001_003民居001.pvs","npc.json","data\source\maps_source\建筑室内\jz_xb玉门关建筑001_003sn_hd.mesh","37718.847656","686.250976","17312.054687"
"374","ST_xb龙门荒漠石001_004.Mesh","npc.json","data\source\maps_source\石头\st_xb龙门荒漠石001_004_hd.mesh","28259.578125","831.84082","13828.570312"
"375","WJ_木箱004_001.Mesh","npc.json","data\source\maps_source\小物件\木箱\wj_木箱004_001_hd.mesh","29858.117187","869.341796","30915.429687"
"376","WJ_木箱001.Mesh","npc.json","data\source\maps_source\小物件\木箱\wj_木箱001_hd.mesh","33563.242187","1252.202148","39590.347656"
"377","WJ_酒坛006_001.Mesh","npc.json","data\source\maps_source\小物件\坛罐\wj_酒坛006_001_hd.mesh","30851.410156","951.496093","43240.347656"
"378","WJ_sn茅草房001_013.Mesh","npc.json","data\source\maps_source\小物件\室内\wj_sn茅草房001_013_hd.mesh","33899.128906","819.77539","21984.1875"
"379","JZ_xb玉门关建筑001_004.Mesh","npc.json","data\source\maps_source\建筑\jz_xb玉门关建筑001_004_hd.mesh","31133.953125","910.926025","40464.132812"
"380","WJ_横向缆车线001.Mesh","npc.json","data\source\maps_source\门派\万花\wj_横向缆车线001_hd.mesh","22727.25","2799.645507","14971.710937"
"381","JZ_xb楼兰三间房001_002.Mesh","npc.json","data\source\maps_source\建筑\jz_xb楼兰三间房001_002_hd.mesh","25478.273437","657.128906","29413.554687"
"382","JZ_xb玉门关建筑001_004.Mesh","npc.json","data\source\maps_source\建筑\jz_xb玉门关建筑001_004_hd.mesh","11998.632812","705.817382","12135.078125"
"383","XWJ_农家物件004_002.Mesh","npc.json","data\source\maps_source\小物件\生活品\xwj_农家物件004_002_hd.mesh","30940.019531","1146.595703","43549.734375"
"384","JZ_xb楼兰三间房001_003.Mesh","npc.json","data\source\maps_source\建筑\jz_xb楼兰三间房001_003_hd.mesh","15411.46875","240.37207","18481.40625"
"385","WJ_中级挂饰003_003.Mesh","npc.json","data\source\maps_source\小物件\室内\wj_中级挂饰003_003_hd.mesh","38121.339843","772.11621","17170.921875"
"386","WJ_地毯002.Mesh","npc.json","data\source\maps_source\小物件\生活品\wj_地毯002_hd.mesh","34633.636718","924.691406","39416.914062"
"387","WJ_酒坛006_001.Mesh","npc.json","data\source\maps_source\小物件\坛罐\wj_酒坛006_001_hd.mesh","32499.40625","1052.670898","43030.144531"
"388","WJ_erg柜子001.Mesh","npc.json","data\source\maps_source\小物件\室内\wj_erg柜子001_hd.mesh","20329.019531","923.038085","36603.152343"
"389","XWJ_火盆002_001.Mesh","npc.json","data\source\maps_source\小物件\灯\xwj_火盆002_001_hd.mesh","19325.816406","629.331054","18387.179687"
"390","wj_货包包001_001.Mesh","npc.json","data\source\maps_source\小物件\生活品\wj_货包包001_001_hd.mesh","30271.265625","970.245117","34602.421875"
"391","JZ_xb楼兰哨台001_001.Mesh","npc.json","data\source\maps_source\建筑\jz_xb楼兰哨台001_001_hd.mesh","40426.46875","1012.877929","47067.0"
"392","WJ_坛子001_001.Mesh","npc.json","data\source\maps_source\小物件\坛罐\wj_坛子001_001_hd.mesh","34333.195312","1487.324218","38702.027343"
"393","WJ_sn茅草房001_013.Mesh","npc.json","data\source\maps_source\小物件\室内\wj_sn茅草房001_013_hd.mesh","30922.25","1085.988769","44138.15625"
"394","WJ_酒坛006_001.Mesh","npc.json","data\source\maps_source\小物件\坛罐\wj_酒坛006_001_hd.mesh","23841.667968","927.258789","36567.066406"
"395","WJ_erg地毯001.Mesh","npc.json","data\source\maps_source\小物件\室内\wj_erg地毯001_hd.mesh","33783.222656","921.098632","38920.835937"
"396","XWJ_坛子003.Mesh","npc.json","data\source\maps_source\小物件\坛罐\xwj_坛子003_hd.mesh","31304.394531","1035.167968","44141.058593"
"397","JZ_xb玉门关建筑001_002.Mesh","npc.json","data\source\maps_source\建筑\jz_xb玉门关建筑001_002_hd.mesh","31340.132812","639.8208","31527.398437"
"398","WJ_龙门木箱001.Mesh","npc.json","data\source\maps_source\小物件\木箱\wj_龙门木箱001_hd.mesh","28290.75","734.214355","18767.429687"
"399","JZ_xb楼兰哨台001_003.Mesh","npc.json","data\source\maps_source\建筑\jz_xb楼兰哨台001_003_hd.mesh","26877.546875","800.115234","5691.234375"
"400","Data\source\maps_source\建筑室内\JZ_xb玉门关建筑001_003杂货店001.pvs","npc.json","data\source\maps_source\建筑室内\jz_xb玉门关建筑001_003sn_hd.mesh","19655.507812","912.185546","36191.484375"
"401","XWJ_桌子001.Mesh","npc.json","data\source\maps_source\小物件\室内\xwj_桌子001_hd.mesh","38015.34375","695.981445","17103.414062"
"402","WJ_木箱001.Mesh","npc.json","data\source\maps_source\小物件\室内\wj_木箱001_hd.mesh","33653.171875","1056.141601","39573.964843"
"403","wj_货包包001_002.Mesh","npc.json","data\source\maps_source\小物件\生活品\wj_货包包001_002_hd.mesh","33439.859375","1487.320312","39554.871093"
"404","JZ_xb楼兰哨台001_003.Mesh","npc.json","data\source\maps_source\建筑\jz_xb楼兰哨台001_003_hd.mesh","26115.710937","1017.646972","5708.46875"
"405","JZ_xb楼兰三间房001_002.Mesh","npc.json","data\source\maps_source\建筑\jz_xb楼兰三间房001_002_hd.mesh","25347.476562","555.026367","22090.476562"
"406","XWJ_人俑灯001.Mesh","npc.json","data\source\maps_source\小物件\室内\xwj_人俑灯001_hd.mesh","34890.304687","924.703125","39174.722656"
"407","WJ_erg字画001.Mesh","npc.json","data\source\maps_source\小物件\室内\wj_erg字画001_hd.mesh","18550.625","841.822265","14614.929687"
"408","wj_圆木桶003.Mesh","npc.json","data\source\maps_source\小物件\木箱\wj_木箱004_002_hd.mesh","20240.382812","767.669921","29698.046875"
"409","JZ_xb楼兰哨台001_001.Mesh","npc.json","data\source\maps_source\建筑\jz_xb楼兰哨台001_001_hd.mesh","44108.09375","938.550292","31196.226562"
"410","XWJ_农家物件004_002.Mesh","npc.json","data\source\maps_source\小物件\生活品\xwj_农家物件004_002_hd.mesh","34162.457031","1122.71875","39209.222656"
"411","wj_圆木桶003.Mesh","npc.json","data\source\maps_source\小物件\木箱\wj_木箱004_002_hd.mesh","19781.738281","622.327148","25387.0"
"412","WJ_酒坛006_001.Mesh","npc.json","data\source\maps_source\小物件\坛罐\wj_酒坛006_001_hd.mesh","23853.898437","866.768554","36540.160156"
"413","WJ_琴001.Mesh","npc.json","data\source\maps_source\小物件\室内\wj_琴001_hd.mesh","33820.820312","997.421875","39462.300781"
"414","WJ_木桌002.Mesh","npc.json","data\source\maps_source\小物件\桌凳\wj_木桌002_hd.mesh","16050.460937","726.432617","14555.507812"
"415","WJ_酒牌001.Mesh","npc.json","data\source\maps_source\小物件\招牌\wj_酒牌001_hd.mesh","30946.453125","1204.036132","44633.5625"
"416","XWJ_军营物件001_006.Mesh","npc.json","data\source\maps_source\小物件\武器\xwj_军营物件001_006_hd.mesh","43777.367187","1071.764648","34312.425781"
"417","WJ_小瓶子001.Mesh","npc.json","data\source\maps_source\小物件\室内\wj_小瓶子001_hd.mesh","19458.023437","1024.529785","36794.722656"
"418","WJ_木梯_001.Mesh","npc.json","data\source\maps_source\小物件\生活品\wj_木梯_001_hd.mesh","17682.414062","644.502441","12389.289062"
"419","WJ_HQM悬挂装饰001.Mesh","npc.json","data\source\maps_source\小物件\室内\wj_hqm悬挂装饰001_hd.mesh","30687.851562","1558.878906","43628.296875"
"420","S_西北枯树001_002.Mesh","speedtree.json","Data\source\maps_source\树\S_西北枯树001_002.srt","15010.304687","950.396484","32881.976562"
"421","JZ_xb楼兰三间房001_002.Mesh","npc.json","data\source\maps_source\建筑\jz_xb楼兰三间房001_002_hd.mesh","23051.992187","636.986816","37781.679687"
"422","WJ_sn茅草房001_005.Mesh","npc.json","data\source\maps_source\小物件\室内\wj_sn茅草房001_005_hd.mesh","30942.839843","939.460937","44125.304687"
"423","wj_货包包001_001.Mesh","npc.json","data\source\maps_source\小物件\生活品\wj_货包包001_001_hd.mesh","34099.429687","924.699218","39506.417968"
"424","JZ_xb楼兰三间房001_002.Mesh","npc.json","data\source\maps_source\建筑\jz_xb楼兰三间房001_002_hd.mesh","15657.171875","647.649658","11552.875"
"425","WJ_erg纸张001.Mesh","npc.json","data\source\maps_source\小物件\室内\wj_erg纸张001_hd.mesh","18412.648437","725.023925","13674.546875"
"426","XWJ_xb楼兰墓地001_002.Mesh","npc.json","data\source\maps_source\小物件\坟地物件\xwj_xb楼兰墓地001_002_hd.mesh","26587.09375","688.626953","11507.359375"
"427","JZ_xb楼兰三间房001_002.Mesh","npc.json","data\source\maps_source\建筑\jz_xb楼兰三间房001_002_hd.mesh","33708.734375","548.277343","30081.453125"
"428","wj_货包包001_001.Mesh","npc.json","data\source\maps_source\小物件\草垛\wj_草垛001_002_hd.mesh","32056.96875","799.85498","14639.9375"
"429","ST_mj石拱002.Mesh","npc.json","data\source\maps_source\门派\明教\st_mj石拱002_hd.mesh","2934.1875","1519.394531","28538.570312"
"430","WJ_erg酒坛002.Mesh","npc.json","data\source\maps_source\小物件\室内\wj_erg酒坛002_hd.mesh","30946.652343","1119.578125","44501.878906"
"431","WJ_中级挂饰003_002.Mesh","npc.json","data\source\maps_source\小物件\室内\wj_中级挂饰003_002_hd.mesh","38071.894531","1058.041503","17053.09375"
"432","WJ_木箱001.Mesh","npc.json","data\source\maps_source\小物件\木箱\wj_木箱001_hd.mesh","20270.382812","1085.483398","36798.503906"
"433","WJ_坛子001_003.Mesh","npc.json","data\source\maps_source\小物件\坛罐\wj_坛子001_003_hd.mesh","33298.015625","1013.386718","38993.5"
"434","wj_圆木桶堆002.Mesh","npc.json","data\source\maps_source\小物件\木箱\wj_圆木桶堆002_hd.mesh","34043.277343","902.456054","33820.871093"
"435","WJ_小瓶子001.Mesh","npc.json","data\source\maps_source\小物件\室内\wj_小瓶子001_hd.mesh","31329.910156","989.136718","42843.609375"
"436","WJ_erg字画002.Mesh","npc.json","data\source\maps_source\小物件\室内\wj_erg字画002_hd.mesh","30816.34375","1431.695312","41703.871093"
"437","ST_mj戈壁碎石003_005.Mesh","npc.json","data\source\maps_source\门派\明教\st_mj戈壁碎石003_005_hd.mesh","3090.679687","3402.417968","28744.085937"
"438","WJ_壁挂灯笼001.Mesh","npc.json","data\source\maps_source\小物件\室内\wj_壁挂灯笼001_hd.mesh","19418.84375","1273.333007","36756.292968"
"439","XWJ_农家物件006_001.Mesh","npc.json","data\source\maps_source\小物件\生活品\xwj_农家物件006_001_hd.mesh","37534.816406","1115.77832","18236.59375"
"440","XWJ_火盆002_001.Mesh","npc.json","data\source\maps_source\小物件\灯\xwj_火盆002_001_hd.mesh","26133.484375","896.720703","34374.429687"
"441","WJ_坛子001_001.Mesh","npc.json","data\source\maps_source\小物件\坛罐\wj_坛子001_001_hd.mesh","17731.132812","644.506347","14417.476562"
"442","WJ_sn茅草房001_006.Mesh","npc.json","data\source\maps_source\小物件\室内\wj_sn茅草房001_006_hd.mesh","31253.835937","939.453125","44531.390625"
"443","WJ_erg书001.Mesh","npc.json","data\source\maps_source\小物件\室内\wj_erg书001_hd.mesh","18504.171875","746.330566","13610.015625"
"444","WJ_坛子001_001.Mesh","npc.json","data\source\maps_source\小物件\坛罐\wj_坛子001_001_hd.mesh","17865.0625","644.506347","14479.34375"
"445","XWJ_农家物件004_002.Mesh","npc.json","data\source\maps_source\小物件\生活品\xwj_农家物件004_002_hd.mesh","18480.320312","841.08496","14213.609375"
"446","XWJ_农家物件003_002.Mesh","npc.json","data\source\maps_source\小物件\生活品\xwj_农家物件003_002_hd.mesh","33959.175781","1142.297851","21995.3125"
"447","WJ_沙包009_01.Mesh","npc.json","data\source\maps_source\小物件\生活品\wj_沙包009_01_hd.mesh","31852.527343","925.067382","41488.367187"
"448","WJ_蚕板_001_001.Mesh","npc.json","data\source\maps_source\小物件\生活品\wj_蚕板_001_001_hd.mesh","34225.523437","743.416015","24202.132812"
"449","wj_通用坛罐001_004_HD","npc.json","data\source\maps_source\小物件\坛罐\wj_通用坛罐001_004_hd.mesh","35206.964843","930.789062","37469.90625"
"450","WJ_木桌005_002.Mesh","npc.json","data\source\maps_source\小物件\桌凳\wj_木桌005_002_hd.mesh","34795.707031","1047.633789","43179.023437"
"451","WJ_壁挂灯笼001.Mesh","npc.json","data\source\maps_source\小物件\室内\wj_壁挂灯笼001_hd.mesh","30963.132812","1195.429687","43108.757812"
"452","WJ_erg坐垫001.Mesh","npc.json","data\source\maps_source\小物件\室内\wj_erg坐垫001_hd.mesh","18074.898437","644.51416","12678.40625"
"453","wj_圆木桶003.Mesh","npc.json","data\source\maps_source\小物件\木箱\wj_圆木桶003_hd.mesh","26471.3125","656.905273","24978.421875"
"454","WJ_木桌002.Mesh","npc.json","data\source\maps_source\小物件\桌凳\wj_木桌002_hd.mesh","34381.1875","632.673828","22728.523437"
"455","XWJ_农家物件004_001.Mesh","npc.json","data\source\maps_source\小物件\生活品\xwj_农家物件004_001_hd.mesh","17657.226562","1019.402343","14423.953125"
"456","XWJ_火盆002_001.Mesh","npc.json","data\source\maps_source\小物件\灯\xwj_火盆002_001_hd.mesh","31504.894531","890.279785","37498.746093"
"457","S_西北枯树001_003.Mesh","speedtree.json","Data\source\maps_source\树\S_西北枯树001_003.srt","25541.660156","1197.993652","42302.917968"
"458","XWJ_xb楼兰墓地001_003.Mesh","npc.json","data\source\maps_source\小物件\坟地物件\xwj_xb楼兰墓地001_003_hd.mesh","15413.328125","402.171386","25971.40625"
"459","XWJ_xb墓地木栏001_001.Mesh","npc.json","data\source\maps_source\小物件\栏杆\xwj_xb墓地木栏001_001_hd.mesh","24144.515625","776.470703","14361.765625"
"460","WJ_药煲_001.Mesh","npc.json","data\source\maps_source\小物件\生活品\wj_药煲_001_hd.mesh","33704.265625","932.003906","39253.765625"
"461","XWJ_xb楼兰墓地001_004.Mesh","npc.json","data\source\maps_source\小物件\坟地物件\xwj_xb楼兰墓地001_004_hd.mesh","17969.179687","251.152343","21748.382812"
"462","JZ_xb楼兰哨台001_005.Mesh","npc.json","data\source\maps_source\建筑\jz_xb楼兰哨台001_005_hd.mesh","34933.257812","657.787109","17899.898437"
"463","XWJ_农家物件004_002.Mesh","npc.json","data\source\maps_source\小物件\生活品\xwj_农家物件004_002_hd.mesh","18014.375","886.737304","14247.390625"
"464","WJ_s书画缸001.Mesh","npc.json","data\source\maps_source\小物件\生活品\wj_s书画缸001_hd.mesh","33694.777343","924.703125","38769.730468"
"465","XWJ_人俑灯001.Mesh","npc.json","data\source\maps_source\小物件\室内\xwj_人俑灯001_hd.mesh","30988.015625","939.46875","43116.207031"
"466","CQ_玉门关城墙001_008.Mesh","npc.json","data\source\maps_source\城墙\cq_玉门关城墙001_008_hd.mesh","40543.316406","822.698242","21155.226562"
"467","XWJ_xb楼兰墓地001_002.Mesh","npc.json","data\source\maps_source\小物件\坟地物件\xwj_xb楼兰墓地001_002_hd.mesh","17525.578125","265.3833","21774.4375"
"468","WJ_erg柜子002.Mesh","npc.json","data\source\maps_source\小物件\室内\wj_erg柜子002_hd.mesh","33614.667968","924.695312","39599.265625"
"469","WJ_酒坛006_001.Mesh","npc.json","data\source\maps_source\小物件\坛罐\wj_酒坛006_001_hd.mesh","32603.273437","985.445312","42934.753906"
"470","WJ_sn茅草房001_001.Mesh","npc.json","data\source\maps_source\小物件\室内\wj_sn茅草房001_001_hd.mesh","38114.769531","695.989257","17217.554687"
"471","JZ_xb楼兰三间房001_001.Mesh","npc.json","data\source\maps_source\建筑\jz_xb楼兰三间房001_001_hd.mesh","29710.164062","511.374023","14913.28125"
"472","XWJ_人俑灯001.Mesh","npc.json","data\source\maps_source\小物件\室内\xwj_人俑灯001_hd.mesh","30984.835937","939.476562","43927.863281"
"473","JZ_xb玉门关建筑001_004.Mesh","npc.json","data\source\maps_source\建筑\jz_xb玉门关建筑001_004_hd.mesh","37521.339843","666.287109","14852.226562"
"474","WJ_木棍001_001.Mesh","npc.json","data\source\maps_source\小物件\栏杆\wj_木棍001_001_hd.mesh","15466.4375","639.327636","15330.375"
"475","wj_货包包001_001.Mesh","npc.json","data\source\maps_source\小物件\生活品\wj_货包包001_001_hd.mesh","30348.40625","860.586914","34580.089843"
"476","JZ_xb玉门关建筑001_004.Mesh","npc.json","data\source\maps_source\建筑\jz_xb玉门关建筑001_004_hd.mesh","24983.15625","599.912597","17793.257812"
"477","JZ_xb楼兰三间房001_002.Mesh","npc.json","data\source\maps_source\建筑\jz_xb楼兰三间房001_002_hd.mesh","14050.03125","1254.064453","34120.910156"
"478","S_xb多枝枯树003_007.Mesh","speedtree.json","Data\source\maps_source\树\S_xb多枝枯树003_007.srt","36097.214843","677.433593","13636.390625"
"479","WJ_zb箱子001.Mesh","npc.json","data\source\maps_source\小物件\室内\wj_zb箱子001_hd.mesh","33488.09375","1106.021484","39587.167968"
"480","XWJ_火盆002_001.Mesh","npc.json","data\source\maps_source\小物件\灯\xwj_火盆002_001_hd.mesh","32437.496093","998.265625","43682.945312"
"481","WJ_动物骸骨001_004.Mesh","npc.json","data\source\maps_source\小物件\遗骸\wj_动物骸骨001_004_hd.mesh","23863.757812","760.488769","14496.054687"
"482","WJ_壁挂灯笼001.Mesh","npc.json","data\source\maps_source\小物件\室内\wj_壁挂灯笼001_hd.mesh","30963.132812","1195.429687","42334.097656"
"483","WJ_龙门大缸001.Mesh","npc.json","data\source\maps_source\小物件\坛罐\wj_龙门大缸001_hd.mesh","13653.3125","613.480957","15800.632812"
"484","WJ_沙包009_01.Mesh","npc.json","data\source\maps_source\小物件\生活品\wj_沙包009_01_hd.mesh","18757.867187","740.123535","11970.179687"
"485","JZ_xb楼兰三间房001_003.Mesh","npc.json","data\source\maps_source\建筑\jz_xb楼兰三间房001_003_hd.mesh","33842.222656","506.300781","17813.335937"
"486","S_西北枯树001_002.Mesh","speedtree.json","Data\source\maps_source\树\S_西北枯树001_002.srt","18651.835937","916.842773","32030.601562"
"487","WJ_摊子001.Mesh","npc.json","data\source\maps_source\小物件\货摊\wj_摊子001_hd.mesh","39491.289062","958.558593","33622.207031"
"488","WJ_破车001_002.Mesh","npc.json","data\source\maps_source\小物件\车\wj_破车001_002_hd.mesh","44439.28125","1105.874023","33980.058593"
"489","wj_卷席001_001.Mesh","npc.json","data\source\maps_source\小物件\生活品\wj_卷席001_001_hd.mesh","18467.296875","740.123535","14570.5"
"490","JZ_xb楼兰三间房001_003.Mesh","npc.json","data\source\maps_source\建筑\jz_xb楼兰三间房001_003_hd.mesh","11663.226562","472.124023","19883.1875"
"491","CQ_玉门关城墙001_003.Mesh","npc.json","data\source\maps_source\城墙\cq_玉门关城墙001_003_hd.mesh","40507.265625","318.454101","19546.476562"
"492","ST_xb龙门荒漠石001_012.Mesh","npc.json","data\source\maps_source\石头\st_xb龙门荒漠石001_012_hd.mesh","3583.375","3103.609375","33941.671875"
"493","WJ_坛子001_001.Mesh","npc.json","data\source\maps_source\小物件\坛罐\wj_坛子001_001_hd.mesh","35167.808593","924.710937","38555.058593"
"494","JZ_xb玉门关建筑001_001.Mesh","npc.json","data\source\maps_source\建筑\jz_xb玉门关建筑001_001_hd.mesh","11938.109375","338.808593","17929.125"
"495","WJ_木桌005_002.Mesh","npc.json","data\source\maps_source\小物件\桌凳\wj_木桌005_002_hd.mesh","34353.355468","1045.024414","44939.261718"
"496","JZ_xb楼兰哨台001_004.Mesh","npc.json","data\source\maps_source\建筑\jz_xb楼兰哨台001_004_hd.mesh","24446.242187","780.196289","46812.902343"
"497","WJ_物什箱014.Mesh","npc.json","data\source\maps_source\小物件\木箱\wj_物什箱014_hd.mesh","18590.09375","1312.910156","35965.542968"
"498","WJ_物什箱014_002.Mesh","npc.json","data\source\maps_source\小物件\木箱\wj_物什箱014_002_hd.mesh","34142.660156","1013.375","38437.941406"
"499","wj_木围墙007_001.Mesh","npc.json","data\source\maps_source\小物件\栏杆\wj_木围墙007_003_hd.mesh","45444.816406","1137.231445","33372.773437"
"500","WJ_酒坛006_001.Mesh","npc.json","data\source\maps_source\小物件\坛罐\wj_酒坛006_001_hd.mesh","23885.183593","872.585937","36577.179687"
"501","WJ_erg地毯001.Mesh","npc.json","data\source\maps_source\小物件\室内\wj_erg地毯001_hd.mesh","19689.816406","919.877929","36270.566406"
"502","WJ_sly蜡烛001.Mesh","npc.json","data\source\maps_source\小物件\室内\wj_sly蜡烛001_hd.mesh","34190.097656","1014.174804","38948.976562"
"503","JZ_xb玉门关建筑001_004.Mesh","npc.json","data\source\maps_source\建筑\jz_xb玉门关建筑001_004_hd.mesh","17941.617187","553.752929","25056.015625"
"504","WJ_erg柜子003.Mesh","npc.json","data\source\maps_source\小物件\室内\wj_erg柜子003_hd.mesh","35049.136718","923.388671","38654.871093"
"505","WJ_木箱001.Mesh","npc.json","data\source\maps_source\小物件\木箱\wj_木箱001_hd.mesh","19273.410156","1331.131835","36771.296875"
"506","WJ_erg柜子002.Mesh","npc.json","data\source\maps_source\小物件\室内\wj_erg柜子002_hd.mesh","18562.890625","1019.194335","36149.132812"
"507","WJ_挂毯001_002.Mesh","npc.json","data\source\maps_source\小物件\生活品\wj_挂毯001_002_hd.mesh","19591.210937","1084.545898","35630.082031"
"508","WJ_坛子001_001_HD","npc.json","data\source\maps_source\小物件\坛罐\wj_坛子001_001_hd.mesh","43058.855468","1031.24707","36713.332031"
"509","XWJ_xb楼兰墓地001_005.Mesh","npc.json","data\source\maps_source\小物件\坟地物件\xwj_xb楼兰墓地001_005_hd.mesh","24631.519531","631.871582","18418.421875"
"510","WJ_壁挂灯笼001.Mesh","npc.json","data\source\maps_source\小物件\室内\wj_壁挂灯笼001_hd.mesh","19925.945312","1273.333007","36768.527343"
"511","WJ_龙门荒漠路标001.Mesh","npc.json","data\source\maps_source\小物件\路标\wj_龙门荒漠路标001_hd.mesh","47128.382812","1430.398437","39773.082031"
"512","JZ_xb楼兰三间房001_003.Mesh","npc.json","data\source\maps_source\建筑\jz_xb楼兰三间房001_003_hd.mesh","26455.871093","440.46875","28838.921875"
"513","WJ_破车001_001.Mesh","npc.json","data\source\maps_source\小物件\车\wj_破车001_001_hd.mesh","25890.691406","853.94873","37188.5"
"514","st_sczl龙门荒漠石001_005_HD","npc.json","data\source\maps_source\石头\st_sczl龙门荒漠石001_005_hd.mesh","39513.148437","1933.501953","2462.921875"
"515","WJ_木箱001.Mesh","npc.json","data\source\maps_source\小物件\木箱\wj_木箱001_hd.mesh","20364.457031","1007.895507","36791.199218"
"516","WJ_坛子001_003_HD","npc.json","data\source\maps_source\小物件\坛罐\wj_坛子001_003_hd.mesh","43195.066406","1040.548828","36609.324218"
"517","WJ_木箱001.Mesh","npc.json","data\source\maps_source\小物件\室内\wj_木箱001_hd.mesh","33637.0","1108.90625","39568.113281"
"518","S_xb多枝枯树003_003.Mesh","speedtree.json","Data\source\maps_source\树\S_xb多枝枯树003_003.srt","32584.820312","800.30371","34081.960937"
"519","WJ_木桌005_002.Mesh","npc.json","data\source\maps_source\小物件\桌凳\wj_木桌005_002_hd.mesh","33999.972656","1034.644042","43612.097656"
"520","ST_xb龙门荒漠石001_004.Mesh","npc.json","data\source\maps_source\石头\st_xb龙门荒漠石001_004_hd.mesh","35124.558593","563.613281","24848.125"
"521","WJ_sn茅草房001_010.Mesh","npc.json","data\source\maps_source\小物件\室内\wj_sn茅草房001_010_hd.mesh","37261.058593","695.985351","17788.132812"
"522","JZ_xb楼兰哨台001_007.Mesh","npc.json","data\source\maps_source\建筑\jz_xb楼兰哨台001_007_hd.mesh","35526.03125","1021.228515","49124.976562"
"523","XWJ_火盆002_001.Mesh","npc.json","data\source\maps_source\小物件\灯\xwj_火盆002_001_hd.mesh","20828.871093","897.601562","35176.789062"
"524","XWJ_xb楼兰墓地001_002.Mesh","npc.json","data\source\maps_source\小物件\坟地物件\xwj_xb楼兰墓地001_002_hd.mesh","24581.5625","743.316894","22195.273437"
"525","XWJ_火盆002_001.Mesh","npc.json","data\source\maps_source\小物件\灯\xwj_火盆002_001_hd.mesh","25949.769531","861.429687","36923.070312"
"526","WJ_erg柜子003.Mesh","npc.json","data\source\maps_source\小物件\室内\wj_erg柜子003_hd.mesh","33524.917968","923.388671","38467.21875"
"527","WJ_木棍001_001.Mesh","npc.json","data\source\maps_source\小物件\栏杆\wj_木棍001_001_hd.mesh","16420.671875","726.543457","12260.242187"
"528","WJ_木箱004_002.Mesh","npc.json","data\source\maps_source\小物件\木箱\wj_木箱004_002_hd.mesh","32721.960937","1001.784667","43165.710937"
"529","JZ_xb楼兰三间房001_002.Mesh","npc.json","data\source\maps_source\建筑\jz_xb楼兰三间房001_002_hd.mesh","20778.804687","749.410156","37468.171875"
"530","WJ_物什箱014.Mesh","npc.json","data\source\maps_source\小物件\木箱\wj_物什箱014_hd.mesh","20409.375","921.927734","35757.503906"
"531","JZ_xb楼兰哨台001_006.Mesh","npc.json","data\source\maps_source\建筑\jz_xb楼兰哨台001_006_hd.mesh","14694.125","373.659179","19586.1875"
"532","WJ_erg筷子001.Mesh","npc.json","data\source\maps_source\小物件\室内\wj_erg筷子001_hd.mesh","31312.371093","990.051757","43787.417968"
"533","WJ_地毯001_003.Mesh","npc.json","data\source\maps_source\小物件\生活品\wj_地毯001_003_hd.mesh","37939.34375","695.977539","16633.1875"
"534","wj_货包包001_001.Mesh","npc.json","data\source\maps_source\小物件\草垛\wj_草垛001_002_hd.mesh","32821.472656","663.832031","14083.015625"
"535","WJ_酒坛006_001.Mesh","npc.json","data\source\maps_source\小物件\坛罐\wj_酒坛006_001_hd.mesh","31134.65625","939.457031","44663.253906"
"536","WJ_龙门大缸001.Mesh","npc.json","data\source\maps_source\小物件\坛罐\wj_龙门大缸001_hd.mesh","34329.355468","632.673828","23902.585937"
"537","XWJ_竹筐008_001.Mesh","npc.json","data\source\maps_source\小物件\生活品\xwj_竹筐008_001_hd.mesh","33875.390625","632.677734","24062.5625"
"538","CQ_玉门关城墙001_008.Mesh","npc.json","data\source\maps_source\城墙\cq_玉门关城墙001_008_hd.mesh","25487.503906","187.30664","12223.5"
"539","XWJ_农家物件008.Mesh","npc.json","data\source\maps_source\小物件\生活品\xwj_农家物件008_hd.mesh","15125.648437","831.1875","12656.828125"
"540","XWJ_xb楼兰墓地001_001.Mesh","npc.json","data\source\maps_source\小物件\坟地物件\xwj_xb楼兰墓地001_001_hd.mesh","14579.171875","514.648925","27200.867187"
"541","Data\source\maps_source\建筑室内\JZ_xb玉门关建筑001_003酒馆001.pvs","npc.json","data\source\maps_source\建筑室内\jz_xb玉门关建筑001_003sw_hd.mesh","33821.527343","622.935546","23126.46875"
"542","WJ_书籍001_003.Mesh","npc.json","data\source\maps_source\小物件\室内\wj_书籍001_003_hd.mesh","34153.886718","1012.968261","38845.175781"
"543","XWJ_火盆002_001.Mesh","npc.json","data\source\maps_source\小物件\灯\xwj_火盆002_001_hd.mesh","32441.761718","989.304687","44544.695312"
"544","XWJ_竹筐008_001.Mesh","npc.json","data\source\maps_source\小物件\生活品\xwj_竹筐008_001_hd.mesh","18696.921875","644.510253","14565.742187"
"545","XWJ_坛子003.Mesh","npc.json","data\source\maps_source\小物件\坛罐\xwj_坛子003_hd.mesh","37347.085937","795.524414","18382.21875"
"546","JZ_xb楼兰哨台001_001.Mesh","npc.json","data\source\maps_source\建筑\jz_xb楼兰哨台001_001_hd.mesh","32791.546875","840.517578","46927.339843"
"547","JZ_xb楼兰三间房001_003.Mesh","npc.json","data\source\maps_source\建筑\jz_xb楼兰三间房001_003_hd.mesh","35861.644531","598.924804","30842.132812"
"548","wj_卷毯001_001.Mesh","npc.json","data\source\maps_source\小物件\生活品\wj_卷毯001_001_hd.mesh","18559.625","1128.541015","36116.9375"
"549","JZ_xb楼兰哨台001_005.Mesh","npc.json","data\source\maps_source\建筑\jz_xb楼兰哨台001_005_hd.mesh","10134.640625","471.446777","26733.484375"
"550","WJ_HQM悬挂布001.Mesh","npc.json","data\source\maps_source\小物件\室内\wj_hqm悬挂布001_hd.mesh","34582.910156","1372.376953","38765.003906"
"551","WJ_木箱004_002.Mesh","npc.json","data\source\maps_source\小物件\木箱\wj_木箱004_002_hd.mesh","29580.554687","876.624023","31308.742187"
"552","WJ_坛子001_001.Mesh","npc.json","data\source\maps_source\小物件\坛罐\wj_坛子001_001_hd.mesh","33306.5","1487.304687","38584.605468"
"553","WJ_erg酒坛002.Mesh","npc.json","data\source\maps_source\小物件\室内\wj_erg酒坛002_hd.mesh","31618.988281","939.472656","42393.726562"
"554","XWJ_xb楼兰墓地001_005.Mesh","npc.json","data\source\maps_source\小物件\坟地物件\xwj_xb楼兰墓地001_005_hd.mesh","19837.414062","609.498535","11989.1875"
"555","WJ_erg书001.Mesh","npc.json","data\source\maps_source\小物件\室内\wj_erg书001_hd.mesh","18447.992187","746.338378","13614.429687"
"556","WJ_破车001_001.Mesh","npc.json","data\source\maps_source\小物件\车\wj_破车001_001_hd.mesh","32465.070312","932.982421","41413.71875"
"557","WJ_中级挂饰003_002.Mesh","npc.json","data\source\maps_source\小物件\室内\wj_中级挂饰003_002_hd.mesh","37494.902343","1050.043945","17115.65625"
"558","WJ_破木板002_004_HD","npc.json","data\source\maps_source\小物件\木箱\wj_破木板002_004_hd.mesh","30305.75","864.266601","35058.289062"
"559","JZ_xb楼兰三间房001_001.Mesh","npc.json","data\source\maps_source\建筑\jz_xb楼兰三间房001_001_hd.mesh","15218.476562","225.819335","27778.726562"
"560","wj_圆木桶003.Mesh","npc.json","data\source\maps_source\小物件\木箱\wj_木箱004_002_hd.mesh","26267.203125","645.413085","24840.523437"
"561","WJ_货物包001_003.Mesh","npc.json","data\source\maps_source\小物件\生活品\wj_货物包001_003_hd.mesh","33402.097656","929.084472","38850.195312"
"562","WJ_erg酒坛002.Mesh","npc.json","data\source\maps_source\小物件\室内\wj_erg酒坛002_hd.mesh","18314.75","740.119628","14581.304687"
"563","JZ_xb玉门关建筑001_002.Mesh","npc.json","data\source\maps_source\建筑\jz_xb玉门关建筑001_002_hd.mesh","31686.558593","635.555664","24951.273437"
"564","XWJ_ca桌子001_001.Mesh","npc.json","data\source\maps_source\小物件\室内\xwj_ca桌子001_001_hd.mesh","18555.703125","644.502441","12678.15625"
"565","WJ_木桌005_002.Mesh","npc.json","data\source\maps_source\小物件\桌凳\wj_木桌005_002_hd.mesh","33503.734375","626.425781","22794.460937"
"566","XWJ_垫子001.Mesh","npc.json","data\source\maps_source\小物件\室内\xwj_垫子001_hd.mesh","37270.28125","698.853515","17547.03125"
"567","WJ_饭桌001.Mesh","npc.json","data\source\maps_source\小物件\室内\wj_饭桌001_hd.mesh","37259.089843","695.985351","17392.460937"
"568","WJ_工地物件001_011.Mesh","npc.json","data\source\maps_source\小物件\工地物件\wj_工地物件001_011_hd.mesh","30035.691406","820.828125","31983.28125"
"569","XWJ_火盆002_001.Mesh","npc.json","data\source\maps_source\小物件\灯\xwj_火盆002_001_hd.mesh","35803.066406","925.601562","37295.789062"
"570","JZ_xb楼兰哨台001_005.Mesh","npc.json","data\source\maps_source\建筑\jz_xb楼兰哨台001_005_hd.mesh","16606.5625","372.11621","21550.296875"
"571","XWJ_路灯003A_HD","npc.json","data\source\maps_source\小物件\灯\xwj_路灯003a_hd.mesh","39548.847656","928.74707","38304.542968"
"572","XWJ_人俑灯001.Mesh","npc.json","data\source\maps_source\小物件\室内\xwj_人俑灯001_hd.mesh","30985.195312","939.474609","42336.214843"
"573","WJ_中级挂饰004_002.Mesh","npc.json","data\source\maps_source\小物件\室内\wj_中级挂饰004_002_hd.mesh","33271.621093","1109.378906","39314.140625"
"574","jz_xb玉门关建筑002_001.mesh","npc.json","data\source\maps_source\建筑\jz_xb玉门关建筑002_001_hd.mesh","18326.742187","608.86621","15265.367187"
"575","WJ_地毯001_001.Mesh","npc.json","data\source\maps_source\小物件\生活品\wj_地毯001_001_hd.mesh","31421.386718","939.457031","42840.027343"
"576","S_西北枯树001_001.Mesh","npc.json","data\source\maps_source\树\s_西北枯树001_001_hd.mesh","48679.726562","1509.356933","39442.574218"
"577","WJ_物什箱014.Mesh","npc.json","data\source\maps_source\小物件\木箱\wj_物什箱014_hd.mesh","20106.980468","921.927734","35741.75"
"578","WJ_坛子001_001.Mesh","npc.json","data\source\maps_source\小物件\坛罐\wj_坛子001_001_hd.mesh","31095.539062","939.480468","42027.546875"
"579","WJ_坛子001_002.Mesh","npc.json","data\source\maps_source\小物件\坛罐\wj_坛子001_002_hd.mesh","30950.597656","1119.589843","44553.273437"
"580","JZ_xb玉门关建筑001_002.Mesh","npc.json","data\source\maps_source\建筑\jz_xb玉门关建筑001_002_hd.mesh","25131.734375","609.37207","14771.835937"
"581","WJ_坛子001_001.Mesh","npc.json","data\source\maps_source\小物件\坛罐\wj_坛子001_001_hd.mesh","31039.152343","939.460937","44569.476562"
"582","S_西北枯树001_001.Mesh","npc.json","data\source\maps_source\树\s_西北枯树001_001_hd.mesh","15031.125","314.154785","18882.726562"
"583","WJ_地毯001_001.Mesh","npc.json","data\source\maps_source\小物件\生活品\wj_地毯001_001_hd.mesh","31421.386718","939.457031","42310.445312"
"584","wj_卷毯001_001.Mesh","npc.json","data\source\maps_source\小物件\生活品\wj_卷毯001_001_hd.mesh","20593.753906","1085.636718","36103.136718"
"585","WJ_木箱004_002.Mesh","npc.json","data\source\maps_source\小物件\木箱\wj_木箱004_002_hd.mesh","9687.828125","2036.005859","30488.765625"
"586","WJ_蚕板_001_001.Mesh","npc.json","data\source\maps_source\小物件\生活品\wj_蚕板_001_001_hd.mesh","34105.585937","743.27539","24184.320312"
"587","WJ_龙门大缸001.Mesh","npc.json","data\source\maps_source\小物件\坛罐\wj_龙门大缸001_hd.mesh","35712.050781","924.679687","38449.765625"
"588","WJ_HQM悬挂布001.Mesh","npc.json","data\source\maps_source\小物件\室内\wj_hqm悬挂布001_hd.mesh","35616.519531","1372.376953","38967.941406"
"589","JZ_xb玉门关建筑001_002.Mesh","npc.json","data\source\maps_source\建筑\jz_xb玉门关建筑001_002_hd.mesh","28455.828125","822.042968","33352.582031"
"590","JZ_xb玉门关建筑001_001.Mesh","npc.json","data\source\maps_source\建筑\jz_xb玉门关建筑001_001_hd.mesh","25192.28125","608.77246","16234.109375"
"591","JZ_xb楼兰哨台001_007.Mesh","npc.json","data\source\maps_source\建筑\jz_xb楼兰哨台001_007_hd.mesh","37419.289062","932.489257","36008.019531"
"592","WJ_erg酒坛002.Mesh","npc.json","data\source\maps_source\小物件\室内\wj_erg酒坛002_hd.mesh","33773.085937","1013.881835","38477.664062"
"593","WJ_erg酒坛001.Mesh","npc.json","data\source\maps_source\小物件\室内\wj_erg酒坛001_hd.mesh","31238.15625","939.472656","43639.785156"
"594","JZ_xb玉门关建筑001_004.Mesh","npc.json","data\source\maps_source\建筑\jz_xb玉门关建筑001_004_hd.mesh","33459.519531","484.271484","25178.421875"
"595","Data\source\maps_source\建筑室内\JZ_xb玉门关建筑001_003酒馆001.pvs","npc.json","data\source\maps_source\建筑室内\jz_xb玉门关建筑001_003sn_hd.mesh","33821.527343","622.935546","23126.46875"
"596","WJ_木箱004_002.Mesh","npc.json","data\source\maps_source\小物件\木箱\wj_木箱004_002_hd.mesh","24045.195312","867.762695","36669.484375"
"597","WJ_桌子002_003.Mesh","npc.json","data\source\maps_source\小物件\室内\wj_桌子002_003_hd.mesh","31446.5625","939.472656","42833.316406"
"598","WJ_破木板002_001_HD","npc.json","data\source\maps_source\小物件\木箱\wj_破木板002_001_hd.mesh","30085.449218","864.7583","34895.917968"
"599","JZ_xb楼兰哨台001_003.Mesh","npc.json","data\source\maps_source\建筑\jz_xb楼兰哨台001_003_hd.mesh","37676.796875","666.65039","21163.039062"
"600","XWJ_斗笠001.Mesh","npc.json","data\source\maps_source\小物件\生活品\xwj_斗笠001_hd.mesh","34078.882812","965.988769","34126.367187"
"601","wj_圆木桶堆001.Mesh","npc.json","data\source\maps_source\小物件\木箱\wj_圆木桶堆001_hd.mesh","35897.851562","924.695312","39163.207031"
"602","WJ_HQM悬挂布001.Mesh","npc.json","data\source\maps_source\小物件\室内\wj_hqm悬挂布001_hd.mesh","33900.179687","1372.376953","38785.425781"
"603","Data\source\maps_source\建筑室内\JZ_xb玉门关建筑002_005酒店001.pvs","npc.json","data\source\maps_source\建筑室内\jz_xb玉门关建筑002_005sn_hd.mesh","31193.761718","927.261718","43864.148437"
"604","S_西北枯树001_001.Mesh","npc.json","data\source\maps_source\树\s_西北枯树001_001_hd.mesh","15607.09375","810.285644","29290.742187"
"605","JZ_xb楼兰三间房001_002.Mesh","npc.json","data\source\maps_source\建筑\jz_xb楼兰三间房001_002_hd.mesh","12445.585937","339.240234","14676.0"
"606","WJ_erg书灯001.Mesh","npc.json","data\source\maps_source\小物件\室内\wj_erg书灯001_hd.mesh","31689.617187","1594.921875","43666.832031"
"607","JZ_xb楼兰三间房001_003.Mesh","npc.json","data\source\maps_source\建筑\jz_xb楼兰三间房001_003_hd.mesh","19286.375","736.154296","31615.15625"
"608","WJ_sn茅草房001_004.Mesh","npc.json","data\source\maps_source\小物件\室内\wj_sn茅草房001_004_hd.mesh","37900.972656","695.985351","18119.320312"
"609","XWJ_农家物件005_008.Mesh","npc.json","data\source\maps_source\小物件\生活品\xwj_农家物件005_008_hd.mesh","34153.1875","1013.386718","38587.296875"
"610","WJ_小瓶子001.Mesh","npc.json","data\source\maps_source\小物件\室内\wj_小瓶子001_hd.mesh","19860.046875","1029.901855","36790.589843"
"611","wj_通用坛罐001_004_HD","npc.json","data\source\maps_source\小物件\坛罐\wj_通用坛罐001_004_hd.mesh","35289.285156","929.983398","37259.371093"
"612","WJ_sn茅草房001_006.Mesh","npc.json","data\source\maps_source\小物件\室内\wj_sn茅草房001_006_hd.mesh","34100.238281","924.703125","39211.617187"
"613","JZ_xb楼兰三间房001_003.Mesh","npc.json","data\source\maps_source\建筑\jz_xb楼兰三间房001_003_hd.mesh","29990.296875","518.798828","28647.21875"
"614","WJ_破车001_001.Mesh","npc.json","data\source\maps_source\小物件\车\wj_破车001_001_hd.mesh","38177.871093","911.375","36872.519531"
"615","JZ_xb楼兰三间房001_001.Mesh","npc.json","data\source\maps_source\建筑\jz_xb楼兰三间房001_001_hd.mesh","15388.492187","1045.354492","35267.261718"
"616","WJ_sn茅草房001_011.Mesh","npc.json","data\source\maps_source\小物件\室内\wj_sn茅草房001_011_hd.mesh","38286.0","695.981445","17702.265625"
"617","wj_圆木桶堆001.Mesh","npc.json","data\source\maps_source\小物件\木箱\wj_圆木桶堆001_hd.mesh","35864.71875","924.703125","38566.449218"
"618","wj_货包包001_001.Mesh","npc.json","data\source\maps_source\小物件\生活品\wj_货包包001_001_hd.mesh","35213.292968","924.691406","39248.0"
"619","wj_通用坛罐001_003_HD","npc.json","data\source\maps_source\小物件\坛罐\wj_通用坛罐001_003_hd.mesh","36230.261718","940.982421","37209.550781"
"620","XWJ_xb楼兰墓地001_005.Mesh","npc.json","data\source\maps_source\小物件\坟地物件\xwj_xb楼兰墓地001_005_hd.mesh","15215.21875","962.657226","30342.640625"
"621","WJ_垫子001.Mesh","npc.json","data\source\maps_source\小物件\室内\wj_垫子001_hd.mesh","31453.800781","939.457031","43007.195312"
"622","WJ_erg坐垫001.Mesh","npc.json","data\source\maps_source\小物件\室内\wj_erg坐垫001_hd.mesh","18415.359375","644.51416","12683.671875"
"623","JZ_xb楼兰三间房001_002.Mesh","npc.json","data\source\maps_source\建筑\jz_xb楼兰三间房001_002_hd.mesh","43363.144531","1036.52832","33885.941406"
"624","WJ_餐具001_001.Mesh","npc.json","data\source\maps_source\小物件\室内\wj_餐具001_001_hd.mesh","31469.503906","989.128906","42824.136718"
"625","XWJ_xb楼兰墓地001_004.Mesh","npc.json","data\source\maps_source\小物件\坟地物件\xwj_xb楼兰墓地001_004_hd.mesh","25110.644531","858.180664","37695.300781"
"626","wj_卷毯001_001.Mesh","npc.json","data\source\maps_source\小物件\生活品\wj_卷毯001_001_hd.mesh","20585.261718","1006.973632","36623.378906"
"627","XWJ_ca桌子001_001.Mesh","npc.json","data\source\maps_source\小物件\室内\xwj_ca桌子001_001_hd.mesh","18203.828125","644.51416","12690.960937"
"628","WJ_erg书灯001.Mesh","npc.json","data\source\maps_source\小物件\室内\wj_erg书灯001_hd.mesh","31020.75","1594.921875","42967.335937"
"629","WJ_垫子001.Mesh","npc.json","data\source\maps_source\小物件\室内\wj_垫子001_hd.mesh","31440.507812","939.472656","42466.867187"
"630","WJ_酒坛006_001.Mesh","npc.json","data\source\maps_source\小物件\坛罐\wj_酒坛006_001_hd.mesh","32444.5","985.445312","43113.550781"
"631","WJ_木梯_001.Mesh","npc.json","data\source\maps_source\小物件\生活品\wj_木梯_001_hd.mesh","33569.179687","924.703125","39488.621093"
"632","Data\source\maps_source\建筑室内\JZ_xb玉门关建筑002_003商铺001.pvs","npc.json","data\source\maps_source\建筑室内\jz_xb玉门关建筑002_003sw_hd.mesh","34599.902343","911.039062","38551.78125"
"633","WJ_木箱001.Mesh","npc.json","data\source\maps_source\小物件\木箱\wj_木箱001_hd.mesh","18608.585937","1128.882812","35919.496093"
"634","XWJ_火盆002_001.Mesh","npc.json","data\source\maps_source\小物件\灯\xwj_火盆002_001_hd.mesh","45683.351562","1092.735351","34600.128906"
"635","WJ_沙包009_01.Mesh","npc.json","data\source\maps_source\小物件\生活品\wj_沙包009_01_hd.mesh","26547.882812","1153.481445","40899.71875"
"636","PJ_玉门草棚001.Mesh","npc.json","data\source\maps_source\建筑配套\pj_玉门草棚001_hd.mesh","20401.304687","616.159179","29341.742187"
"637","wj_圆木桶003.Mesh","npc.json","data\source\maps_source\小物件\木箱\wj_圆木桶003_hd.mesh","29583.953125","868.36621","31512.289062"
"638","WJ_货伞_002.Mesh","npc.json","data\source\maps_source\小物件\生活品\wj_货伞_002_hd.mesh","33369.382812","1487.316406","39540.449218"
"639","XWJ_农家物件008.Mesh","npc.json","data\source\maps_source\小物件\生活品\xwj_农家物件008_hd.mesh","38132.414062","921.556152","36627.957031"
"640","wj_卷毯001_001.Mesh","npc.json","data\source\maps_source\小物件\生活品\wj_卷毯001_001_hd.mesh","20612.960937","1008.172851","36058.316406"
"641","WJ_中级挂饰003_003.Mesh","npc.json","data\source\maps_source\小物件\室内\wj_中级挂饰003_003_hd.mesh","33649.449218","1097.998046","38777.421875"
"642","WJ_龙门大缸001.Mesh","npc.json","data\source\maps_source\小物件\坛罐\wj_龙门大缸001_hd.mesh","12385.3125","773.182128","10629.171875"
"643","XWJ_火盆002_001.Mesh","npc.json","data\source\maps_source\小物件\灯\xwj_火盆002_001_hd.mesh","32319.222656","914.46875","39606.289062"
"644","wj_陶罐008_HD","npc.json","data\source\maps_source\小物件\坛罐\wj_陶罐008_hd.mesh","34387.371093","915.603515","33945.160156"
"645","WJ_木堆001.Mesh","npc.json","data\source\maps_source\小物件\生活品\wj_木堆001_hd.mesh","19976.101562","803.766601","30869.023437"
"646","wj_小药瓶_001.Mesh","npc.json","data\source\maps_source\小物件\生活品\wj_小药瓶_001_hd.mesh","18602.734375","740.131347","14551.09375"
"647","WJ_erg布包001.Mesh","npc.json","data\source\maps_source\小物件\室内\wj_erg布包001_hd.mesh","34163.867187","1013.001953","38487.90625"
"648","WJ_erg布包001.Mesh","npc.json","data\source\maps_source\小物件\室内\wj_erg布包001_hd.mesh","25840.800781","978.865234","37212.757812"
"649","CQ_玉门关城墙001_003.Mesh","npc.json","data\source\maps_source\城墙\cq_玉门关城墙001_003_hd.mesh","40581.515625","326.632812","16669.890625"
"650","JZ_xb楼兰三间房001_002.Mesh","npc.json","data\source\maps_source\建筑\jz_xb楼兰三间房001_002_hd.mesh","26138.0","556.769531","14883.6875"
"651","WJ_sly蜡烛001.Mesh","npc.json","data\source\maps_source\小物件\室内\wj_sly蜡烛001_hd.mesh","18238.242187","746.071289","13645.0"
"652","XWJ_农家物件008.Mesh","npc.json","data\source\maps_source\小物件\生活品\xwj_农家物件008_hd.mesh","31365.164062","935.242187","41986.164062"
"653","WJ_木箱004_001.Mesh","npc.json","data\source\maps_source\小物件\木箱\wj_木箱004_001_hd.mesh","31168.3125","674.023925","25617.195312"
"654","XWJ_xb楼兰墓地001_004.Mesh","npc.json","data\source\maps_source\小物件\坟地物件\xwj_xb楼兰墓地001_004_hd.mesh","26734.421875","706.956054","11880.664062"
"655","JZ_xb楼兰哨台001_002.Mesh","npc.json","data\source\maps_source\建筑\jz_xb楼兰哨台001_002_hd.mesh","36436.015625","843.5708","46966.242187"
"656","JZ_xb楼兰三间房001_003.Mesh","npc.json","data\source\maps_source\建筑\jz_xb楼兰三间房001_003_hd.mesh","35225.359375","375.112304","24475.648437"
"657","Data\source\maps_source\建筑室内\JZ_xb玉门关建筑001_003民居002.pvs","npc.json","data\source\maps_source\建筑室内\jz_xb玉门关建筑001_003sn_hd.mesh","15565.546875","716.698242","13747.796875"
"658","WJ_餐具001_001.Mesh","npc.json","data\source\maps_source\小物件\室内\wj_餐具001_001_hd.mesh","37269.4375","762.329101","17403.914062"
"659","WJ_壁挂灯笼001.Mesh","npc.json","data\source\maps_source\小物件\室内\wj_壁挂灯笼001_hd.mesh","30963.132812","1195.429687","43551.929687"
"660","JZ_xb楼兰三间房001_003.Mesh","npc.json","data\source\maps_source\建筑\jz_xb楼兰三间房001_003_hd.mesh","40436.234375","690.882812","29237.492187"
"661","XWJ_农家物件004_002.Mesh","npc.json","data\source\maps_source\小物件\生活品\xwj_农家物件004_002_hd.mesh","18013.265625","886.737304","12785.3125"
"662","WJ_木箱001.Mesh","npc.json","data\source\maps_source\小物件\木箱\wj_木箱001_hd.mesh","18598.742187","1227.831054","36218.285156"
"663","WJ_书籍001.Mesh","npc.json","data\source\maps_source\小物件\室内\wj_书籍001_hd.mesh","19709.699218","968.158203","36270.457031"
"664","XWJ_农家物件003_001.Mesh","npc.json","data\source\maps_source\小物件\生活品\xwj_农家物件003_001_hd.mesh","34433.347656","1070.33496","22433.164062"
"665","XWJ_火盆002_001.Mesh","npc.json","data\source\maps_source\小物件\灯\xwj_火盆002_001_hd.mesh","19524.167968","557.5","15298.09375"
"666","WJ_挂毯001_001.Mesh","npc.json","data\source\maps_source\小物件\生活品\wj_挂毯001_001_hd.mesh","17649.945312","1323.161132","12086.03125"
"667","WJ_erg酒坛002.Mesh","npc.json","data\source\maps_source\小物件\室内\wj_erg酒坛002_hd.mesh","25866.601562","925.103515","37137.652343"
"668","WJ_erg坐垫001.Mesh","npc.json","data\source\maps_source\小物件\室内\wj_erg坐垫001_hd.mesh","18676.28125","644.51416","12694.71875"
"669",,"volume/volumeglobal.json",,"0.0","0.0","0.0"
"670","jz_xb玉门关建筑002_001.mesh","npc.json","data\source\maps_source\建筑\jz_xb玉门关建筑002_001_hd.mesh","41673.730468","1002.580078","31318.84375"
"671","WJ_erg柜子002.Mesh","npc.json","data\source\maps_source\小物件\室内\wj_erg柜子002_hd.mesh","19039.054687","922.146972","36789.347656"
"672","WJ_破车001_001.Mesh","npc.json","data\source\maps_source\小物件\车\wj_破车001_001_hd.mesh","33271.34375","871.947265","37357.988281"
"673","WJ_龙门大缸001.Mesh","npc.json","data\source\maps_source\小物件\坛罐\wj_龙门大缸001_hd.mesh","30188.96875","791.830078","34207.941406"
"674","WJ_中级挂饰003_003.Mesh","npc.json","data\source\maps_source\小物件\室内\wj_中级挂饰003_003_hd.mesh","38220.089843","752.512695","17169.5625"
"675","wj_小药瓶_002.Mesh","npc.json","data\source\maps_source\小物件\生活品\wj_小药瓶_002_hd.mesh","18816.546875","877.640625","12762.421875"
"676","wj_木围墙007_003.Mesh","npc.json","data\source\maps_source\小物件\栏杆\wj_木围墙007_003_hd.mesh","45588.515625","1191.601562","37869.390625"
"677","XWJ_垫子001.Mesh","npc.json","data\source\maps_source\小物件\室内\xwj_垫子001_hd.mesh","37402.859375","695.985351","17382.671875"
"678","XWJ_xb楼兰墓地001_003.Mesh","npc.json","data\source\maps_source\小物件\坟地物件\xwj_xb楼兰墓地001_003_hd.mesh","32363.226562","843.009765","33963.527343"
"679","S_xb多枝枯树003_005.Mesh","speedtree.json","Data\source\maps_source\树\S_xb多枝枯树003_005.srt","25865.335937","944.575683","31844.125"
"680","WJ_簸箕_002.Mesh","npc.json","data\source\maps_source\小物件\生活品\wj_簸箕_002_hd.mesh","33864.566406","742.333984","24216.96875"
"681","WJ_坛子002_001.Mesh","npc.json","data\source\maps_source\小物件\坛罐\wj_坛子002_001_hd.mesh","35897.625","1487.304687","38469.308593"
"682","JZ_xb楼兰三间房001_001.Mesh","npc.json","data\source\maps_source\建筑\jz_xb楼兰三间房001_001_hd.mesh","26620.210937","693.960937","12222.078125"
"683","wj_木围墙007_001.Mesh","npc.json","data\source\maps_source\小物件\栏杆\wj_木围墙007_001_hd.mesh","45404.992187","1134.223632","34227.894531"
"684","WJ_木箱004_002.Mesh","npc.json","data\source\maps_source\小物件\木箱\wj_木箱004_002_hd.mesh","38232.285156","1085.234375","36880.425781"
"685","WJ_餐具001_001.Mesh","npc.json","data\source\maps_source\小物件\室内\wj_餐具001_001_hd.mesh","31466.152343","989.140625","42304.992187"
"686","CQ_玉门关城墙001_003.Mesh","npc.json","data\source\maps_source\城墙\cq_玉门关城墙001_003_hd.mesh","40450.570312","39.811767","25746.361328"
"687","wj_木围墙007_003.Mesh","npc.json","data\source\maps_source\小物件\栏杆\wj_木围墙007_003_hd.mesh","46095.230468","1190.479003","36217.710937"
"688","XWJ_农家物件004_002.Mesh","npc.json","data\source\maps_source\小物件\生活品\xwj_农家物件004_002_hd.mesh","33641.191406","1139.290527","39226.652343"
"689","XWJ_火盆002_001.Mesh","npc.json","data\source\maps_source\小物件\灯\xwj_火盆002_001_hd.mesh","45805.085937","1183.217773","36131.703125"
"690","S_xb多枝枯树003_003.Mesh","speedtree.json","Data\source\maps_source\树\S_xb多枝枯树003_003.srt","34477.199218","847.243164","43961.859375"
"691","WJ_摇钱树001.Mesh","npc.json","data\source\maps_source\小物件\室内\wj_摇钱树001_hd.mesh","31605.984375","939.472656","44651.445312"
"692","WJ_破车001_001.Mesh","npc.json","data\source\maps_source\小物件\车\wj_破车001_001_hd.mesh","19477.003906","457.601562","28131.046875"
"693","XWJ_ca柜子003_002.Mesh","npc.json","data\source\maps_source\小物件\室内\xwj_ca柜子003_002_hd.mesh","31347.355468","939.480468","44383.867187"
"694","WJ_erg桌子003.Mesh","npc.json","data\source\maps_source\小物件\室内\wj_erg桌子003_hd.mesh","33828.527343","925.508789","39471.535156"
"695","WJ_餐具001.Mesh","npc.json","data\source\maps_source\小物件\室内\wj_餐具001_hd.mesh","16040.34375","789.924804","13262.882812"
"696","WJ_HQM悬挂布001.Mesh","npc.json","data\source\maps_source\小物件\室内\wj_hqm悬挂布001_hd.mesh","33657.25","1372.376953","39026.367187"
"697","JZ_xb玉门关建筑001_004.Mesh","npc.json","data\source\maps_source\建筑\jz_xb玉门关建筑001_004_hd.mesh","25015.238281","821.517578","38092.753906"
"698","WJ_erg书灯001.Mesh","npc.json","data\source\maps_source\小物件\室内\wj_erg书灯001_hd.mesh","31020.75","1594.921875","43666.832031"
"699","S_xb多枝枯树003_007.Mesh","speedtree.json","Data\source\maps_source\树\S_xb多枝枯树003_007.srt","44302.921875","1092.92041","34077.382812"
"700","wj_圆木桶003.Mesh","npc.json","data\source\maps_source\小物件\木箱\wj_木箱004_002_hd.mesh","34812.417968","766.478515","32831.21875"
"701","XWJ_ca柜子001_003.Mesh","npc.json","data\source\maps_source\小物件\室内\xwj_ca柜子001_003_hd.mesh","17988.46875","645.101562","14557.992187"
"702","S_xb多枝枯树003_001.Mesh","speedtree.json","Data\source\maps_source\树\S_xb多枝枯树003_001.srt","8836.21875","2028.592773","34380.292968"
"703","WJ_坛子002_005.Mesh","npc.json","data\source\maps_source\小物件\坛罐\wj_坛子002_005_hd.mesh","33631.960937","738.575195","24199.234375"
"704","jz_xb玉门关建筑002_001.mesh","npc.json","data\source\maps_source\建筑\jz_xb玉门关建筑002_001_hd.mesh","40663.59375","1109.672363","15338.328125"
"705","XWJ_被子001.Mesh","npc.json","data\source\maps_source\小物件\室内\xwj_被子001_hd.mesh","25900.40625","929.601074","37173.738281"
"706","WJ_垫子001.Mesh","npc.json","data\source\maps_source\小物件\室内\wj_垫子001_hd.mesh","31444.40625","939.449218","42668.953125"
"707","WJ_破车001_001.Mesh","npc.json","data\source\maps_source\小物件\车\wj_破车001_001_hd.mesh","9674.070312","1873.291015","30455.515625"
"708","WJ_坛子002_001.Mesh","npc.json","data\source\maps_source\小物件\坛罐\wj_坛子002_001_hd.mesh","33426.929687","920.876953","39101.9375"
"709","PJ_玉门草棚001.Mesh","npc.json","data\source\maps_source\建筑配套\pj_玉门草棚001_hd.mesh","34036.320312","898.423828","33902.253906"
"710","WJ_工地物件001_011.Mesh","npc.json","data\source\maps_source\小物件\工地物件\wj_工地物件001_011_hd.mesh","39902.214843","1031.943359","31940.109375"
"711","wj_圆木桶001.Mesh","npc.json","data\source\maps_source\小物件\木箱\wj_圆木桶001_hd.mesh","33436.089843","924.695312","39496.738281"
"712","XWJ_农家物件005_003.Mesh","npc.json","data\source\maps_source\小物件\生活品\xwj_农家物件005_003_hd.mesh","38352.109375","1104.329101","17611.578125"
"713","JZ_xb楼兰哨台001_006.Mesh","npc.json","data\source\maps_source\建筑\jz_xb楼兰哨台001_006_hd.mesh","29059.597656","973.530761","49208.023437"
"714","WJ_壁挂灯笼001.Mesh","npc.json","data\source\maps_source\小物件\室内\wj_壁挂灯笼001_hd.mesh","19133.511718","1217.888671","35692.238281"
"715","wj_圆木桶003.Mesh","npc.json","data\source\maps_source\小物件\木箱\wj_木箱004_002_hd.mesh","29765.101562","932.129882","39765.875"
"716","WJ_sn茅草房001_010.Mesh","npc.json","data\source\maps_source\小物件\室内\wj_sn茅草房001_010_hd.mesh","31856.5625","939.472656","44873.511718"
"717","WJ_坛子001_002.Mesh","npc.json","data\source\maps_source\小物件\坛罐\wj_坛子001_002_hd.mesh","33705.171875","1013.378906","38474.316406"
"718","WJ_小石台001.Mesh","npc.json","data\source\maps_source\小物件\桌凳\wj_小石台001_hd.mesh","34188.65625","643.588378","22234.472656"
"719","Data\source\maps_source\建筑室内\JZ_xb玉门关建筑002_003旅馆001.pvs","npc.json","data\source\maps_source\建筑室内\jz_xb玉门关建筑002_003sn_hd.mesh","18673.695312","630.850097","13248.171875"
"720","WJ_餐具001_001.Mesh","npc.json","data\source\maps_source\小物件\室内\wj_餐具001_001_hd.mesh","31472.75","989.136718","43748.84375"
"721","JZ_xb楼兰三间房001_003.Mesh","npc.json","data\source\maps_source\建筑\jz_xb楼兰三间房001_003_hd.mesh","33871.878906","536.814453","15598.296875"
"722","S_西北枯树001_002.Mesh","speedtree.json","Data\source\maps_source\树\S_西北枯树001_002.srt","12030.976562","536.166015","15192.359375"
"723","XWJ_火盆002_001.Mesh","npc.json","data\source\maps_source\小物件\灯\xwj_火盆002_001_hd.mesh","39011.414062","909.770507","33752.578125"
"724","JZ_xb楼兰哨台001_004.Mesh","npc.json","data\source\maps_source\建筑\jz_xb楼兰哨台001_004_hd.mesh","44297.757812","1051.141601","32738.96875"
"725","WJ_酒坛006_001.Mesh","npc.json","data\source\maps_source\小物件\坛罐\wj_酒坛006_001_hd.mesh","30695.554687","1367.308593","44161.210937"
"726","wj_卷毯001_001.Mesh","npc.json","data\source\maps_source\小物件\生活品\wj_卷毯001_001_hd.mesh","18151.453125","1019.384765","14555.34375"
"727","WJ_酒坛006_001.Mesh","npc.json","data\source\maps_source\小物件\坛罐\wj_酒坛006_001_hd.mesh","31350.449218","1033.867675","44619.953125"
"728","WJ_破车001_002.Mesh","npc.json","data\source\maps_source\小物件\车\wj_破车001_002_hd.mesh","24472.21875","544.817382","26743.765625"
"729","wj_小药瓶_002.Mesh","npc.json","data\source\maps_source\小物件\生活品\wj_小药瓶_002_hd.mesh","18816.546875","877.640625","13716.046875"
"730","ST_xb龙门荒漠石001_004.Mesh","npc.json","data\source\maps_source\石头\st_xb龙门荒漠石001_004_hd.mesh","24011.390625","801.915039","69535.703125"
"731","ST_xb龙门荒漠石001_011.Mesh","npc.json","data\source\maps_source\石头\st_xb龙门荒漠石001_011_hd.mesh","19887.714843","725.625488","70910.320312"
"732","ST_xb龙门荒漠石001_010.Mesh","npc.json","data\source\maps_source\石头\st_xb龙门荒漠石001_010_hd.mesh","23094.777343","806.549316","73795.570312"
"733","ST_xb龙门荒漠石001_012.Mesh","npc.json","data\source\maps_source\石头\st_xb龙门荒漠石001_012_hd.mesh","19186.921875","896.877929","94145.976562"
"734","S_xb多枝枯树003_005.Mesh","speedtree.json","Data\source\maps_source\树\S_xb多枝枯树003_005.srt","41423.972656","1382.470703","96955.648437"
"735","ST_xb龙门荒漠石001_012.Mesh","npc.json","data\source\maps_source\石头\st_xb龙门荒漠石001_012_hd.mesh","12883.109375","474.413085","75009.898437"
"736","S_xb多枝枯树003_001.Mesh","speedtree.json","Data\source\maps_source\树\S_xb多枝枯树003_001.srt","24405.4375","1083.167968","68190.726562"
"737","WJ_mj篝火001_002.Mesh","npc.json","data\source\maps_source\门派\明教\wj_mj篝火001_002_hd.mesh","14949.398437","923.74707","78127.515625"
"738","ST_xb龙门荒漠石001_012.Mesh","npc.json","data\source\maps_source\石头\st_xb龙门荒漠石001_012_hd.mesh","26327.328125","1503.292968","94429.921875"
"739","XWJ_xb楼兰墓地001_005.Mesh","npc.json","data\source\maps_source\小物件\坟地物件\xwj_xb楼兰墓地001_005_hd.mesh","19107.265625","1310.168457","65649.03125"
"740","ST_mj底层石头001_004_HD","npc.json","data\source\maps_source\门派\明教\st_mj底层石头001_004_hd.mesh","31921.957031","2128.733398","69809.898437"
"741","WJ_mj遮阳棚001_002.Mesh","npc.json","data\source\maps_source\门派\明教\wj_mj遮阳棚001_002_hd.mesh","25628.714843","634.022949","89160.328125"
"742","WJ_龙门荒漠路标001.Mesh","npc.json","data\source\maps_source\小物件\路标\wj_龙门荒漠路标001_hd.mesh","44485.398437","1932.075195","77274.234375"
"743","WJ_木箱004_002.Mesh","npc.json","data\source\maps_source\小物件\木箱\wj_木箱004_002_hd.mesh","44281.160156","1971.21875","76340.765625"
"744","S_xb多枝枯树003_001.Mesh","speedtree.json","Data\source\maps_source\树\S_xb多枝枯树003_001.srt","18886.375","1167.220703","65770.375"
"745","WJ_木箱004_002.Mesh","npc.json","data\source\maps_source\小物件\木箱\wj_木箱004_002_hd.mesh","44444.976562","1979.367187","76183.195312"
"746","S_xb多枝枯树003_005.Mesh","speedtree.json","Data\source\maps_source\树\S_xb多枝枯树003_005.srt","24236.429687","666.010253","85397.421875"
"747","JZ_军营帐篷001_003.Mesh","npc.json","data\source\maps_source\建筑\jz_军营帐篷001_003_hd.mesh","49108.714843","3349.642578","85543.335937"
"748","ST_xb龙门荒漠石001_013.Mesh","npc.json","data\source\maps_source\石头\st_xb龙门荒漠石001_013_hd.mesh","16173.859375","281.393554","81648.898437"
"749","ST_xb龙门荒漠石001_004.Mesh","npc.json","data\source\maps_source\石头\st_xb龙门荒漠石001_004_hd.mesh","20557.648437","781.623535","68816.648437"
"750","WJ_破车001_002.Mesh","npc.json","data\source\maps_source\小物件\车\wj_破车001_002_hd.mesh","22786.015625","439.633789","89815.3125"
"751","JZ_xb楼兰哨台001_007.Mesh","npc.json","data\source\maps_source\建筑\jz_xb楼兰哨台001_007_hd.mesh","43994.683593","1965.060546","76794.320312"
"752","ST_xb龙门荒漠石001_013.Mesh","npc.json","data\source\maps_source\石头\st_xb龙门荒漠石001_013_hd.mesh","16514.6875","962.141601","80849.578125"
"753","JZ_xb玉门关建筑002_006.Mesh","npc.json","data\source\maps_source\建筑\jz_xb玉门关建筑002_006_hd.mesh","18992.492187","1291.703613","64332.992187"
"754","ST_mj石头002_002.Mesh","npc.json","data\source\maps_source\门派\明教\st_mj石头002_002_hd.mesh","19334.617187","-260.260742","82369.75"
"755","ST_xb龙门荒漠石001_008.Mesh","npc.json","data\source\maps_source\石头\st_xb龙门荒漠石001_008_hd.mesh","26134.421875","417.293945","78525.453125"
"756","wj_圆木桶001.Mesh","npc.json","data\source\maps_source\小物件\木箱\wj_圆木桶001_hd.mesh","41671.472656","1361.706542","100640.960937"
"757","WJ_sn茅草房001_012.Mesh","npc.json","data\source\maps_source\小物件\室内\wj_sn茅草房001_012_hd.mesh","41607.855468","1362.643554","100561.734375"
"758","ST_mj石头002_002.Mesh","npc.json","data\source\maps_source\门派\明教\st_mj石头002_002_hd.mesh","27073.265625","349.169921","90566.359375"
"759","ST_xb龙门荒漠石001_009.Mesh","npc.json","data\source\maps_source\石头\st_xb龙门荒漠石001_009_hd.mesh","43447.46875","634.156738","97210.023437"
"760","PJ_玉门草棚001.Mesh","npc.json","data\source\maps_source\建筑配套\pj_玉门草棚001_hd.mesh","44471.191406","1934.127929","76237.375"
"761","WJ_火堆001_001_HD","npc.json","data\source\maps_source\小物件\灯\wj_火堆001_001_hd.mesh","25437.560546","669.606811","89930.25"
"762","ST_mj石头002_002.Mesh","npc.json","data\source\maps_source\门派\明教\st_mj石头002_002_hd.mesh","24460.179687","929.030761","52593.867187"
"763","ST_xb龙门荒漠石001_010.Mesh","npc.json","data\source\maps_source\石头\st_xb龙门荒漠石001_010_hd.mesh","22352.5","-38.583496","57694.8125"
"764","ST_xb龙门荒漠石001_013.Mesh","npc.json","data\source\maps_source\石头\st_xb龙门荒漠石001_013_hd.mesh","26020.761718","1781.384765","67878.617187"
"765","XWJ_xb楼兰墓地001_004.Mesh","npc.json","data\source\maps_source\小物件\坟地物件\xwj_xb楼兰墓地001_004_hd.mesh","17694.976562","2389.033691","56890.414062"
"766","ST_mj石头002_002.Mesh","npc.json","data\source\maps_source\门派\明教\st_mj石头002_002_hd.mesh","32844.757812","1573.545898","56388.785156"
"767","wj_圆木桶堆001.Mesh","npc.json","data\source\maps_source\小物件\木箱\wj_圆木桶堆001_hd.mesh","42390.671875","1411.669921","100696.226562"
"768","ST_mj石头003_001.Mesh","npc.json","data\source\maps_source\门派\明教\st_mj石头003_001_hd.mesh","3782.546875","1411.33496","88148.3125"
"769","XWJ_xb楼兰墓地001_005.Mesh","npc.json","data\source\maps_source\小物件\坟地物件\xwj_xb楼兰墓地001_005_hd.mesh","17353.71875","2596.253173","56604.902343"
"770","ST_mj戈壁碎石002_004.Mesh","npc.json","data\source\maps_source\门派\明教\st_mj戈壁碎石002_004_hd.mesh","19110.773437","523.597167","77354.234375"
"771","ST_mj石头002_003.Mesh","npc.json","data\source\maps_source\门派\明教\st_mj石头002_003_hd.mesh","22260.625","623.134277","62450.453125"
"772","WJ_火堆001_001_HD","npc.json","data\source\maps_source\小物件\灯\wj_火堆001_001_hd.mesh","17458.359375","580.65039","92202.679687"
"773","ST_xb龙门荒漠石001_004.Mesh","npc.json","data\source\maps_source\石头\st_xb龙门荒漠石001_004_hd.mesh","42042.257812","857.997558","96187.21875"
"774","ST_xb龙门荒漠石001_003.Mesh","npc.json","data\source\maps_source\石头\st_xb龙门荒漠石001_003_hd.mesh","15870.539062","213.987304","91696.578125"
"775","ST_mj底层石头001_002_HD","npc.json","data\source\maps_source\门派\明教\st_mj底层石头001_002_hd.mesh","6012.914062","4750.144531","91980.539062"
"776","XWJ_xb楼兰墓地001_003.Mesh","npc.json","data\source\maps_source\小物件\坟地物件\xwj_xb楼兰墓地001_003_hd.mesh","18902.054687","1314.691406","63529.898437"
"777","ST_xb龙门荒漠石001_004.Mesh","npc.json","data\source\maps_source\石头\st_xb龙门荒漠石001_004_hd.mesh","18856.59375","310.13623","94607.539062"
"778","ST_mj底层石头001_001_HD","npc.json","data\source\maps_source\门派\明教\st_mj底层石头001_001_hd.mesh","26812.5","268.154785","62754.242187"
"779","XWJ_xb楼兰墓地001_005.Mesh","npc.json","data\source\maps_source\小物件\坟地物件\xwj_xb楼兰墓地001_005_hd.mesh","11322.75","1166.732421","78066.835937"
"780","ST_xb龙门荒漠石001_011.Mesh","npc.json","data\source\maps_source\石头\st_xb龙门荒漠石001_011_hd.mesh","29700.710937","191.698242","88538.132812"
"781","ST_mj石拱003.Mesh","npc.json","data\source\maps_source\门派\明教\st_mj石拱003_hd.mesh","8466.921875","888.294433","87322.882812"
"782","WJ_沙包009_01.Mesh","npc.json","data\source\maps_source\小物件\生活品\wj_沙包009_01_hd.mesh","49588.535156","3348.171875","84358.203125"
"783","XWJ_xb楼兰墓地001_005.Mesh","npc.json","data\source\maps_source\小物件\坟地物件\xwj_xb楼兰墓地001_005_hd.mesh","23207.421875","530.804687","89587.796875"
"784","wj_竹帘棚001.mesh","npc.json","data\source\maps_source\城市\杨洲\wj_竹帘棚001_hd.mesh","44681.9375","1931.763671","76284.414062"
"785","ST_mj石头002_002.Mesh","npc.json","data\source\maps_source\门派\明教\st_mj石头002_002_hd.mesh","23620.078125","-98.154296","91788.984375"
"786","ST_xb龙门荒漠石001_004.Mesh","npc.json","data\source\maps_source\石头\st_xb龙门荒漠石001_004_hd.mesh","16183.65625","2127.832519","54286.863281"
"787","st_xb龙门荒漠石001_004_HD","npc.json","data\source\maps_source\石头\st_xb龙门荒漠石001_004_hd.mesh","25741.195312","779.604492","58981.355468"
"788","WJ_火堆001_006.Mesh","npc.json","data\source\maps_source\小物件\灯\wj_火堆001_006_hd.mesh","21035.234375","1809.294555","51979.753906"
"789","ST_xb龙门荒漠石001_004.Mesh","npc.json","data\source\maps_source\石头\st_xb龙门荒漠石001_004_hd.mesh","47200.671875","3253.05664","86713.195312"
"790","ST_mj底层石头001_001_HD","npc.json","data\source\maps_source\门派\明教\st_mj底层石头001_001_hd.mesh","6341.078125","2097.45166","87056.03125"
"791","ST_xb龙门荒漠石001_004.Mesh","npc.json","data\source\maps_source\石头\st_xb龙门荒漠石001_004_hd.mesh","18242.382812","770.516601","77323.328125"
"792","PJ_帐篷001_002.Mesh","npc.json","data\source\maps_source\建筑配套\pj_帐篷001_002_hd.mesh","16859.890625","208.614746","84257.257812"
"793","ST_mj石头002_003.Mesh","npc.json","data\source\maps_source\门派\明教\st_mj石头002_003_hd.mesh","38299.609375","1472.291503","60050.324218"
"794","ST_xb龙门荒漠石001_003.Mesh","npc.json","data\source\maps_source\石头\st_xb龙门荒漠石001_003_hd.mesh","38778.59375","1865.976562","59600.679687"
"795","WJ_mj篝火001_002.Mesh","npc.json","data\source\maps_source\门派\明教\wj_mj篝火001_002_hd.mesh","42440.0","1549.793945","98969.59375"
"796","ST_xb龙门荒漠石001_001.Mesh","npc.json","data\source\maps_source\石头\st_xb龙门荒漠石001_001_hd.mesh","19685.972656","827.0625","67581.828125"
"797","ST_xb龙门荒漠石001_011.Mesh","npc.json","data\source\maps_source\石头\st_xb龙门荒漠石001_011_hd.mesh","22378.957031","1514.204101","69115.265625"
"798","ST_xb龙门荒漠石001_013.Mesh","npc.json","data\source\maps_source\石头\st_xb龙门荒漠石001_013_hd.mesh","10359.164062","634.554687","76285.242187"
"799","WJ_动物骸骨001_001.Mesh","npc.json","data\source\maps_source\小物件\遗骸\wj_动物骸骨001_001_hd.mesh","45529.046875","1939.186035","68993.851562"
"800","ST_xb龙门荒漠石001_007.Mesh","npc.json","data\source\maps_source\石头\st_xb龙门荒漠石001_007_hd.mesh","35508.675781","2203.878906","67007.015625"
"801","JZ_军营帐篷001_001.Mesh","npc.json","data\source\maps_source\建筑\jz_军营帐篷001_001_hd.mesh","42036.101562","1521.673828","97586.59375"
"802","ST_xb龙门荒漠石001_010.Mesh","npc.json","data\source\maps_source\石头\st_xb龙门荒漠石001_010_hd.mesh","29374.148437","1065.166015","51941.0625"
"803","WJ_木箱004_001.Mesh","npc.json","data\source\maps_source\小物件\木箱\wj_木箱004_001_hd.mesh","17449.609375","541.177246","92970.8125"
"804","ST_xb龙门荒漠石001_011.Mesh","npc.json","data\source\maps_source\石头\st_xb龙门荒漠石001_011_hd.mesh","18684.054687","2028.25","51480.097656"
"805","ST_xb龙门荒漠石001_004.Mesh","npc.json","data\source\maps_source\石头\st_xb龙门荒漠石001_004_hd.mesh","26894.914062","916.551269","94429.6875"
"806","ST_xb龙门荒漠石001_002.Mesh","npc.json","data\source\maps_source\石头\st_xb龙门荒漠石001_002_hd.mesh","47714.199218","3255.040039","84672.585937"
"807","WJ_火堆001_001_HD","npc.json","data\source\maps_source\小物件\灯\wj_火堆001_001_hd.mesh","45286.539062","2090.710937","76546.609375"
"808","ST_xb龙门荒漠石001_004.Mesh","npc.json","data\source\maps_source\石头\st_xb龙门荒漠石001_004_hd.mesh","29777.960937","712.47998","58015.414062"
"809","JZ_xb楼兰三间房001_002.Mesh","npc.json","data\source\maps_source\建筑\jz_xb楼兰三间房001_002_hd.mesh","21073.664062","1681.718261","53022.152343"
"810","ST_mj石头003_001.Mesh","npc.json","data\source\maps_source\门派\明教\st_mj石头003_001_hd.mesh","7704.3125","2301.302246","91489.710937"
"811","WJ_火堆001_001_HD","npc.json","data\source\maps_source\小物件\灯\wj_火堆001_001_hd.mesh","17333.335937","221.679687","84838.3125"
"812","ST_xb龙门荒漠石001_013.Mesh","npc.json","data\source\maps_source\石头\st_xb龙门荒漠石001_013_hd.mesh","19196.4375","2133.630859","53928.3125"
"813","ST_xb龙门荒漠石001_013.Mesh","npc.json","data\source\maps_source\石头\st_xb龙门荒漠石001_013_hd.mesh","17910.929687","86.994628","87796.242187"
"814","WJ_武器台001_001.Mesh","npc.json","data\source\maps_source\小物件\生活品\wj_武器台001_001_hd.mesh","49451.40625","3348.175781","84562.90625"
"815","WJ_武器台001_001.Mesh","npc.json","data\source\maps_source\小物件\生活品\wj_武器台001_001_hd.mesh","41907.902343","1371.55371","100598.78125"
"816","WJ_mj篝火001_002.Mesh","npc.json","data\source\maps_source\门派\明教\wj_mj篝火001_002_hd.mesh","17249.523437","225.851562","84700.78125"
"817","ST_mj底层石头001_002_HD","npc.json","data\source\maps_source\门派\明教\st_mj底层石头001_002_hd.mesh","33008.40625","2783.036132","67933.867187"
"818","ST_mj石头002_003.Mesh","npc.json","data\source\maps_source\门派\明教\st_mj石头002_003_hd.mesh","45077.910156","1353.541503","68042.828125"
"819","PJ_玉门草棚001.Mesh","npc.json","data\source\maps_source\建筑配套\pj_玉门草棚001_hd.mesh","14924.523437","929.013671","77745.476562"
"820","ST_xb龙门荒漠石001_011.Mesh","npc.json","data\source\maps_source\石头\st_xb龙门荒漠石001_011_hd.mesh","31101.148437","1415.719238","60092.691406"
"821","ST_xb龙门荒漠石001_003.Mesh","npc.json","data\source\maps_source\石头\st_xb龙门荒漠石001_002_hd.mesh","39073.945312","2074.261718","60269.347656"
"822","PJ_玉门草棚001.Mesh","npc.json","data\source\maps_source\建筑配套\pj_玉门草棚001_hd.mesh","24797.015625","1165.690429","72233.546875"
"823","XWJ_xb楼兰墓地001_005.Mesh","npc.json","data\source\maps_source\小物件\坟地物件\xwj_xb楼兰墓地001_005_hd.mesh","24398.21875","867.381835","77455.515625"
"824","WJ_dxc草垛001_001.Mesh","npc.json","data\source\maps_source\小物件\草垛\wj_dxc草垛001_001_hd.mesh","41501.019531","1523.347167","97685.398437"
"825","WJ_火堆001_001_HD","npc.json","data\source\maps_source\小物件\灯\wj_火堆001_001_hd.mesh","20423.34375","419.671875","102349.53125"
"826","S_xb多枝枯树003_001.Mesh","speedtree.json","Data\source\maps_source\树\S_xb多枝枯树003_001.srt","33085.21875","3056.630859","65526.246093"
"827","ST_xb龙门荒漠石001_013.Mesh","npc.json","data\source\maps_source\石头\st_xb龙门荒漠石001_013_hd.mesh","17110.164062","2258.663085","57700.1875"
"828","WJ_破车001_001.Mesh","npc.json","data\source\maps_source\小物件\车\wj_破车001_001_hd.mesh","17460.453125","541.671875","92689.679687"
"829","S_xb多枝枯树003_003.Mesh","speedtree.json","Data\source\maps_source\树\S_xb多枝枯树003_003.srt","21215.0","1487.050781","56204.375"
"830","WJ_动物遗骨001_004.Mesh","npc.json","data\source\maps_source\小物件\遗骸\wj_动物遗骨001_004_hd.mesh","45216.734375","1503.833007","68307.59375"
"831","ST_xb龙门荒漠石001_012.Mesh","npc.json","data\source\maps_source\石头\st_xb龙门荒漠石001_012_hd.mesh","23879.789062","-1733.416015","86823.984375"
"832","ST_xb龙门荒漠石001_001.Mesh","npc.json","data\source\maps_source\石头\st_xb龙门荒漠石001_001_hd.mesh","26209.023437","975.357421","79264.335937"
"833","ST_xb龙门荒漠石001_002.Mesh","npc.json","data\source\maps_source\石头\st_xb龙门荒漠石001_002_hd.mesh","41498.308593","982.981445","101898.742187"
"834","st_xb龙门荒漠石001_013_HD","npc.json","data\source\maps_source\石头\st_xb龙门荒漠石001_013_hd.mesh","31594.71875","2779.134765","65607.601562"
"835","ST_xb龙门荒漠石001_003.Mesh","npc.json","data\source\maps_source\石头\st_xb龙门荒漠石001_003_hd.mesh","22697.789062","-257.441406","96224.078125"
"836","WJ_dxc草垛001_003.Mesh","npc.json","data\source\maps_source\小物件\草垛\wj_dxc草垛001_003_hd.mesh","49004.257812","3510.3125","86051.695312"
"837","ST_xb龙门荒漠石001_012.Mesh","npc.json","data\source\maps_source\石头\st_xb龙门荒漠石001_012_hd.mesh","29195.773437","-10.345703","78998.78125"
"838","WJ_破车001_002.Mesh","npc.json","data\source\maps_source\小物件\车\wj_破车001_002_hd.mesh","14570.9375","962.05957","77241.554687"
"839","PJ_帐篷001_002.Mesh","npc.json","data\source\maps_source\建筑配套\pj_帐篷001_002_hd.mesh","41843.644531","1409.327148","100576.28125"
"840","ST_mj戈壁碎石003_005.Mesh","npc.json","data\source\maps_source\门派\明教\st_mj戈壁碎石003_005_hd.mesh","45530.414062","1260.23291","69262.625"
"841","st_xb龙门荒漠石001_011_HD","npc.json","data\source\maps_source\石头\st_xb龙门荒漠石001_011_hd.mesh","29943.304687","220.171875","57382.636718"
"842","ST_xb龙门荒漠石001_012.Mesh","npc.json","data\source\maps_source\石头\st_xb龙门荒漠石001_012_hd.mesh","18710.617187","1357.2583","77002.523437"
"843","PJ_玉门草棚001.Mesh","npc.json","data\source\maps_source\建筑配套\pj_玉门草棚001_hd.mesh","16736.96875","674.975585","92505.476562"
"844","ST_xb龙门荒漠石001_012.Mesh","npc.json","data\source\maps_source\石头\st_xb龙门荒漠石001_012_hd.mesh","26043.972656","177.836425","78610.71875"
"845","ST_xb龙门荒漠石001_002.Mesh","npc.json","data\source\maps_source\石头\st_xb龙门荒漠石001_002_hd.mesh","25810.34375","638.748046","86066.640625"
"846","ST_xb龙门荒漠石001_013.Mesh","npc.json","data\source\maps_source\石头\st_xb龙门荒漠石001_013_hd.mesh","24906.722656","499.734863","98735.257812"
"847","ST_mj石头002_003.Mesh","npc.json","data\source\maps_source\门派\明教\st_mj石头002_003_hd.mesh","31708.238281","2433.881591","66935.664062"
"848","ST_xb龙门荒漠石001_011.Mesh","npc.json","data\source\maps_source\石头\st_xb龙门荒漠石001_011_hd.mesh","34824.207031","3607.948242","67044.4375"
"849","st_xb龙门荒漠石001_005_HD","npc.json","data\source\maps_source\石头\st_xb龙门荒漠石001_005_hd.mesh","32178.757812","1875.43164","66094.125"
"850","ST_xb龙门荒漠石001_007.Mesh","npc.json","data\source\maps_source\石头\st_xb龙门荒漠石001_007_hd.mesh","29185.496093","-505.007812","97316.0625"
"851","ST_xb龙门荒漠石001_003.Mesh","npc.json","data\source\maps_source\石头\st_xb龙门荒漠石001_003_hd.mesh","20209.023437","856.519531","67712.34375"
"852","ST_xb龙门荒漠石001_007.Mesh","npc.json","data\source\maps_source\石头\st_xb龙门荒漠石001_007_hd.mesh","15042.625","-838.512695","88187.109375"
"853","ST_xb龙门荒漠石001_013.Mesh","npc.json","data\source\maps_source\石头\st_xb龙门荒漠石001_013_hd.mesh","17141.03125","452.9375","88763.210937"
"854","XWJ_xb楼兰墓地001_005.Mesh","npc.json","data\source\maps_source\小物件\坟地物件\xwj_xb楼兰墓地001_005_hd.mesh","18898.25","1313.830566","64752.425781"
"855","st_mj底层石头001_003_HD","npc.json","data\source\maps_source\门派\明教\st_mj底层石头001_003_hd.mesh","25382.203125","442.706054","65068.191406"
"856","ST_xb龙门荒漠石001_012.Mesh","npc.json","data\source\maps_source\石头\st_xb龙门荒漠石001_012_hd.mesh","29210.375","1299.221679","58015.648437"
"857","ST_mj石拱003.Mesh","npc.json","data\source\maps_source\门派\明教\st_mj石拱003_hd.mesh","1599.140625","1633.05664","88286.734375"
"858","ST_xb龙门荒漠石001_013.Mesh","npc.json","data\source\maps_source\石头\st_xb龙门荒漠石001_013_hd.mesh","27352.121093","626.216796","99724.617187"
"859","WJ_火堆001_001_HD","npc.json","data\source\maps_source\小物件\灯\wj_火堆001_001_hd.mesh","24054.726562","1154.453125","72505.09375"
"860","XWJ_xb楼兰墓地001_004.Mesh","npc.json","data\source\maps_source\小物件\坟地物件\xwj_xb楼兰墓地001_004_hd.mesh","17591.78125","514.270019","92715.421875"
"861","ST_xb龙门荒漠石001_010.Mesh","npc.json","data\source\maps_source\石头\st_xb龙门荒漠石001_010_hd.mesh","36403.222656","2208.675781","65021.148437"
"862","XWJ_xb楼兰墓地001_005.Mesh","npc.json","data\source\maps_source\小物件\坟地物件\xwj_xb楼兰墓地001_005_hd.mesh","20877.640625","1844.608276","52360.0625"
"863","PJ_帐篷001_002.Mesh","npc.json","data\source\maps_source\建筑配套\pj_帐篷001_002_hd.mesh","49544.726562","3365.076171","84467.507812"
"864","ST_mj石头002_002.Mesh","npc.json","data\source\maps_source\门派\明教\st_mj石头002_002_hd.mesh","45423.476562","1162.461425","70002.0"
"865","WJ_mj篝火001_001.Mesh","npc.json","data\source\maps_source\门派\明教\wj_mj篝火001_001_hd.mesh","51040.417968","3244.458984","85458.148437"
"866","SD_崖壁狱门fb_001.Mesh","npc.json","data\source\maps_source\山洞\sd_崖壁狱门fb_001_hd.mesh","34622.628906","553.791015","135682.59375"
"867","XWJ_破军物件001_004.Mesh","npc.json","data\source\maps_source\小物件\武器\xwj_破军物件001_004_hd.mesh","16725.734375","329.88916","132004.890625"
"868","JZ_xb楼兰哨台001_004.Mesh","npc.json","data\source\maps_source\建筑\jz_xb楼兰哨台001_004_hd.mesh","25905.96875","-87.613281","118303.835937"
"869","wj_圆木桶堆001.Mesh","npc.json","data\source\maps_source\小物件\木箱\wj_圆木桶堆001_hd.mesh","16413.804687","346.65039","122198.8125"
"870","WJ_sn茅草房001_013.Mesh","npc.json","data\source\maps_source\小物件\室内\wj_sn茅草房001_013_hd.mesh","15132.1875","1011.158203","122137.757812"
"871","wj_圆水木桶004.Mesh","npc.json","data\source\maps_source\小物件\木箱\wj_圆水木桶004_hd.mesh","14230.28125","864.857727","121874.992187"
"872","ST_xb龙门荒漠石001_011.Mesh","npc.json","data\source\maps_source\石头\st_xb龙门荒漠石001_011_hd.mesh","36327.847656","9467.857421","131441.5"
"873","ST_mj戈壁碎石003_002.Mesh","npc.json","data\source\maps_source\门派\明教\st_mj戈壁碎石003_002_hd.mesh","49690.292968","2682.479736","149496.59375"
"874","ST_xb龙门荒漠石001_004.Mesh","npc.json","data\source\maps_source\石头\st_xb龙门荒漠石001_004_hd.mesh","35807.984375","-276.201171","114133.179687"
"875","JZ_xb楼兰哨台001_007.Mesh","npc.json","data\source\maps_source\建筑\jz_xb楼兰哨台001_007_hd.mesh","42399.867187","926.016113","123381.296875"
"876","CQ_玉门关城墙001_008.Mesh","npc.json","data\source\maps_source\城墙\cq_玉门关城墙001_008_hd.mesh","5671.11621","-692.443847","125436.046875"
"877","JZ_xb楼兰哨台001_005.Mesh","npc.json","data\source\maps_source\建筑\jz_xb楼兰哨台001_005_hd.mesh","17407.726562","29.925781","116009.507812"
"878","WJ_药煲_001.Mesh","npc.json","data\source\maps_source\小物件\生活品\wj_药煲_001_hd.mesh","18907.484375","231.243164","121197.609375"
"879","CQ_玉门关城墙001_007.Mesh","npc.json","data\source\maps_source\城墙\cq_玉门关城墙001_007_hd.mesh","28309.527343","2988.59082","134777.671875"
"880","S_西北枯树001_002.Mesh","speedtree.json","Data\source\maps_source\树\S_西北枯树001_002.srt","21526.601562","173.76416","126887.523437"
"881","CQ_玉门关城墙001_003.Mesh","npc.json","data\source\maps_source\城墙\cq_玉门关城墙001_003_hd.mesh","7739.890625","-923.675292","115253.929687"
"882","ST_mj石头002_003.Mesh","npc.json","data\source\maps_source\门派\明教\st_mj石头002_003_hd.mesh","43944.511718","1022.282226","146328.890625"
"883","WJ_木桌005_002.Mesh","npc.json","data\source\maps_source\小物件\桌凳\wj_木桌005_002_hd.mesh","15556.6875","536.986816","118923.429687"
"884","CQ_玉门关城墙001_007.Mesh","npc.json","data\source\maps_source\城墙\cq_玉门关城墙001_007_hd.mesh","32038.738281","3117.58789","120885.96875"
"885","XWJ_破军物件001_003.Mesh","npc.json","data\source\maps_source\小物件\武器\xwj_破军物件001_003_hd.mesh","17423.992187","285.779296","131572.609375"
"886","WJ_沙包009_01.Mesh","npc.json","data\source\maps_source\小物件\生活品\wj_沙包009_01_hd.mesh","18507.171875","231.3208","123342.171875"
"887","PJ_玉门草棚001.Mesh","npc.json","data\source\maps_source\建筑配套\pj_玉门草棚001_hd.mesh","18578.398437","248.166015","121364.257812"
"888","XWJ_xb楼兰墓地001_005.Mesh","npc.json","data\source\maps_source\小物件\坟地物件\xwj_xb楼兰墓地001_005_hd.mesh","11723.5625","781.29541","118326.984375"
"889","WJ_壁挂灯笼001.Mesh","npc.json","data\source\maps_source\小物件\室内\wj_壁挂灯笼001_hd.mesh","25044.945312","427.818359","121589.8125"
"890","wj_竹帘棚001.mesh","npc.json","data\source\maps_source\城市\杨洲\wj_竹帘棚001_hd.mesh","18643.03125","244.673339","121158.226562"
"891","WJ_货伞_002.Mesh","npc.json","data\source\maps_source\小物件\生活品\wj_货伞_002_hd.mesh","17481.046875","1238.024902","121920.53125"
"892","JZ_xb楼兰哨台001_007.Mesh","npc.json","data\source\maps_source\建筑\jz_xb楼兰哨台001_007_hd.mesh","15462.289062","209.044921","129020.046875"
"893","XWJ_坛子002_002.Mesh","npc.json","data\source\maps_source\小物件\坛罐\xwj_坛子002_002_hd.mesh","14743.4375","427.438476","121732.085937"
"894","WJ_mj篝火001_002.Mesh","npc.json","data\source\maps_source\门派\明教\wj_mj篝火001_002_hd.mesh","38366.328125","343.823242","111467.671875"
"895","WJ_mj篝火001_003.Mesh","npc.json","data\source\maps_source\门派\明教\wj_mj篝火001_003_hd.mesh","18572.9375","1519.699218","142696.21875"
"896","WJ_mj篝火001_003.Mesh","npc.json","data\source\maps_source\门派\明教\wj_mj篝火001_003_hd.mesh","19330.632812","1512.103515","143430.03125"
"897","PJ_玉门风车001A.Mesh","npc.json","data\source\maps_source\建筑配套\pj_玉门风车001a_hd.mesh","46545.964843","3304.943359","144611.6875"
"898","ST_mj石头002_002.Mesh","npc.json","data\source\maps_source\门派\明教\st_mj石头002_002_hd.mesh","26429.226562","434.095703","109893.484375"
"899","WJ_物什箱014_002.Mesh","npc.json","data\source\maps_source\小物件\木箱\wj_物什箱014_002_hd.mesh","17388.5625","1166.488769","122062.101562"
"900","XWJ_赌桌002_002.Mesh","npc.json","data\source\maps_source\小物件\桌凳\xwj_赌桌002_002_hd.mesh","25573.191406","245.899414","123080.328125"
"901","ST_xb龙门荒漠石001_012.Mesh","npc.json","data\source\maps_source\石头\st_xb龙门荒漠石001_012_hd.mesh","24712.296875","414.64746","106305.492187"
"902","WJ_壁挂灯笼001.Mesh","npc.json","data\source\maps_source\小物件\室内\wj_壁挂灯笼001_hd.mesh","24844.742187","427.818359","122354.914062"
"903","JZ_xb楼兰哨台001_007.Mesh","npc.json","data\source\maps_source\建筑\jz_xb楼兰哨台001_007_hd.mesh","14938.171875","228.591308","129980.007812"
"904","JZ_xb楼兰哨台001_004.Mesh","npc.json","data\source\maps_source\建筑\jz_xb楼兰哨台001_004_hd.mesh","49564.804687","1133.325683","134593.78125"
"905","WJ_mj篝火001_003.Mesh","npc.json","data\source\maps_source\门派\明教\wj_mj篝火001_003_hd.mesh","18572.742187","1534.963867","143371.28125"
"906","CQ_玉门关城墙001_008.Mesh","npc.json","data\source\maps_source\城墙\cq_玉门关城墙001_008_hd.mesh","20468.148437","325.942382","134442.34375"
"907","JZ_xb玉门关建筑002_006.Mesh","npc.json","data\source\maps_source\建筑\jz_xb玉门关建筑002_006_hd.mesh","24615.390625","227.379882","124296.648437"
"908","WJ_龙门荒漠路标001.Mesh","npc.json","data\source\maps_source\小物件\路标\wj_龙门荒漠路标001_hd.mesh","25611.296875","551.458862","103850.507812"
"909","JZ_xb玉门关建筑002_003.Mesh","npc.json","data\source\maps_source\建筑\jz_xb玉门关建筑002_003_hd.mesh","15316.382812","219.765014","127614.914062"
"910","WJ_sn茅草房001_001.Mesh","npc.json","data\source\maps_source\小物件\室内\wj_sn茅草房001_001_hd.mesh","16962.195312","331.96582","122376.796875"
"911","WJ_沙包009_01.Mesh","npc.json","data\source\maps_source\小物件\生活品\wj_沙包009_01_hd.mesh","14526.9375","437.113281","120794.4375"
"912","ST_mj戈壁碎石003_002.Mesh","npc.json","data\source\maps_source\门派\明教\st_mj戈壁碎石003_002_hd.mesh","43856.433593","2087.339355","139165.53125"
"913","ST_xb龙门荒漠石001_012.Mesh","npc.json","data\source\maps_source\石头\st_xb龙门荒漠石001_012_hd.mesh","12210.484375","346.056152","110026.203125"
"914","CQ_玉门关城墙001_001.Mesh","npc.json","data\source\maps_source\城墙\cq_玉门关城墙001_001_hd.mesh","17456.328125","271.466308","133636.65625"
"915","WJ_木箱堆002.Mesh","npc.json","data\source\maps_source\小物件\木箱\wj_木箱堆002_hd.mesh","24797.695312","339.58789","123173.9375"
"916","WJ_erg笔架002.Mesh","npc.json","data\source\maps_source\小物件\室内\wj_erg笔架002_hd.mesh","24879.679687","307.634765","122579.765625"
"917","wj_小药瓶_002.Mesh","npc.json","data\source\maps_source\小物件\生活品\wj_小药瓶_002_hd.mesh","15900.070312","442.481933","122194.03125"
"918","PJ_mj石门001_01.Mesh","npc.json","data\source\maps_source\门派\明教\pj_mj石门001_01_hd.mesh","13247.53125","321.984863","149415.921875"
"919","PJ_玉门草棚001.Mesh","npc.json","data\source\maps_source\建筑配套\pj_玉门草棚001_hd.mesh","47797.160156","1277.683593","135688.125"
"920","PJ_玉门布棚001.Mesh","npc.json","data\source\maps_source\建筑配套\pj_玉门布棚001_hd.mesh","16726.25","283.46289","128474.65625"
"921","WJ_木桌005_002.Mesh","npc.json","data\source\maps_source\小物件\桌凳\wj_木桌005_002_hd.mesh","16434.210937","446.962402","120306.078125"
"922","wj_货包包001_001.Mesh","npc.json","data\source\maps_source\小物件\生活品\wj_货包包001_001_hd.mesh","45974.460937","4152.574218","147386.125"
"923","WJ_破车001_002.Mesh","npc.json","data\source\maps_source\小物件\车\wj_破车001_002_hd.mesh","18207.46875","270.061035","122149.429687"
"924","wj_货包包001_001.Mesh","npc.json","data\source\maps_source\小物件\生活品\wj_货包包001_001_hd.mesh","17326.570312","1294.626464","122665.242187"
"925","JZ_xb楼兰哨台001_001.Mesh","npc.json","data\source\maps_source\建筑\jz_xb楼兰哨台001_001_hd.mesh","22693.808593","75.543457","117464.90625"
"926","WJ_壁挂灯笼001.Mesh","npc.json","data\source\maps_source\小物件\室内\wj_壁挂灯笼001_hd.mesh","26066.070312","614.079589","122035.828125"
"927","JZ_xb楼兰哨台001_007.Mesh","npc.json","data\source\maps_source\建筑\jz_xb楼兰哨台001_007_hd.mesh","7563.5625","60.558105","128336.382812"
"928","WJ_沙包009_01.Mesh","npc.json","data\source\maps_source\小物件\生活品\wj_沙包009_01_hd.mesh","14388.507812","564.553222","118272.335937"
"929","XWJ_xb楼兰墓地001_004.Mesh","npc.json","data\source\maps_source\小物件\坟地物件\xwj_xb楼兰墓地001_004_hd.mesh","8614.507812","228.540039","119494.414062"
"930","CQ_玉门关城墙001_003.Mesh","npc.json","data\source\maps_source\城墙\cq_玉门关城墙001_003_hd.mesh","8277.21582","141.367919","131165.21875"
"931","XWJ_斗笠001.Mesh","npc.json","data\source\maps_source\小物件\生活品\xwj_斗笠001_hd.mesh","18634.8125","303.966796","121139.96875"
"932","XWJ_扬州路灯002_005A.Mesh","npc.json","data\source\maps_source\小物件\灯\xwj_扬州路灯002_005a_hd.mesh","25283.882812","651.480957","122945.148437"
"933","XWJ_xb楼兰墓地001_004.Mesh","npc.json","data\source\maps_source\小物件\坟地物件\xwj_xb楼兰墓地001_004_hd.mesh","8862.328125","208.34082","119630.976562"
"934","SD_崖壁狱门fb_001.Mesh","npc.json","data\source\maps_source\山洞\sd_崖壁狱门fb_001_hd.mesh","35706.695312","-1933.457763","120793.054687"
"935","ST_mj石拱002.Mesh","npc.json","data\source\maps_source\门派\明教\st_mj石拱002_hd.mesh","41394.175781","1516.883789","137327.34375"
"936","XWJ_赌桌002_002.Mesh","npc.json","data\source\maps_source\小物件\桌凳\xwj_赌桌002_002_hd.mesh","25791.828125","245.899414","122244.789062"
"937","WJ_烹饪灶台001_001.Mesh","npc.json","data\source\maps_source\小物件\生活品\wj_烹饪灶台001_001_hd.mesh","15790.476562","391.044433","122182.828125"
"938","WJ_桌子002_001.Mesh","npc.json","data\source\maps_source\小物件\室内\wj_桌子002_001_hd.mesh","25925.234375","580.005859","122778.46875"
"939","ST_mj戈壁碎石002_003.Mesh","npc.json","data\source\maps_source\门派\明教\st_mj戈壁碎石002_003_hd.mesh","49652.019531","250.490234","138989.25"
"940","ST_xb龙门荒漠石001_012.Mesh","npc.json","data\source\maps_source\石头\st_xb龙门荒漠石001_012_hd.mesh","42134.824218","1448.426757","149060.96875"
"941","CQ_玉门关城墙001_005.Mesh","npc.json","data\source\maps_source\城墙\cq_玉门关城墙001_005_hd.mesh","28594.125","-288.943359","127351.65625"
"942","WJ_辣椒架001.Mesh","npc.json","data\source\maps_source\小物件\生活品\wj_辣椒架001_hd.mesh","16104.929687","368.970703","121177.351562"
"943","XWJ_ca柜子003_004.Mesh","npc.json","data\source\maps_source\小物件\室内\xwj_ca柜子003_004_hd.mesh","25138.3125","237.564453","122603.609375"
"944","JZ_xb楼兰哨台001_001.Mesh","npc.json","data\source\maps_source\建筑\jz_xb楼兰哨台001_001_hd.mesh","50689.328125","1195.631835","145546.515625"
"945","st_mj戈壁碎石002_002.mesh","npc.json","data\source\maps_source\门派\明教\st_mj戈壁碎石002_002_hd.mesh","40365.296875","4700.83496","146405.03125"
"946","WJ_sn茅草房001_012.Mesh","npc.json","data\source\maps_source\小物件\室内\wj_sn茅草房001_012_hd.mesh","15473.164062","396.253417","121976.53125"
"947","ST_mj戈壁碎石003_005.Mesh","npc.json","data\source\maps_source\门派\明教\st_mj戈壁碎石003_005_hd.mesh","42485.816406","6404.911132","147360.671875"
"948","Data\source\maps_source\建筑室内\JZ_xb玉门关建筑001_003赌馆001.pvs","npc.json","data\source\maps_source\建筑室内\jz_xb玉门关建筑001_003sn_hd.mesh","25403.867187","227.830078","122243.078125"
"949","Data\source\maps_source\建筑室内\JZ_xb玉门关建筑002_005民宿001.pvs","npc.json","data\source\maps_source\建筑室内\jz_xb玉门关建筑002_005sw_hd.mesh","16390.9375","344.407226","121989.078125"
"950","Data\source\maps_source\建筑室内\JZ_xb玉门关建筑001_003赌馆001.pvs","npc.json","data\source\maps_source\建筑室内\jz_xb玉门关建筑001_003sw_hd.mesh","25403.867187","227.830078","122243.078125"
"951","JZ_xb玉门关建筑001_004.Mesh","npc.json","data\source\maps_source\建筑\jz_xb玉门关建筑001_004_hd.mesh","13252.671875","465.182617","119186.890625"
"952","ST_mj戈壁碎石003_002.Mesh","npc.json","data\source\maps_source\门派\明教\st_mj戈壁碎石003_002_hd.mesh","47807.101562","967.880859","138204.40625"
"953","CQ_玉门关城墙001_008.Mesh","npc.json","data\source\maps_source\城墙\cq_玉门关城墙001_008_hd.mesh","10157.993164","310.361816","131602.8125"
"954","ST_mj戈壁碎石003_005.Mesh","npc.json","data\source\maps_source\门派\明教\st_mj戈壁碎石003_005_hd.mesh","40484.410156","7239.199218","143695.078125"
"955","WJ_erg纸张001.Mesh","npc.json","data\source\maps_source\小物件\室内\wj_erg纸张001_hd.mesh","24942.335937","287.27832","122487.59375"
"956","ST_mj戈壁碎石003_005.Mesh","npc.json","data\source\maps_source\门派\明教\st_mj戈壁碎石003_005_hd.mesh","44708.992187","3064.773437","148095.125"
"957","WJ_mj篝火001_003.Mesh","npc.json","data\source\maps_source\门派\明教\wj_mj篝火001_003_hd.mesh","19004.125","1517.492675","142621.078125"
"958","JZ_xb玉门关建筑001_004.Mesh","npc.json","data\source\maps_source\建筑\jz_xb玉门关建筑001_004_hd.mesh","23464.960937","260.363037","129095.703125"
"959","S_xb多枝枯树003_001.Mesh","speedtree.json","Data\source\maps_source\树\S_xb多枝枯树003_001.srt","50079.535156","1318.725585","109627.007812"
"960","WJ_木箱004_001.Mesh","npc.json","data\source\maps_source\小物件\木箱\wj_木箱004_001_hd.mesh","38593.421875","294.760253","112285.1875"
"961","CQ_玉门关城墙001_008.Mesh","npc.json","data\source\maps_source\城墙\cq_玉门关城墙001_008_hd.mesh","14364.703125","126.327148","132728.5"
"962","JZ_xb楼兰哨台001_007.Mesh","npc.json","data\source\maps_source\建筑\jz_xb楼兰哨台001_007_hd.mesh","25628.515625","232.995117","120871.46875"
"963","CQ_玉门关城墙001_007.Mesh","npc.json","data\source\maps_source\城墙\cq_玉门关城墙001_007_hd.mesh","4476.71582","3084.378417","130254.53125"
"964","CQ_玉门关城墙001_007.Mesh","npc.json","data\source\maps_source\城墙\cq_玉门关城墙001_007_hd.mesh","44929.78125","3054.628906","141700.515625"
"965","WJ_动物遗骨001_002.Mesh","npc.json","data\source\maps_source\小物件\遗骸\wj_动物遗骨001_002_hd.mesh","47238.578125","1748.007324","121467.414062"
"966","XWJ_竹筐008_001.Mesh","npc.json","data\source\maps_source\小物件\生活品\xwj_竹筐008_001_hd.mesh","17097.6875","326.117675","122312.445312"
"967","ST_mj石头002_003.Mesh","npc.json","data\source\maps_source\门派\明教\st_mj石头002_003_hd.mesh","44104.179687","1182.627441","133722.34375"
"968","wj_火堆001_003_hd","npc.json","data\source\maps_source\小物件\灯\wj_火堆001_003_hd.mesh","18909.765625","1526.985839","143113.671875"
"969","S_xb多枝枯树003_003.Mesh","speedtree.json","Data\source\maps_source\树\S_xb多枝枯树003_003.srt","15855.203125","382.354492","119422.109375"
"970","WJ_木箱002.Mesh","npc.json","data\source\maps_source\小物件\木箱\wj_木箱002_hd.mesh","17353.15625","1172.554687","122247.71875"
"971","CQ_玉门关城墙001_008.Mesh","npc.json","data\source\maps_source\城墙\cq_玉门关城墙001_008_hd.mesh","49566.226562","721.313476","148173.046875"
"972","wj_货包包001_001.Mesh","npc.json","data\source\maps_source\小物件\生活品\wj_货包包001_001_hd.mesh","44041.566406","4387.436523","147950.5625"
"973","JZ_xb楼兰哨台001_006.Mesh","npc.json","data\source\maps_source\建筑\jz_xb楼兰哨台001_006_hd.mesh","47746.683593","1275.258789","133494.25"
"974","WJ_木箱001.Mesh","npc.json","data\source\maps_source\小物件\木箱\wj_木箱001_hd.mesh","24993.582031","338.339843","123231.148437"
"975","XWJ_xb楼兰墓地001_005.Mesh","npc.json","data\source\maps_source\小物件\坟地物件\xwj_xb楼兰墓地001_005_hd.mesh","12039.046875","748.504394","118510.53125"
"976","WJ_破草席002.Mesh","npc.json","data\source\maps_source\小物件\生活品\wj_破草席002_hd.mesh","14891.09375","421.382324","121485.929687"
"977","WJ_烹饪水岗001_002.Mesh","npc.json","data\source\maps_source\小物件\生活品\wj_烹饪水岗001_002_hd.mesh","14561.03125","435.6333","121566.515625"
"978","S_西北枯树001_001.Mesh","npc.json","data\source\maps_source\树\s_西北枯树001_001_hd.mesh","17378.3125","347.450195","105875.710937"
"979","JZ_xb楼兰哨台001_004.Mesh","npc.json","data\source\maps_source\建筑\jz_xb楼兰哨台001_004_hd.mesh","8633.78125","-666.447265","121579.710937"
"980","wj_货包包001_001.Mesh","npc.json","data\source\maps_source\小物件\生活品\wj_货包包001_001_hd.mesh","17324.578125","1180.669921","122619.453125"
"981","XWJ_农家物件004_002.Mesh","npc.json","data\source\maps_source\小物件\生活品\xwj_农家物件004_002_hd.mesh","16079.1875","662.910644","121152.796875"
"982","CQ_玉门关城墙001_003.Mesh","npc.json","data\source\maps_source\城墙\cq_玉门关城墙001_003_hd.mesh","6817.984375","-730.45996","119473.179687"
"983","WJ_工地物件001_011.Mesh","npc.json","data\source\maps_source\小物件\工地物件\wj_工地物件001_011_hd.mesh","43659.339843","4272.183593","147647.5625"
"984","CQ_玉门关城墙001_003.Mesh","npc.json","data\source\maps_source\城墙\cq_玉门关城墙001_003_hd.mesh","12270.70996","216.178421","132192.75"
"985","ST_mj石头002_002.Mesh","npc.json","data\source\maps_source\门派\明教\st_mj石头002_002_hd.mesh","50980.039062","745.549316","148030.421875"
"986","JZ_xb楼兰哨台001_007.Mesh","npc.json","data\source\maps_source\建筑\jz_xb楼兰哨台001_007_hd.mesh","48142.476562","1047.762695","134338.140625"
"987","ST_mj石头003_003.Mesh","npc.json","data\source\maps_source\门派\明教\st_mj石头003_003_hd.mesh","29547.453125","-1736.23291","144070.8125"
"988","wj_工地物件001_007.mesh","npc.json","data\source\maps_source\小物件\工地物件\wj_工地物件001_007_hd.mesh","47658.179687","1275.547851","135784.21875"
"989","SD_崖壁狱门fb_001.Mesh","npc.json","data\source\maps_source\山洞\sd_崖壁狱门fb_001_hd.mesh","34279.964843","-4079.720947","127788.234375"
"990","WJ_动物遗骨001_004.Mesh","npc.json","data\source\maps_source\小物件\遗骸\wj_动物遗骨001_004_hd.mesh","47590.535156","1352.150878","129400.007812"
"991","WJ_sn茅草房001_012.Mesh","npc.json","data\source\maps_source\小物件\室内\wj_sn茅草房001_012_hd.mesh","15960.789062","375.19873","122107.546875"
"992","WJ_木头架子_016_001.Mesh","npc.json","data\source\maps_source\小物件\生活品\wj_木头架子_016_001_hd.mesh","14642.0625","432.134765","121318.90625"
"993","JZ_xb楼兰哨台001_001.Mesh","npc.json","data\source\maps_source\建筑\jz_xb楼兰哨台001_001_hd.mesh","29217.445312","77.257812","119275.21875"
"994","JZ_xb楼兰哨台001_007.Mesh","npc.json","data\source\maps_source\建筑\jz_xb楼兰哨台001_007_hd.mesh","25593.753906","308.118652","131755.875"
"995","CQ_玉门关城墙001_008.Mesh","npc.json","data\source\maps_source\城墙\cq_玉门关城墙001_008_hd.mesh","7347.8125","-630.125976","117301.109375"
"996","WJ_沙包009_01.Mesh","npc.json","data\source\maps_source\小物件\生活品\wj_沙包009_01_hd.mesh","14705.375","622.77832","118024.851562"
"997","JZ_xb楼兰哨台001_007.Mesh","npc.json","data\source\maps_source\建筑\jz_xb楼兰哨台001_007_hd.mesh","15229.375","203.593261","129126.867187"
"998","WJ_mj篝火001_002.Mesh","npc.json","data\source\maps_source\门派\明教\wj_mj篝火001_002_hd.mesh","4048.921875","2882.091796","151468.8125"
"999","WJ_小木台001.Mesh","npc.json","data\source\maps_source\小物件\生活品\wj_小木台001_hd.mesh","18664.507812","241.380859","121178.382812"
"1000","WJ_酒坛006_001.Mesh","npc.json","data\source\maps_source\小物件\坛罐\wj_酒坛006_001_hd.mesh","14560.914062","435.646484","121696.203125"
"1001","CQ_玉门关城墙001_008.Mesh","npc.json","data\source\maps_source\城墙\cq_玉门关城墙001_008_hd.mesh","6526.473632","-713.492187","121194.0625"
"1002","ST_mj戈壁碎石003_002.Mesh","npc.json","data\source\maps_source\门派\明教\st_mj戈壁碎石003_002_hd.mesh","16641.476562","1073.103515","151141.734375"
"1003","CQ_玉门关城墙001_008.Mesh","npc.json","data\source\maps_source\城墙\cq_玉门关城墙001_008_hd.mesh","5043.79541","210.955078","128720.976562"
"1004","JZ_xb楼兰哨台001_006.Mesh","npc.json","data\source\maps_source\建筑\jz_xb楼兰哨台001_006_hd.mesh","46332.027343","4024.898437","147784.015625"
"1005","JZ_xb楼兰哨台001_005.Mesh","npc.json","data\source\maps_source\建筑\jz_xb楼兰哨台001_005_hd.mesh","28071.367187","275.668457","121781.65625"
"1006","JZ_xb楼兰哨台001_003.Mesh","npc.json","data\source\maps_source\建筑\jz_xb楼兰哨台001_003_hd.mesh","44468.253906","1277.395507","134429.078125"
"1007","WJ_破草席001_003.Mesh","npc.json","data\source\maps_source\小物件\生活品\wj_破草席001_003_hd.mesh","16979.117187","331.221191","122214.429687"
"1008","WJ_木堆001.Mesh","npc.json","data\source\maps_source\小物件\生活品\wj_木堆001_hd.mesh","15594.140625","391.037597","121095.210937"
"1009","WJ_物什箱014.Mesh","npc.json","data\source\maps_source\小物件\木箱\wj_物什箱014_hd.mesh","25311.273437","344.300292","123306.15625"
"1010","WJ_木桌005_002.Mesh","npc.json","data\source\maps_source\小物件\桌凳\wj_木桌005_002_hd.mesh","16035.96875","362.964355","121687.882812"
"1011","WJ_沙包009_01.Mesh","npc.json","data\source\maps_source\小物件\生活品\wj_沙包009_01_hd.mesh","15942.367187","804.220703","122380.546875"
"1012","WJ_erg地毯001.Mesh","npc.json","data\source\maps_source\小物件\室内\wj_erg地毯001_hd.mesh","25486.898437","234.135742","122040.59375"
"1013","SD_崖壁狱门fb_001.Mesh","npc.json","data\source\maps_source\山洞\sd_崖壁狱门fb_001_hd.mesh","37841.867187","-1050.854003","127069.914062"
"1014","WJ_erg字画001.Mesh","npc.json","data\source\maps_source\小物件\室内\wj_erg字画001_hd.mesh","14454.796875","832.784179","120992.578125"
"1015","JZ_xb楼兰哨台001_007.Mesh","npc.json","data\source\maps_source\建筑\jz_xb楼兰哨台001_007_hd.mesh","25773.03125","576.582519","104223.234375"
"1016","CQ_玉门关城墙001_003.Mesh","npc.json","data\source\maps_source\城墙\cq_玉门关城墙001_003_hd.mesh","6817.984375","-813.288085","119473.179687"
"1017","SD_崖壁狱门fb_001.Mesh","npc.json","data\source\maps_source\山洞\sd_崖壁狱门fb_001_hd.mesh","34365.183593","79.089355","128649.757812"
"1018","WJ_火堆001_001_HD","npc.json","data\source\maps_source\小物件\灯\wj_火堆001_001_hd.mesh","18394.003906","253.71875","120748.96875"
"1019","WJ_功夫茶001_002.Mesh","npc.json","data\source\maps_source\小物件\生活品\wj_功夫茶001_002_hd.mesh","16024.21875","456.577148","121646.039062"
"1020","wj_卷席001_001.Mesh","npc.json","data\source\maps_source\小物件\生活品\wj_卷席001_001_hd.mesh","17091.601562","430.149902","122352.125"
"1021","ST_xb龙门荒漠石001_008.Mesh","npc.json","data\source\maps_source\石头\st_xb龙门荒漠石001_008_hd.mesh","15744.34375","441.853515","119423.742187"
"1022","WJ_木箱004_002.Mesh","npc.json","data\source\maps_source\小物件\木箱\wj_木箱004_002_hd.mesh","16672.546875","272.638671","128664.5625"
"1023","JZ_xb玉门关建筑002_008.Mesh","npc.json","data\source\maps_source\建筑\jz_xb玉门关建筑002_008_hd.mesh","12519.382812","363.5","121409.929687"
"1024","WJ_木箱004_001.Mesh","npc.json","data\source\maps_source\小物件\木箱\wj_木箱004_001_hd.mesh","18013.03125","235.309082","122692.828125"
"1025","WJ_木箱004_001.Mesh","npc.json","data\source\maps_source\小物件\木箱\wj_木箱004_001_hd.mesh","23365.390625","248.165039","127764.234375"
"1026","ST_mj石头003_003.Mesh","npc.json","data\source\maps_source\门派\明教\st_mj石头003_003_hd.mesh","33234.570312","1035.953125","134494.765625"
"1027","WJ_物什箱014.Mesh","npc.json","data\source\maps_source\小物件\木箱\wj_物什箱014_hd.mesh","25409.183593","309.135742","122676.554687"
"1028","ST_mj戈壁碎石003_004.Mesh","npc.json","data\source\maps_source\门派\明教\st_mj戈壁碎石003_004_hd.mesh","41939.671875","4934.815429","139791.671875"
"1029","ST_xb龙门荒漠石001_002.Mesh","npc.json","data\source\maps_source\石头\st_xb龙门荒漠石001_002_hd.mesh","18246.867187","463.260742","109876.273437"
"1030","WJ_mj篝火001_003.Mesh","npc.json","data\source\maps_source\门派\明教\wj_mj篝火001_003_hd.mesh","18429.765625","1548.223632","143017.703125"
"1031","CQ_玉门关城墙001_008.Mesh","npc.json","data\source\maps_source\城墙\cq_玉门关城墙001_008_hd.mesh","6396.399414","181.074951","130658.117187"
"1032","CQ_玉门关城墙001_008.Mesh","npc.json","data\source\maps_source\城墙\cq_玉门关城墙001_008_hd.mesh","26303.65625","439.317382","136085.578125"
"1033","XWJ_赌桌002_002.Mesh","npc.json","data\source\maps_source\小物件\桌凳\xwj_赌桌002_002_hd.mesh","25105.273437","245.901367","122037.59375"
"1034","WJ_木箱004_002.Mesh","npc.json","data\source\maps_source\小物件\木箱\wj_木箱004_002_hd.mesh","47672.597656","1277.688476","135579.734375"
"1035","WJ_猎皮001_003.Mesh","npc.json","data\source\maps_source\小物件\生活品\wj_猎皮001_003_hd.mesh","14854.265625","538.45166","121845.960937"
"1036","WJ_木车002.Mesh","npc.json","data\source\maps_source\小物件\车\wj_木车002_hd.mesh","16958.789062","233.884765","126832.4375"
"1037","WJ_木箱002.Mesh","npc.json","data\source\maps_source\小物件\木箱\wj_木箱002_hd.mesh","17325.4375","1251.018554","122338.109375"
"1038","JZ_xb玉门关建筑001_002.Mesh","npc.json","data\source\maps_source\建筑\jz_xb玉门关建筑001_002_hd.mesh","12583.867187","456.966796","117066.875"
"1039","JZ_xb楼兰哨台001_003.Mesh","npc.json","data\source\maps_source\建筑\jz_xb楼兰哨台001_003_hd.mesh","12022.15625","157.630371","114586.835937"
"1040","WJ_摇钱树001.Mesh","npc.json","data\source\maps_source\小物件\室内\wj_摇钱树001_hd.mesh","26128.695312","237.5625","121515.960937"
"1041","WJ_摊子001.Mesh","npc.json","data\source\maps_source\小物件\货摊\wj_摊子001_hd.mesh","15831.046875","479.237304","120529.664062"
"1042","XWJ_破坛子001_002.Mesh","npc.json","data\source\maps_source\小物件\坛罐\xwj_破坛子001_002_hd.mesh","49965.738281","1286.239257","138199.5625"
"1043","jz_xb玉门关建筑002_001.mesh","npc.json","data\source\maps_source\建筑\jz_xb玉门关建筑002_001_hd.mesh","46039.214843","1216.592773","144821.71875"
"1044","Data\source\maps_source\建筑室内\JZ_xb玉门关建筑002_005民宿001.pvs","npc.json","data\source\maps_source\建筑室内\jz_xb玉门关建筑002_005sn_hd.mesh","16390.9375","344.407226","121989.078125"
"1045","wj_圆木桶003.Mesh","npc.json","data\source\maps_source\小物件\木箱\wj_圆木桶003_hd.mesh","16959.679687","289.42041","128386.539062"
"1046","WJ_破车001_001.Mesh","npc.json","data\source\maps_source\小物件\车\wj_破车001_001_hd.mesh","14710.953125","550.516113","118007.484375"
"1047","CQ_玉门关城墙001_007.Mesh","npc.json","data\source\maps_source\城墙\cq_玉门关城墙001_007_hd.mesh","5483.6875","2602.825195","125417.007812"
"1048","CQ_玉门关城墙001_003.Mesh","npc.json","data\source\maps_source\城墙\cq_玉门关城墙001_003_hd.mesh","6031.757812","-651.069335","123330.726562"
"1049","WJ_物什箱014.Mesh","npc.json","data\source\maps_source\小物件\木箱\wj_物什箱014_hd.mesh","25521.941406","339.518554","123358.289062"
"1050","S_xb多枝枯树003_003.Mesh","speedtree.json","Data\source\maps_source\树\S_xb多枝枯树003_003.srt","48953.40625","1263.71875","138277.5625"
"1051","WJ_摊子001.Mesh","npc.json","data\source\maps_source\小物件\货摊\wj_摊子001_hd.mesh","18752.640625","238.850585","123631.5625"
"1052","PJ_玉门草棚001.Mesh","npc.json","data\source\maps_source\建筑配套\pj_玉门草棚001_hd.mesh","20356.53125","417.174316","102784.460937"
"1053","WJ_木箱004_001.Mesh","npc.json","data\source\maps_source\小物件\木箱\wj_木箱004_001_hd.mesh","45976.054687","4269.789062","147393.859375"
"1054","WJ_木堆001.Mesh","npc.json","data\source\maps_source\小物件\生活品\wj_木堆001_hd.mesh","15358.015625","401.232421","121031.890625"
"1055","CQ_玉门关城墙001_004.Mesh","npc.json","data\source\maps_source\城墙\cq_玉门关城墙001_004_hd.mesh","4324.59375","126.389648","130187.273437"
"1056","ST_xb龙门荒漠石001_008.Mesh","npc.json","data\source\maps_source\石头\st_xb龙门荒漠石001_008_hd.mesh","9774.351562","401.0708","147887.015625"
"1057","PJ_玉门草棚001.Mesh","npc.json","data\source\maps_source\建筑配套\pj_玉门草棚001_hd.mesh","8267.359375","3043.000976","135268.34375"
"1058","JZ_xb楼兰哨台001_007.Mesh","npc.json","data\source\maps_source\建筑\jz_xb楼兰哨台001_007_hd.mesh","39383.484375","461.169433","114354.15625"
"1059","CQ_玉门关城墙001_007.Mesh","npc.json","data\source\maps_source\城墙\cq_玉门关城墙001_007_hd.mesh","14266.0","3441.328125","132888.546875"
"1060","SD_崖壁狱门fb_001.Mesh","npc.json","data\source\maps_source\山洞\sd_崖壁狱门fb_001_hd.mesh","38682.582031","5032.144531","150321.875"
"1061","WJ_木箱004_001.Mesh","npc.json","data\source\maps_source\小物件\木箱\wj_木箱004_001_hd.mesh","20376.474609","442.578125","102884.445312"
"1062","WJ_中级挂饰004_001.Mesh","npc.json","data\source\maps_source\小物件\室内\wj_中级挂饰004_001_hd.mesh","25140.726562","540.794433","123323.101562"
"1063","S_xb多枝枯树003_003.Mesh","speedtree.json","Data\source\maps_source\树\S_xb多枝枯树003_003.srt","45597.777343","1619.016601","133661.0"
"1064","ST_mj石头002_002.Mesh","npc.json","data\source\maps_source\门派\明教\st_mj石头002_002_hd.mesh","21687.234375","11.256835","103277.234375"
"1065","XWJ_扬州路灯002_005A.Mesh","npc.json","data\source\maps_source\小物件\灯\xwj_扬州路灯002_005a_hd.mesh","25446.585937","651.480957","122323.359375"
"1066","XWJ_农家物件003_001.Mesh","npc.json","data\source\maps_source\小物件\生活品\xwj_农家物件003_001_hd.mesh","17464.34375","860.021484","122181.5625"
"1067","wj_货包包001_001.Mesh","npc.json","data\source\maps_source\小物件\生活品\wj_货包包001_001_hd.mesh","44039.3125","4272.379882","147937.484375"
"1068","WJ_物什箱014.Mesh","npc.json","data\source\maps_source\小物件\木箱\wj_物什箱014_hd.mesh","25335.078125","309.135742","122649.648437"
"1069","ST_mj石头002_001.Mesh","npc.json","data\source\maps_source\门派\明教\st_mj石头002_001_hd.mesh","42405.324218","1153.523437","138279.359375"
"1070","S_xb多枝枯树003_001.Mesh","speedtree.json","Data\source\maps_source\树\S_xb多枝枯树003_001.srt","16785.03125","455.476562","104931.40625"
"1071","WJ_sn茅草房001_013.Mesh","npc.json","data\source\maps_source\小物件\室内\wj_sn茅草房001_013_hd.mesh","16377.929687","957.369628","122471.867187"
"1072","PJ_帐篷001_002.Mesh","npc.json","data\source\maps_source\建筑配套\pj_帐篷001_002_hd.mesh","3409.59375","2835.188476","151686.3125"
"1073","ST_mj石拱001.Mesh","npc.json","data\source\maps_source\门派\明教\st_mj石拱001_hd.mesh","47683.085937","107.578613","148349.171875"
"1074","XWJ_农家物件004_002.Mesh","npc.json","data\source\maps_source\小物件\生活品\xwj_农家物件004_002_hd.mesh","17365.71875","567.486328","121509.476562"
"1075","wj_货包包001_001.Mesh","npc.json","data\source\maps_source\小物件\生活品\wj_货包包001_001_hd.mesh","17552.101562","1167.416992","121718.46875"
"1076","ST_xb龙门荒漠石001_013.Mesh","npc.json","data\source\maps_source\石头\st_xb龙门荒漠石001_013_hd.mesh","44214.671875","384.112304","130037.820312"
"1077","WJ_木箱002.Mesh","npc.json","data\source\maps_source\小物件\木箱\wj_木箱002_hd.mesh","17293.421875","1175.134277","122418.632812"
"1078","WJ_破车001_002.Mesh","npc.json","data\source\maps_source\小物件\车\wj_破车001_002_hd.mesh","20410.289062","163.488769","125769.46875"
"1079","XWJ_农家物件008.Mesh","npc.json","data\source\maps_source\小物件\生活品\xwj_农家物件008_hd.mesh","14384.015625","571.245605","118426.078125"
"1080","WJ_簸箕_002.Mesh","npc.json","data\source\maps_source\小物件\生活品\wj_簸箕_002_hd.mesh","14670.015625","516.08496","121253.703125"
"1081","JZ_xb玉门关建筑001_002.Mesh","npc.json","data\source\maps_source\建筑\jz_xb玉门关建筑001_002_hd.mesh","12192.984375","173.758789","126410.601562"
"1082","WJ_木桌005_002.Mesh","npc.json","data\source\maps_source\小物件\桌凳\wj_木桌005_002_hd.mesh","16443.976562","485.103027","119503.40625"
"1083","WJ_桌子002_001.Mesh","npc.json","data\source\maps_source\小物件\室内\wj_桌子002_001_hd.mesh","26177.132812","580.005859","121815.820312"
"1084","XWJ_坛子003.Mesh","npc.json","data\source\maps_source\小物件\坛罐\xwj_坛子003_hd.mesh","14634.890625","518.158691","121351.773437"
"1085","WJ_赌桌001_002.Mesh","npc.json","data\source\maps_source\小物件\桌凳\wj_赌桌001_002_hd.mesh","25594.199218","245.89746","121675.632812"
"1086","WJ_mj篝火001_003.Mesh","npc.json","data\source\maps_source\门派\明教\wj_mj篝火001_003_hd.mesh","19399.828125","1525.198242","142822.359375"
"1087","ST_mj戈壁碎石003_002.Mesh","npc.json","data\source\maps_source\门派\明教\st_mj戈壁碎石003_002_hd.mesh","46972.660156","1039.377929","138438.875"
"1088","CQ_玉门关城墙001_002.Mesh","npc.json","data\source\maps_source\城墙\cq_玉门关城墙001_002_hd.mesh","23840.640625","219.552734","135371.84375"
"1089","PJ_玉门布棚001.Mesh","npc.json","data\source\maps_source\建筑配套\pj_玉门布棚001_hd.mesh","13344.679687","205.37207","126764.671875"
"1090","wj_圆木桶堆002.Mesh","npc.json","data\source\maps_source\小物件\木箱\wj_圆木桶堆002_hd.mesh","18492.40625","257.682128","121467.875"
"1091","WJ_mj篝火001_003.Mesh","npc.json","data\source\maps_source\门派\明教\wj_mj篝火001_003_hd.mesh","18806.289062","1543.064453","143519.890625"
"1092","WJ_木箱004_001.Mesh","npc.json","data\source\maps_source\小物件\木箱\wj_木箱004_001_hd.mesh","47873.847656","1278.252929","135845.0625"
"1093","XWJ_农家物件008.Mesh","npc.json","data\source\maps_source\小物件\生活品\xwj_农家物件008_hd.mesh","18439.078125","232.131835","123432.507812"
"1094","WJ_挂毯001_001.Mesh","npc.json","data\source\maps_source\小物件\生活品\wj_挂毯001_001_hd.mesh","25770.214843","511.743164","121162.195312"
"1095","S_西北枯树001_001.Mesh","npc.json","data\source\maps_source\树\s_西北枯树001_001_hd.mesh","15032.046875","87.662597","129407.828125"
"1096","WJ_木梯_001.Mesh","npc.json","data\source\maps_source\小物件\生活品\wj_木梯_001_hd.mesh","15619.203125","381.577636","121977.429687"
"1097","JZ_xb玉门关建筑002_003.Mesh","npc.json","data\source\maps_source\建筑\jz_xb玉门关建筑002_003_hd.mesh","45090.832031","1269.433593","142678.390625"
"1098","ST_xb龙门荒漠石001_012.Mesh","npc.json","data\source\maps_source\石头\st_xb龙门荒漠石001_012_hd.mesh","17021.476562","253.633789","105936.945312"
"1099","S_xb多枝枯树003_003.Mesh","speedtree.json","Data\source\maps_source\树\S_xb多枝枯树003_003.srt","43886.816406","1669.396484","141295.34375"
"1100","JZ_xb楼兰哨台001_007.Mesh","npc.json","data\source\maps_source\建筑\jz_xb楼兰哨台001_007_hd.mesh","21736.234375","208.705566","126420.6875"
"1101","ST_xb龙门荒漠石001_002.Mesh","npc.json","data\source\maps_source\石头\st_xb龙门荒漠石001_002_hd.mesh","14818.03125","338.157714","104355.53125"
"1102","XWJ_扬州路灯002_005A.Mesh","npc.json","data\source\maps_source\小物件\灯\xwj_扬州路灯002_005a_hd.mesh","25591.601562","665.456542","121769.171875"
"1103","WJ_动物骸骨001_001.Mesh","npc.json","data\source\maps_source\小物件\遗骸\wj_动物骸骨001_001_hd.mesh","10142.25","3475.679687","149016.78125"
"1104","WJ_猎皮001_003.Mesh","npc.json","data\source\maps_source\小物件\生活品\wj_猎皮001_003_hd.mesh","15228.570312","522.28955","121946.351562"
"1105","XWJ_农家物件003_001.Mesh","npc.json","data\source\maps_source\小物件\生活品\xwj_农家物件003_001_hd.mesh","17361.328125","864.469726","122559.945312"
"1106","WJ_壁挂灯笼001.Mesh","npc.json","data\source\maps_source\小物件\室内\wj_壁挂灯笼001_hd.mesh","25941.898437","614.079589","122510.351562"
"1107","WJ_erg书001.Mesh","npc.json","data\source\maps_source\小物件\室内\wj_erg书001_hd.mesh","24900.5","307.628906","122528.320312"
"1108","CQ_玉门关城墙001_003.Mesh","npc.json","data\source\maps_source\城墙\cq_玉门关城墙001_003_hd.mesh","5255.109375","-508.967773","127551.671875"
"1109","PJ_帐篷001_002.Mesh","npc.json","data\source\maps_source\建筑配套\pj_帐篷001_002_hd.mesh","38356.066406","314.737304","112137.632812"
"1110","ST_mj戈壁碎石003_005.Mesh","npc.json","data\source\maps_source\门派\明教\st_mj戈壁碎石003_005_hd.mesh","41007.789062","6233.073242","142147.71875"
"1111","WJ_龙门大缸001.Mesh","npc.json","data\source\maps_source\小物件\坛罐\wj_龙门大缸001_hd.mesh","47090.640625","1266.752929","137660.734375"
"1112","WJ_摇钱树001.Mesh","npc.json","data\source\maps_source\小物件\室内\wj_摇钱树001_hd.mesh","25228.03125","237.5625","121310.726562"
"1113","ST_xb龙门荒漠石001_013.Mesh","npc.json","data\source\maps_source\石头\st_xb龙门荒漠石001_013_hd.mesh","44215.0625","1686.354003","136451.03125"
"1114","WJ_坛子001_001.Mesh","npc.json","data\source\maps_source\小物件\坛罐\wj_坛子001_001_hd.mesh","16015.679687","507.922363","119588.304687"
"1115","XWJ_农家物件004_001.Mesh","npc.json","data\source\maps_source\小物件\生活品\xwj_农家物件004_001_hd.mesh","16898.804687","516.925292","122351.976562"
"1116","WJ_桌子002_001.Mesh","npc.json","data\source\maps_source\小物件\室内\wj_桌子002_001_hd.mesh","26050.6875","580.005859","122299.03125"
"1117","JZ_xb楼兰哨台001_007.Mesh","npc.json","data\source\maps_source\建筑\jz_xb楼兰哨台001_007_hd.mesh","45589.902343","1499.01123","133087.734375"
"1118","JZ_xb楼兰哨台001_001.Mesh","npc.json","data\source\maps_source\建筑\jz_xb楼兰哨台001_001_hd.mesh","47083.714843","1195.631835","138849.84375"
"1119","JZ_mj中型帐篷002_002.Mesh","npc.json","data\source\maps_source\门派\明教\jz_mj中型帐篷002_002_hd.mesh","36281.707031","4323.326171","165775.234375"
"1120","JZ_mj中型帐篷002_004.Mesh","npc.json","data\source\maps_source\门派\明教\jz_mj中型帐篷002_004_hd.mesh","18852.34375","3256.666992","165344.890625"
"1121","wj_货包包001_002.Mesh","npc.json","data\source\maps_source\小物件\生活品\wj_货包包001_002_hd.mesh","21505.1875","3210.995117","159322.453125"
"1122","WJ_摊子001.Mesh","npc.json","data\source\maps_source\小物件\货摊\wj_摊子001_hd.mesh","39442.839843","4903.099609","163789.171875"
"1123","JZ_mj中型帐篷002_001.Mesh","npc.json","data\source\maps_source\门派\明教\jz_mj中型帐篷002_001_hd.mesh","48706.316406","3122.224609","172045.09375"
"1124","JZ_mj中型帐篷002_004.Mesh","npc.json","data\source\maps_source\门派\明教\jz_mj中型帐篷002_004_hd.mesh","39242.679687","4626.512695","165338.890625"
"1125","ST_mj石头003_001.Mesh","npc.json","data\source\maps_source\门派\明教\st_mj石头003_001_hd.mesh","29299.417968","3336.941406","177094.5"
"1126","WJ_龙门木箱001.Mesh","npc.json","data\source\maps_source\小物件\木箱\wj_龙门木箱001_hd.mesh","21695.054687","3598.625","171457.625"
"1127","st_mj戈壁碎石003_001_HD","npc.json","data\source\maps_source\门派\明教\st_mj戈壁碎石003_001_hd.mesh","33798.15625","2378.435546","200261.59375"
"1128","wj_圆木桶堆003.Mesh","npc.json","data\source\maps_source\小物件\木箱\wj_圆木桶堆003_hd.mesh","41780.785156","3142.417968","189997.5"
"1129","ST_mj石头003_001_HD","npc.json","data\source\maps_source\门派\明教\st_mj石头003_001_hd.mesh","37222.179687","3274.02539","175596.46875"
"1130","WJ_mj货摊001_002.Mesh","npc.json","data\source\maps_source\门派\明教\wj_mj货摊001_002_hd.mesh","21186.109375","3423.264892","164846.296875"
"1131","JZ_mj中型帐篷002_005.Mesh","npc.json","data\source\maps_source\门派\明教\jz_mj中型帐篷002_005_hd.mesh","38571.5","2932.485351","187546.46875"
"1132","JZ_mj中型帐篷002_004.Mesh","npc.json","data\source\maps_source\门派\明教\jz_mj中型帐篷002_004_hd.mesh","31237.296875","3514.457031","160778.0625"
"1133","JZ_mj中型帐篷002_005.Mesh","npc.json","data\source\maps_source\门派\明教\jz_mj中型帐篷002_005_hd.mesh","36507.09375","4632.544921","161518.328125"
"1134","WJ_mj篝火001_003.Mesh","npc.json","data\source\maps_source\门派\明教\wj_mj篝火001_003_hd.mesh","21214.039062","3447.350585","162901.78125"
"1135","ST_mj戈壁碎石002_004","npc.json","data\source\maps_source\门派\明教\st_mj戈壁碎石002_004_hd.mesh","40398.191406","3190.371093","185595.1875"
"1136","WJ_mj篝火001_003.Mesh","npc.json","data\source\maps_source\门派\明教\wj_mj篝火001_003_hd.mesh","21590.5625","3435.696289","163403.96875"
"1137","S_mj树001_001.Mesh","npc.json","data\source\maps_source\门派\明教\s_mj树001_001_hd.mesh","19365.554687","3287.21289","169477.578125"
"1138","ST_mj石头002_003_HD","npc.json","data\source\maps_source\门派\明教\st_mj石头002_003_hd.mesh","42884.09375","4359.158203","160232.625"
"1139","wj_火堆001_003_hd","npc.json","data\source\maps_source\小物件\灯\wj_火堆001_003_hd.mesh","35304.207031","4301.660156","164902.8125"
"1140","JZ_mj中型帐篷002_005.Mesh","npc.json","data\source\maps_source\门派\明教\jz_mj中型帐篷002_005_hd.mesh","15155.15625","3042.425781","163201.65625"
"1141","WJ_mj布匹摊001.Mesh","npc.json","data\source\maps_source\门派\明教\wj_mj布匹摊001_hd.mesh","26623.710937","3244.758789","165996.9375"
"1142","WJ_mj篝火001_003.Mesh","npc.json","data\source\maps_source\门派\明教\wj_mj篝火001_003_hd.mesh","22147.234375","3357.017578","163156.21875"
"1143","JZ_mj中型帐篷002_001.Mesh","npc.json","data\source\maps_source\门派\明教\jz_mj中型帐篷002_001_hd.mesh","24769.84375","3333.890625","167597.875"
"1144","WJ_xn手推车001_001.Mesh","npc.json","data\source\maps_source\小物件\生活品\wj_xn手推车001_001_hd.mesh","24228.164062","3161.742187","161162.90625"
"1145","wj_圆木桶003.Mesh","npc.json","data\source\maps_source\小物件\木箱\wj_圆木桶003_hd.mesh","22740.859375","3271.099609","161237.4375"
"1146","ST_mj戈壁碎石003_001.Mesh","npc.json","data\source\maps_source\门派\明教\st_mj戈壁碎石003_001_hd.mesh","42586.148437","2754.453125","189514.28125"
"1147","wj_圆木桶002.Mesh","npc.json","data\source\maps_source\小物件\木箱\wj_圆木桶002_hd.mesh","38443.273437","5183.96875","161238.3125"
"1148","WJ_mj货摊001_001.Mesh","npc.json","data\source\maps_source\门派\明教\wj_mj货摊001_001_hd.mesh","26981.960937","3059.537109","160291.15625"
"1149","WJ_mj货摊001_003.Mesh","npc.json","data\source\maps_source\门派\明教\wj_mj货摊001_003_hd.mesh","24910.03125","3051.763671","161016.984375"
"1150","WJ_mj货摊001_003.Mesh","npc.json","data\source\maps_source\门派\明教\wj_mj货摊001_003_hd.mesh","26732.132812","3004.61914","159911.765625"
"1151","WJ_mj篝火001_003.Mesh","npc.json","data\source\maps_source\门派\明教\wj_mj篝火001_003_hd.mesh","21357.015625","3447.40332","163255.359375"
"1152","JZ_mj中型帐篷002_002.Mesh","npc.json","data\source\maps_source\门派\明教\jz_mj中型帐篷002_002_hd.mesh","18022.515625","3164.265625","164200.484375"
"1153","S_xb多枝枯树003_001.Mesh","speedtree.json","Data\source\maps_source\树\S_xb多枝枯树003_001.srt","50778.242187","2976.493164","169447.84375"
"1154","ST_mj戈壁碎石002_004.Mesh","npc.json","data\source\maps_source\门派\明教\st_mj戈壁碎石002_004_hd.mesh","26026.125","3164.957031","165139.546875"
"1155","wj_火堆001_003_hd","npc.json","data\source\maps_source\小物件\灯\wj_火堆001_003_hd.mesh","21694.039062","3422.40039","162997.75"
"1156","S_mj树001_004.Mesh","npc.json","data\source\maps_source\门派\明教\s_mj树001_004_hd.mesh","29818.832031","3514.224609","165903.90625"
"1157","WJ_mj地板碎块001_003.Mesh","npc.json","data\source\maps_source\门派\明教\wj_mj地板碎块001_003_hd.mesh","31537.398437","3029.228515","167415.421875"
"1158","WJ_mj遮阳棚001_002.Mesh","npc.json","data\source\maps_source\门派\明教\wj_mj遮阳棚001_002_hd.mesh","40083.824218","4937.99121","163819.390625"
"1159","ST_mj石头003_001.Mesh","npc.json","data\source\maps_source\门派\明教\st_mj石头003_001_hd.mesh","32718.914062","3856.980468","170860.203125"
"1160","WJ_mj篝火001_003.Mesh","npc.json","data\source\maps_source\门派\明教\wj_mj篝火001_003_hd.mesh","39645.214843","3133.641601","190349.578125"
"1161","S_xb多枝枯树003_001.Mesh","speedtree.json","Data\source\maps_source\树\S_xb多枝枯树003_001.srt","39665.128906","3134.945312","191291.21875"
"1162","wj_圆木桶002.Mesh","npc.json","data\source\maps_source\小物件\木箱\wj_圆木桶002_hd.mesh","27322.945312","2880.55371","158766.96875"
"1163","ST_mj底层石头001_002_HD","npc.json","data\source\maps_source\门派\明教\st_mj底层石头001_002_hd.mesh","36998.457031","3514.663085","167340.875"
"1164","JZ_mj中型帐篷002_001.Mesh","npc.json","data\source\maps_source\门派\明教\jz_mj中型帐篷002_001_hd.mesh","19684.476562","3389.943359","161410.078125"
"1165","JZ_mj中型帐篷002_004.Mesh","npc.json","data\source\maps_source\门派\明教\jz_mj中型帐篷002_004_hd.mesh","28703.960937","4073.922851","172442.890625"
"1166","WJ_mj破碎宝物001_001.Mesh","npc.json","data\source\maps_source\门派\明教\wj_mj破碎宝物001_001_hd.mesh","24209.070312","3341.384765","167713.78125"
"1167","S_mj树001_003.Mesh","npc.json","data\source\maps_source\门派\明教\s_mj树001_003_hd.mesh","21214.28125","3881.818359","172145.84375"
"1168","WJ_mj篝火001_003.Mesh","npc.json","data\source\maps_source\门派\明教\wj_mj篝火001_003_hd.mesh","39318.703125","3123.208984","189540.625"
"1169","JZ_mj中型帐篷002_003.Mesh","npc.json","data\source\maps_source\门派\明教\jz_mj中型帐篷002_003_hd.mesh","37474.367187","3117.708984","192739.484375"
"1170","PJ_黄布棚001_001.Mesh","npc.json","data\source\maps_source\建筑配套\pj_黄布棚001_001_hd.mesh","24028.226562","3165.71289","161217.53125"
"1171","WJ_摊子001.Mesh","npc.json","data\source\maps_source\小物件\货摊\wj_摊子001_hd.mesh","30629.0","3508.276367","159978.09375"
"1172","ST_mj底层石头001_001.Mesh","npc.json","data\source\maps_source\门派\明教\st_mj底层石头001_001_hd.mesh","20788.8125","2502.785156","169226.265625"
"1173","ST_mj石头002_002_HD","npc.json","data\source\maps_source\门派\明教\st_mj石头002_002_hd.mesh","43621.050781","4259.579101","167669.296875"
"1174","WJ_mj布匹摊001.Mesh","npc.json","data\source\maps_source\门派\明教\wj_mj布匹摊001_hd.mesh","29809.507812","3395.660156","159613.609375"
"1175","WJ_mj布匹摊001.Mesh","npc.json","data\source\maps_source\门派\明教\wj_mj布匹摊001_hd.mesh","34939.714843","4302.8125","165709.171875"
"1176","wj_圆木桶堆002.Mesh","npc.json","data\source\maps_source\小物件\木箱\wj_圆木桶堆002_hd.mesh","38577.953125","5180.974609","161122.46875"
"1177","WJ_mj遮阳棚001_002.Mesh","npc.json","data\source\maps_source\门派\明教\wj_mj遮阳棚001_002_hd.mesh","23979.453125","3207.926757","164542.40625"
"1178","WJ_mj篝火001_003.Mesh","npc.json","data\source\maps_source\门派\明教\wj_mj篝火001_003_hd.mesh","21788.398437","3428.894531","162505.15625"
"1179","WJ_mj货摊001_003.Mesh","npc.json","data\source\maps_source\门派\明教\wj_mj货摊001_003_hd.mesh","26169.546875","3138.001953","164506.546875"
"1180","WJ_mj篝火001_003.Mesh","npc.json","data\source\maps_source\门派\明教\wj_mj篝火001_003_hd.mesh","39120.867187","3140.105957","190439.4375"
"1181","WJ_沙包009_01.Mesh","npc.json","data\source\maps_source\小物件\生活品\wj_沙包009_01_hd.mesh","24240.414062","3341.248046","167577.265625"
"1182","WJ_mj地板碎块001_003.Mesh","npc.json","data\source\maps_source\门派\明教\wj_mj地板碎块001_003_hd.mesh","28593.125","3421.486328","165788.796875"
"1183","ST_mj戈壁碎石003_001.Mesh","npc.json","data\source\maps_source\门派\明教\st_mj戈壁碎石003_001_hd.mesh","17934.578125","3153.737304","172588.34375"
"1184","JZ_mj中型帐篷002_002.Mesh","npc.json","data\source\maps_source\门派\明教\jz_mj中型帐篷002_002_hd.mesh","31808.417968","3879.59082","168043.328125"
"1185","ST_mj戈壁碎石003_001.Mesh","npc.json","data\source\maps_source\门派\明教\st_mj戈壁碎石003_001_hd.mesh","35879.074218","3964.693359","168014.75"
"1186","WJ_mj篝火001_003.Mesh","npc.json","data\source\maps_source\门派\明教\wj_mj篝火001_003_hd.mesh","38887.519531","3125.415039","189615.765625"
"1187","ST_mj戈壁碎石003_001.Mesh","npc.json","data\source\maps_source\门派\明教\st_mj戈壁碎石003_001_hd.mesh","25652.5625","3899.613281","174750.40625"
"1188","ST_mj戈壁碎石002_004","npc.json","data\source\maps_source\门派\明教\st_mj戈壁碎石002_004_hd.mesh","20204.375","3117.402343","158233.21875"
"1189","ST_mj中层石头001_001.Mesh","npc.json","data\source\maps_source\门派\明教\st_mj中层石头001_001_hd.mesh","21991.703125","3296.304687","168321.609375"
"1190","JZ_mj中型帐篷002_006.Mesh","npc.json","data\source\maps_source\门派\明教\jz_mj中型帐篷002_006_hd.mesh","18605.328125","3423.598632","161712.1875"
"1191","ST_mj底层石头001_004.Mesh","npc.json","data\source\maps_source\门派\明教\st_mj底层石头001_004_hd.mesh","33217.6875","3108.111328","160086.375"
"1192","WJ_mj遮阳棚001_002.Mesh","npc.json","data\source\maps_source\门派\明教\wj_mj遮阳棚001_002_hd.mesh","27379.367187","2812.086914","158566.9375"
"1193","WJ_mj遮阳棚001_002.Mesh","npc.json","data\source\maps_source\门派\明教\wj_mj遮阳棚001_002_hd.mesh","18481.960937","3327.728515","160519.96875"
"1194","ST_mj底层石头001_004_HD","npc.json","data\source\maps_source\门派\明教\st_mj底层石头001_004_hd.mesh","37002.371093","4790.12207","170533.703125"
"1195","pj_mj石桥塔楼001_HD","npc.json","data\source\maps_source\门派\明教\pj_mj石桥塔楼001_hd.mesh","38459.160156","4978.373046","158706.46875"
"1196","PJ_mj石门001_01.Mesh","npc.json","data\source\maps_source\门派\明教\pj_mj石门001_01_hd.mesh","43043.699218","4925.969726","162960.84375"
"1197","WJ_mj遮阳棚001_001.Mesh","npc.json","data\source\maps_source\门派\明教\wj_mj遮阳棚001_001_hd.mesh","39982.527343","5117.976562","162082.75"
"1198","ST_mj石拱003.Mesh","npc.json","data\source\maps_source\门派\明教\st_mj石拱003_hd.mesh","31625.8125","3046.740234","164816.3125"
"1199","ST_xb龙门荒漠石001_002.Mesh","npc.json","data\source\maps_source\石头\st_xb龙门荒漠石001_002_hd.mesh","42685.855468","5525.314453","158598.015625"
"1200","WJ_mj遮阳棚001_002.Mesh","npc.json","data\source\maps_source\门派\明教\wj_mj遮阳棚001_002_hd.mesh","25113.554687","3031.885742","160778.203125"
"1201","wj_货包包001_002.Mesh","npc.json","data\source\maps_source\小物件\生活品\wj_货包包001_002_hd.mesh","21358.835937","3296.521484","159183.15625"
"1202","wj_火堆001_003_hd","npc.json","data\source\maps_source\小物件\灯\wj_火堆001_003_hd.mesh","39224.34375","3132.702392","190033.21875"
"1203","wj_货包包001_002.Mesh","npc.json","data\source\maps_source\小物件\生活品\wj_货包包001_002_hd.mesh","40739.121093","3334.972656","187209.75"
"1204","JZ_mj中型帐篷002_005.Mesh","npc.json","data\source\maps_source\门派\明教\jz_mj中型帐篷002_005_hd.mesh","29019.132812","3060.949218","164502.1875"
"1205","WJ_mj货摊001_002.Mesh","npc.json","data\source\maps_source\门派\明教\wj_mj货摊001_002_hd.mesh","25134.304687","3164.833984","163052.875"
"1206","WJ_木箱004_001.Mesh","npc.json","data\source\maps_source\小物件\木箱\wj_木箱004_001_hd.mesh","30333.5","3526.167968","160346.765625"
"1207","wj_货包包001_001.Mesh","npc.json","data\source\maps_source\小物件\生活品\wj_货包包001_001_hd.mesh","40702.808593","3225.067382","187253.890625"
"1208","st_mj石拱003_HD","npc.json","data\source\maps_source\门派\明教\st_mj石拱003_hd.mesh","42809.925781","1971.125","169315.109375"
"1209","WJ_mj遮阳棚001_001.Mesh","npc.json","data\source\maps_source\门派\明教\wj_mj遮阳棚001_001_hd.mesh","18125.953125","3378.697265","161229.78125"
"1210","WJ_mj彩旗001.Mesh","npc.json","data\source\maps_source\门派\明教\wj_mj彩旗001_hd.mesh","23227.578125","4257.302734","172823.84375"
"1211","st_mj底层石头001_003_HD","npc.json","data\source\maps_source\门派\明教\st_mj底层石头001_003_hd.mesh","38104.121093","3994.125","160038.046875"
"1212","PJ_玉门草棚001.Mesh","npc.json","data\source\maps_source\建筑配套\pj_玉门草棚001_hd.mesh","5929.453125","193.933593","167596.34375"
"1213","ST_mj底层石头001_001_HD","npc.json","data\source\maps_source\门派\明教\st_mj底层石头001_001_hd.mesh","25599.429687","3836.332031","176755.625"
"1214","WJ_mj彩旗001.Mesh","npc.json","data\source\maps_source\门派\明教\wj_mj彩旗001_hd.mesh","27300.335937","3649.77539","158973.171875"
"1215","s_hgb树001_001_ST.mesh.stree","speedtree.json","Data\source\maps_source\树\s_hgb树001_001_ST.srt","19434.458984","3244.587158","158184.09375"
"1216","JZ_mj驿站001.Mesh","npc.json","data\source\maps_source\门派\明教\jz_mj驿站001_hd.mesh","20517.664062","3304.858398","166668.75"
"1217","JZ_mj中型帐篷002_006.Mesh","npc.json","data\source\maps_source\门派\明教\jz_mj中型帐篷002_006_hd.mesh","39620.28125","3023.974609","192770.6875"
"1218","WJ_mj遮阳棚001_002.Mesh","npc.json","data\source\maps_source\门派\明教\wj_mj遮阳棚001_002_hd.mesh","24960.820312","3143.96875","162935.921875"
"1219","JZ_mj中型帐篷002_001.Mesh","npc.json","data\source\maps_source\门派\明教\jz_mj中型帐篷002_001_hd.mesh","25392.851562","3161.550781","163864.546875"
"1220","WJ_mj篝火001_003.Mesh","npc.json","data\source\maps_source\门派\明教\wj_mj篝火001_003_hd.mesh","51030.957031","2948.636718","172348.984375"
"1221","ST_xb龙门荒漠石001_012.Mesh","npc.json","data\source\maps_source\石头\st_xb龙门荒漠石001_012_hd.mesh","32936.199218","3352.196289","165407.328125"
"1222","JZ_mj中型帐篷002_006.Mesh","npc.json","data\source\maps_source\门派\明教\jz_mj中型帐篷002_006_hd.mesh","17185.078125","3047.832031","165071.78125"
"1223","WJ_mj货摊001_003.Mesh","npc.json","data\source\maps_source\门派\明教\wj_mj货摊001_003_hd.mesh","24142.042968","3264.748046","163058.46875"
"1224","ST_xb龙门荒漠石001_005.Mesh","npc.json","data\source\maps_source\石头\st_xb龙门荒漠石001_005_hd.mesh","39667.015625","3705.379882","168948.875"
"1225","WJ_mj遮阳棚001_002.Mesh","npc.json","data\source\maps_source\门派\明教\wj_mj遮阳棚001_002_hd.mesh","40827.3125","3139.267578","187059.6875"
"1226","ST_mj戈壁碎石002_004.Mesh","npc.json","data\source\maps_source\门派\明教\st_mj戈壁碎石002_004_hd.mesh","19633.445312","2527.595703","169751.15625"
"1227","WJ_mj破碎宝物001_002.Mesh","npc.json","data\source\maps_source\门派\明教\wj_mj破碎宝物001_002_hd.mesh","23989.390625","3241.080078","164606.875"
"1228","WJ_mj遮阳棚001_002.Mesh","npc.json","data\source\maps_source\门派\明教\wj_mj遮阳棚001_002_hd.mesh","20531.257812","3247.127929","159116.875"
"1229","st_mj戈壁碎石003_003_HD","npc.json","data\source\maps_source\门派\明教\st_mj戈壁碎石003_003_hd.mesh","42500.210937","3973.80664","200731.859375"
"1230","WJ_xn茶具组件001_003.Mesh","npc.json","data\source\maps_source\小物件\生活品\wj_xn茶具组件001_003_hd.mesh","23943.171875","3154.054687","161393.25"
"1231","JZ_mj驿站001.Mesh","npc.json","data\source\maps_source\门派\明教\jz_mj驿站001_hd.mesh","30819.875","3759.02539","163122.9375"
"1232","WJ_mj遮阳棚001_001.Mesh","npc.json","data\source\maps_source\门派\明教\wj_mj遮阳棚001_001_hd.mesh","22581.609375","3203.5","160930.453125"
"1233","ST_mj底层石头001_001_HD","npc.json","data\source\maps_source\门派\明教\st_mj底层石头001_001_hd.mesh","36835.199218","2480.761718","188071.765625"
"1234","WJ_mj破碎宝物001_001.Mesh","npc.json","data\source\maps_source\门派\明教\wj_mj破碎宝物001_001_hd.mesh","23561.78125","3243.160156","164620.234375"
"1235","JZ_mj中型帐篷002_005.Mesh","npc.json","data\source\maps_source\门派\明教\jz_mj中型帐篷002_005_hd.mesh","24286.460937","3073.480468","160634.71875"
"1236","S_hgb树001_004_ST","speedtree.json","data\source\maps_source\树\s_hgb树001_004_st.srt","29089.332031","3461.543457","163242.953125"
"1237","WJ_mj地板碎块001_003.Mesh","npc.json","data\source\maps_source\门派\明教\wj_mj地板碎块001_003_hd.mesh","26553.539062","3234.773437","166772.375"
"1238","JZ_mj中型帐篷002_003.Mesh","npc.json","data\source\maps_source\门派\明教\jz_mj中型帐篷002_003_hd.mesh","19388.095703","3285.96582","159851.3125"
"1239","ST_mj石头003_001.Mesh","npc.json","data\source\maps_source\门派\明教\st_mj石头003_001_hd.mesh","33682.796875","3210.646484","172538.0625"
"1240","ST_mj石头003_003.Mesh","npc.json","data\source\maps_source\门派\明教\st_mj石头003_003_hd.mesh","38993.195312","2041.331054","173058.078125"
"1241","st_mj底层石头001_003_HD","npc.json","data\source\maps_source\门派\明教\st_mj底层石头001_003_hd.mesh","36627.980468","3461.499023","170338.9375"
"1242","S_mj树002_005","npc.json","data\source\maps_source\门派\明教\s_mj树002_005_hd.mesh","14735.492187","2982.435546","164024.09375"
"1243","ST_mj底层石头001_001_HD","npc.json","data\source\maps_source\门派\明教\st_mj底层石头001_001_hd.mesh","25881.316406","3277.320312","173406.328125"
"1244","WJ_mj遮阳棚001_002.Mesh","npc.json","data\source\maps_source\门派\明教\wj_mj遮阳棚001_002_hd.mesh","24394.289062","3219.912109","163726.484375"
"1245","WJ_mj篝火001_003.Mesh","npc.json","data\source\maps_source\门派\明教\wj_mj篝火001_003_hd.mesh","22184.101562","3411.724609","162706.4375"
"1246","WJ_mj遮阳棚001_002.Mesh","npc.json","data\source\maps_source\门派\明教\wj_mj遮阳棚001_002_hd.mesh","31680.78125","3813.70996","166616.0"
"1247","WJ_mj地板碎块001_001.Mesh","npc.json","data\source\maps_source\门派\明教\wj_mj地板碎块001_001_hd.mesh","31030.03125","3054.136718","166819.515625"
"1248","wj_圆木桶堆002.Mesh","npc.json","data\source\maps_source\小物件\木箱\wj_圆木桶堆002_hd.mesh","27315.046875","2873.52539","158589.5"
"1249","ST_mj中层石头001_001","npc.json","data\source\maps_source\门派\明教\st_mj中层石头001_001_hd.mesh","34216.492187","4243.164062","170458.515625"
"1250","ST_mj石头002_003.Mesh","npc.json","data\source\maps_source\门派\明教\st_mj石头002_003_hd.mesh","21892.671875","3093.386718","167517.296875"
"1251","ST_mj底层石头001_001_HD","npc.json","data\source\maps_source\门派\明教\st_mj底层石头001_001_hd.mesh","48812.300781","2127.110351","169555.8125"
"1252","ST_mj底层石头001_001_HD","npc.json","data\source\maps_source\门派\明教\st_mj底层石头001_001_hd.mesh","19038.691406","3463.546875","172486.796875"
"1253","wj_圆木桶003.Mesh","npc.json","data\source\maps_source\小物件\木箱\wj_圆木桶003_hd.mesh","22393.070312","3253.943359","160738.625"
"1254","WJ_mj篝火001_003.Mesh","npc.json","data\source\maps_source\门派\明教\wj_mj篝火001_003_hd.mesh","50887.78125","2955.418945","172670.46875"
"1255","ST_mj戈壁碎石003_001.Mesh","npc.json","data\source\maps_source\门派\明教\st_mj戈壁碎石003_001_hd.mesh","39456.921875","2983.376953","200248.96875"
"1256","WJ_mj遮阳棚001_002.Mesh","npc.json","data\source\maps_source\门派\明教\wj_mj遮阳棚001_002_hd.mesh","31056.71875","3403.445312","159092.734375"
"1257","WJ_mj篝火001_003.Mesh","npc.json","data\source\maps_source\门派\明教\wj_mj篝火001_003_hd.mesh","39714.40625","3130.914062","189741.90625"
"1258","JZ_mj中型帐篷002_002.Mesh","npc.json","data\source\maps_source\门派\明教\jz_mj中型帐篷002_002_hd.mesh","21953.632812","3368.43164","165115.046875"
"1259","ST_mj戈壁碎石002_002.Mesh","npc.json","data\source\maps_source\门派\明教\st_mj戈壁碎石002_002_hd.mesh","36171.804687","4784.695312","168560.375"
"1260","JZ_mj中型帐篷002_006.Mesh","npc.json","data\source\maps_source\门派\明教\jz_mj中型帐篷002_006_hd.mesh","19400.476562","3152.912109","168615.4375"
"1261","WJ_mj遮阳棚001_002.Mesh","npc.json","data\source\maps_source\门派\明教\wj_mj遮阳棚001_002_hd.mesh","22556.40039","3209.428466","160187.5625"
"1262","wj_火堆001_003_hd","npc.json","data\source\maps_source\小物件\灯\wj_火堆001_003_hd.mesh","28814.539062","3350.597656","160372.015625"
"1263","ST_mj底层石头001_003.Mesh","npc.json","data\source\maps_source\门派\明教\st_mj底层石头001_003_hd.mesh","21694.335937","3743.033203","166963.125"
"1264","WJ_mj地板碎块001_003.Mesh","npc.json","data\source\maps_source\门派\明教\wj_mj地板碎块001_003_hd.mesh","25444.3125","3472.738281","168374.0625"
"1265","WJ_mj篝火001_003.Mesh","npc.json","data\source\maps_source\门派\明教\wj_mj篝火001_003_hd.mesh","22114.90625","3415.054687","163314.109375"
"1266","ST_mj底层石头001_001_HD","npc.json","data\source\maps_source\门派\明教\st_mj底层石头001_001_hd.mesh","24083.976562","2586.802734","166043.953125"
"1267","ST_mj石头003_003.Mesh","npc.json","data\source\maps_source\门派\明教\st_mj石头003_003_hd.mesh","32908.320312","2211.131347","175522.921875"
"1268","WJ_mj布匹摊001.Mesh","npc.json","data\source\maps_source\门派\明教\wj_mj布匹摊001_hd.mesh","40303.777343","3138.330078","191211.0625"
"1269","WJ_mj地板碎块001_003.Mesh","npc.json","data\source\maps_source\门派\明教\wj_mj地板碎块001_003_hd.mesh","27970.78125","3346.164062","165674.125"
"1270","WJ_mj遮阳棚001_002.Mesh","npc.json","data\source\maps_source\门派\明教\wj_mj遮阳棚001_002_hd.mesh","38728.050781","3139.267578","192947.953125"
"1271","WJ_火堆001_005.Mesh","npc.json","data\source\maps_source\小物件\灯\wj_火堆001_005_hd.mesh","25776.609375","3337.826171","167427.34375"
"1272","st_mj戈壁碎石003_003_HD","npc.json","data\source\maps_source\门派\明教\st_mj戈壁碎石003_003_hd.mesh","21889.640625","3962.783203","175130.5625"
"1273","S_mj树001_004.Mesh","npc.json","data\source\maps_source\门派\明教\s_mj树001_004_hd.mesh","43331.464843","3136.088867","191055.328125"
"1274","WJ_木箱004_001.Mesh","npc.json","data\source\maps_source\小物件\木箱\wj_木箱004_001_hd.mesh","39139.378906","4860.3125","163983.375"
"1275","JZ_mj中型帐篷002_002.Mesh","npc.json","data\source\maps_source\门派\明教\jz_mj中型帐篷002_002_hd.mesh","17421.484375","3224.120117","161762.890625"
"1276","wj_圆木桶堆001.Mesh","npc.json","data\source\maps_source\小物件\木箱\wj_圆木桶堆001_hd.mesh","38578.382812","5176.720703","161304.6875"
"1277","WJ_mj遮阳棚001_002.Mesh","npc.json","data\source\maps_source\门派\明教\wj_mj遮阳棚001_002_hd.mesh","38295.910156","5175.496093","161221.953125"
"1278","WJ_mj篝火001_003.Mesh","npc.json","data\source\maps_source\门派\明教\wj_mj篝火001_003_hd.mesh","51030.757812","2951.075927","173024.046875"
"1279","WJ_mj布匹摊001.Mesh","npc.json","data\source\maps_source\门派\明教\wj_mj布匹摊001_hd.mesh","24025.664062","4083.976562","172080.640625"
"1280","WJ_mj遮阳棚001_001.Mesh","npc.json","data\source\maps_source\门派\明教\wj_mj遮阳棚001_001_hd.mesh","29217.65625","2764.24121","158457.609375"
"1281","WJ_mj布匹摊001.Mesh","npc.json","data\source\maps_source\门派\明教\wj_mj布匹摊001_hd.mesh","20650.210937","3288.71582","159704.75"
"1282","S_mj树001_004.Mesh","npc.json","data\source\maps_source\门派\明教\s_mj树001_004_hd.mesh","22353.433593","3621.370117","169347.796875"
"1283","ST_mj戈壁碎石001_001.Mesh","npc.json","data\source\maps_source\门派\明教\st_mj戈壁碎石001_001_hd.mesh","22826.1875","3584.722656","168461.90625"
"1284","st_mj石拱003_HD","npc.json","data\source\maps_source\门派\明教\st_mj石拱003_hd.mesh","41360.703125","3149.24414","167710.828125"
"1285","S_mj树001_002.Mesh","npc.json","data\source\maps_source\门派\明教\s_mj树001_002_hd.mesh","20865.320312","3008.526367","167824.28125"
"1286","WJ_龙门木箱001.Mesh","npc.json","data\source\maps_source\小物件\木箱\wj_龙门木箱001_hd.mesh","21748.171875","3606.492187","171618.65625"
"1287","wj_圆木桶堆001.Mesh","npc.json","data\source\maps_source\小物件\木箱\wj_圆木桶堆001_hd.mesh","27458.59375","2881.546875","158701.71875"
"1288","JZ_mj中型帐篷002_005.Mesh","npc.json","data\source\maps_source\门派\明教\jz_mj中型帐篷002_005_hd.mesh","31893.171875","3852.697265","163682.09375"
"1289","st_mj底层石头001_003_HD","npc.json","data\source\maps_source\门派\明教\st_mj底层石头001_003_hd.mesh","13465.6875","2102.933593","164506.65625"
"1290","ST_mj戈壁碎石003_001.Mesh","npc.json","data\source\maps_source\门派\明教\st_mj戈壁碎石003_001_hd.mesh","45903.730468","2630.409179","171970.59375"
"1291","ST_mj石头003_001.Mesh","npc.json","data\source\maps_source\门派\明教\st_mj石头003_001_hd.mesh","19601.320312","3553.175781","174609.34375"
"1292","JZ_mj中型帐篷002_006.Mesh","npc.json","data\source\maps_source\门派\明教\jz_mj中型帐篷002_006_hd.mesh","49365.175781","2831.83789","170842.90625"
"1293","WJ_mj篝火001_003.Mesh","npc.json","data\source\maps_source\门派\明教\wj_mj篝火001_003_hd.mesh","21357.210937","3447.40332","162580.296875"
"1294","JZ_mj中型帐篷002_002.Mesh","npc.json","data\source\maps_source\门派\明教\jz_mj中型帐篷002_002_hd.mesh","23384.953125","3142.142578","160562.6875"
"1295","JZ_mj中型帐篷002_002.Mesh","npc.json","data\source\maps_source\门派\明教\jz_mj中型帐篷002_002_hd.mesh","28557.421875","2736.301757","158358.21875"
"1296","WJ_mj篝火001_003.Mesh","npc.json","data\source\maps_source\门派\明教\wj_mj篝火001_003_hd.mesh","38744.34375","3138.729003","189937.25"
"1297","WJ_mj布匹摊001.Mesh","npc.json","data\source\maps_source\门派\明教\wj_mj布匹摊001_hd.mesh","23000.71875","3295.043945","164455.1875"
"1298","JZ_mj中型帐篷002_004.Mesh","npc.json","data\source\maps_source\门派\明教\jz_mj中型帐篷002_004_hd.mesh","41707.882812","2999.578125","191406.328125"
"1299","wj_圆木桶002.Mesh","npc.json","data\source\maps_source\小物件\木箱\wj_圆木桶002_hd.mesh","27446.710937","2972.162109","158710.359375"
"1300","JZ_mj中型帐篷002_006.Mesh","npc.json","data\source\maps_source\门派\明教\jz_mj中型帐篷002_006_hd.mesh","26714.507812","2583.735351","159290.78125"
"1301","wj_圆木桶003.Mesh","npc.json","data\source\maps_source\小物件\木箱\wj_圆木桶003_hd.mesh","22784.921875","3214.974609","161055.59375"
"1302","WJ_mj遮阳棚001_001.Mesh","npc.json","data\source\maps_source\门派\明教\wj_mj遮阳棚001_001_hd.mesh","31577.359375","3897.109375","167319.53125"
"1303","WJ_mj篝火001_003.Mesh","npc.json","data\source\maps_source\门派\明教\wj_mj篝火001_003_hd.mesh","38887.320312","3140.678222","190290.828125"
"1304","wj_圆木桶堆003.Mesh","npc.json","data\source\maps_source\小物件\木箱\wj_圆木桶堆003_hd.mesh","22722.640625","3209.112304","160834.25"
"1305","WJ_mj遮阳棚001_002.Mesh","npc.json","data\source\maps_source\门派\明教\wj_mj遮阳棚001_002_hd.mesh","37153.023437","3139.267578","191445.1875"
"1306","JZ_mj中型帐篷002_002.Mesh","npc.json","data\source\maps_source\门派\明教\jz_mj中型帐篷002_002_hd.mesh","39705.195312","5103.351562","161459.671875"
"1307","JZ_mj中型帐篷002_002.Mesh","npc.json","data\source\maps_source\门派\明教\jz_mj中型帐篷002_002_hd.mesh","22853.808593","4045.96289","171754.109375"
"1308","wj_货包包001_001.Mesh","npc.json","data\source\maps_source\小物件\生活品\wj_货包包001_001_hd.mesh","21370.3125","3189.964843","159135.46875"
"1309","WJ_mj遮阳棚001_002.Mesh","npc.json","data\source\maps_source\门派\明教\wj_mj遮阳棚001_002_hd.mesh","21530.734375","3125.93164","159282.71875"
"1310","JZ_mj中型帐篷002_002.Mesh","npc.json","data\source\maps_source\门派\明教\jz_mj中型帐篷002_002_hd.mesh","50427.464843","2888.71875","170562.015625"
"1311","JZ_mj中型帐篷002_002.Mesh","npc.json","data\source\maps_source\门派\明教\jz_mj中型帐篷002_002_hd.mesh","40022.484375","3214.498046","186824.96875"
"1312","ST_mj石拱001.Mesh","npc.json","data\source\maps_source\门派\明教\st_mj石拱001_hd.mesh","99781.03125","107.578613","-3296.414062"
"1313","ST_mj戈壁碎石003_002.Mesh","npc.json","data\source\maps_source\门派\明教\st_mj戈壁碎石003_002_hd.mesh","74526.421875","4115.381835","9982.695312"
"1314","wj_货包包001_001.Mesh","npc.json","data\source\maps_source\小物件\草垛\wj_草垛001_002_hd.mesh","97911.5625","1318.440917","49124.730468"
"1315","ST_xb龙门荒漠石001_002.Mesh","npc.json","data\source\maps_source\石头\st_xb龙门荒漠石001_002_hd.mesh","88482.828125","1385.111328","32248.960937"
"1316","PJ_玉门草棚001.Mesh","npc.json","data\source\maps_source\建筑配套\pj_玉门草棚001_hd.mesh","67102.929687","1266.503906","45662.898437"
"1317","XWJ_骷髅堆001_003.Mesh","npc.json","data\source\maps_source\小物件\坟地物件\xwj_骷髅堆001_003_hd.mesh","70983.585937","1917.828125","35445.375"
"1318","JZ_xb楼兰哨台001_001.Mesh","npc.json","data\source\maps_source\建筑\jz_xb楼兰哨台001_001_hd.mesh","65650.0625","389.548828","51010.476562"
"1319","PJ_玉门草棚001.Mesh","npc.json","data\source\maps_source\建筑配套\pj_玉门草棚001_hd.mesh","97469.210937","1436.696289","50816.953125"
"1320","ST_xb龙门荒漠石001_010.Mesh","npc.json","data\source\maps_source\石头\st_xb龙门荒漠石001_010_hd.mesh","91584.992187","1444.60791","46329.507812"
"1321","ST_xb龙门荒漠石001_001.Mesh","npc.json","data\source\maps_source\石头\st_xb龙门荒漠石001_001_hd.mesh","68537.148437","1062.703125","45142.707031"
"1322","ST_xb龙门荒漠石001_012.Mesh","npc.json","data\source\maps_source\石头\st_xb龙门荒漠石001_012_hd.mesh","94687.859375","667.813476","27140.765625"
"1323","XWJ_xb楼兰墓地001_005.Mesh","npc.json","data\source\maps_source\小物件\坟地物件\xwj_xb楼兰墓地001_005_hd.mesh","76222.328125","2025.549316","33967.394531"
"1324","WJ_土匪物件001_008.Mesh","npc.json","data\source\maps_source\小物件\武器\wj_土匪物件001_008_hd.mesh","71922.1875","1944.469726","33570.273437"
"1325","PJ_玉门草棚001.Mesh","npc.json","data\source\maps_source\建筑配套\pj_玉门草棚001_hd.mesh","101734.398437","1238.142089","38774.710937"
"1326","WJ_动物骸骨001_004.Mesh","npc.json","data\source\maps_source\小物件\遗骸\wj_动物骸骨001_004_hd.mesh","95962.492187","938.733886","21959.46875"
"1327","WJ_破木板002_001_HD","npc.json","data\source\maps_source\小物件\木箱\wj_破木板002_001_hd.mesh","74040.765625","1374.175781","50135.390625"
"1328","WJ_小木台001.Mesh","npc.json","data\source\maps_source\小物件\生活品\wj_小木台001_hd.mesh","97384.109375","1416.53955","50670.835937"
"1329","WJ_破木板002_001_HD","npc.json","data\source\maps_source\小物件\木箱\wj_破木板002_001_hd.mesh","74344.867187","1382.196289","50407.816406"
"1330","WJ_酒坛006_001.Mesh","npc.json","data\source\maps_source\小物件\坛罐\wj_酒坛006_001_hd.mesh","69774.578125","1953.269531","35180.527343"
"1331","WJ_木箱002.Mesh","npc.json","data\source\maps_source\小物件\木箱\wj_木箱002_hd.mesh","73236.054687","2089.710937","35206.835937"
"1332","WJ_动物骸骨001_006.Mesh","npc.json","data\source\maps_source\小物件\遗骸\wj_动物骸骨001_006_hd.mesh","96149.148437","945.42871","21430.0"
"1333","WJ_动物骸骨001_004.Mesh","npc.json","data\source\maps_source\小物件\遗骸\wj_动物骸骨001_004_hd.mesh","72940.015625","1911.828613","28910.992187"
"1334","WJ_动物骸骨001_004.Mesh","npc.json","data\source\maps_source\小物件\遗骸\wj_动物骸骨001_004_hd.mesh","97615.25","1745.572265","12133.3125"
"1335","JZ_xb楼兰三间房001_002.Mesh","npc.json","data\source\maps_source\建筑\jz_xb楼兰三间房001_002_hd.mesh","75703.304687","1807.720214","35385.085937"
"1336","ST_xb龙门荒漠石001_002.Mesh","npc.json","data\source\maps_source\石头\st_xb龙门荒漠石001_002_hd.mesh","97901.367187","1219.957519","44829.875"
"1337","WJ_动物骸骨001_005.Mesh","npc.json","data\source\maps_source\小物件\遗骸\wj_动物骸骨001_005_hd.mesh","72015.632812","1979.949218","34133.851562"
"1338","XWJ_斗笠001.Mesh","npc.json","data\source\maps_source\小物件\生活品\xwj_斗笠001_hd.mesh","98795.148437","1550.199218","50381.84375"
"1339","XWJ_破坛子001_001_HD","npc.json","data\source\maps_source\小物件\坛罐\xwj_破坛子001_001_hd.mesh","76353.023437","1363.940429","49911.105468"
"1340","WJ_木桌005_002.Mesh","npc.json","data\source\maps_source\小物件\桌凳\wj_木桌005_002_hd.mesh","69819.703125","1887.170898","34882.21875"
"1341","XWJ_骷髅堆001_004.Mesh","npc.json","data\source\maps_source\小物件\坟地物件\xwj_骷髅堆001_004_hd.mesh","70934.8125","1917.339843","35578.667968"
"1342","ST_mj石头002_001.Mesh","npc.json","data\source\maps_source\门派\明教\st_mj石头002_001_hd.mesh","58723.53125","1680.785156","12439.585937"
"1343","WJ_动物骸骨001_004.Mesh","npc.json","data\source\maps_source\小物件\遗骸\wj_动物骸骨001_004_hd.mesh","96397.890625","976.240234","22106.28125"
"1344","S_xb多枝枯树003_006.Mesh","speedtree.json","Data\source\maps_source\树\S_xb多枝枯树003_006.srt","97710.625","1182.882812","45235.871093"
"1345","WJ_动物骸骨001_001.Mesh","npc.json","data\source\maps_source\小物件\遗骸\wj_动物骸骨001_001_hd.mesh","72106.835937","1987.434082","34052.914062"
"1346","ST_mj戈壁碎石003_002.Mesh","npc.json","data\source\maps_source\门派\明教\st_mj戈壁碎石003_002_hd.mesh","55134.015625","3707.269531","4867.265625"
"1347","XWJ_xb楼兰墓地001_002.Mesh","npc.json","data\source\maps_source\小物件\坟地物件\xwj_xb楼兰墓地001_002_hd.mesh","77659.796875","2076.82666","33535.0625"
"1348","S_xb多枝枯树003_005.Mesh","speedtree.json","Data\source\maps_source\树\S_xb多枝枯树003_005.srt","91142.203125","1540.009765","45406.488281"
"1349","S_xb多枝枯树003_005.Mesh","speedtree.json","Data\source\maps_source\树\S_xb多枝枯树003_005.srt","99104.25","1208.630859","35033.480468"
"1350","ST_xb龙门荒漠石001_008.Mesh","npc.json","data\source\maps_source\石头\st_xb龙门荒漠石001_008_hd.mesh","70249.859375","1309.780761","45383.871093"
"1351","S_xb多枝枯树003_009.Mesh","speedtree.json","Data\source\maps_source\树\S_xb多枝枯树003_009.srt","95439.992187","867.368652","21329.351562"
"1352","WJ_破木板002_001_HD","npc.json","data\source\maps_source\小物件\木箱\wj_破木板002_001_hd.mesh","76747.195312","1354.953125","49567.101562"
"1353","wj_货包包001_001.Mesh","npc.json","data\source\maps_source\小物件\草垛\wj_草垛001_002_hd.mesh","97864.710937","1362.804687","49943.851562"
"1354","ST_mj戈壁碎石003_002.Mesh","npc.json","data\source\maps_source\门派\明教\st_mj戈壁碎石003_002_hd.mesh","52678.238281","9182.536132","9231.5"
"1355","ST_xb龙门荒漠石001_008.Mesh","npc.json","data\source\maps_source\石头\st_xb龙门荒漠石001_008_hd.mesh","88310.445312","1417.948242","32756.617187"
"1356","ST_mj戈壁碎石003_002.Mesh","npc.json","data\source\maps_source\门派\明教\st_mj戈壁碎石003_002_hd.mesh","82575.820312","2287.756347","5062.28125"
"1357","WJ_官货车001.Mesh","npc.json","data\source\maps_source\小物件\车\wj_官货车001_hd.mesh","72771.828125","2070.53955","35406.632812"
"1358","ST_mj戈壁碎石003_002.Mesh","npc.json","data\source\maps_source\门派\明教\st_mj戈壁碎石003_002_hd.mesh","69284.804687","2579.246582","13340.914062"
"1359","wj_圆木桶堆002.Mesh","npc.json","data\source\maps_source\小物件\木箱\wj_圆木桶堆002_hd.mesh","97452.992187","1446.23413","50901.238281"
"1360","S_xb多枝枯树003_005.Mesh","speedtree.json","Data\source\maps_source\树\S_xb多枝枯树003_005.srt","91892.0625","1276.726562","21458.890625"
"1361","WJ_药煲_001.Mesh","npc.json","data\source\maps_source\小物件\生活品\wj_药煲_001_hd.mesh","97620.765625","1425.625","50604.808593"
"1362","ST_mj戈壁碎石003_002.Mesh","npc.json","data\source\maps_source\门派\明教\st_mj戈壁碎石003_002_hd.mesh","75091.984375","3460.49121","7029.734375"
"1363","S_xb多枝枯树003_001.Mesh","speedtree.json","Data\source\maps_source\树\S_xb多枝枯树003_001.srt","91449.679687","1534.760253","45277.304687"
"1364","ST_mj戈壁碎石003_002.Mesh","npc.json","data\source\maps_source\门派\明教\st_mj戈壁碎石003_002_hd.mesh","57796.46875","1071.922851","12553.84375"
"1365","WJ_动物骸骨001_002.Mesh","npc.json","data\source\maps_source\小物件\遗骸\wj_动物骸骨001_002_hd.mesh","73462.546875","1929.522949","29074.289062"
"1366","SD_崖壁狱门fb_001.Mesh","npc.json","data\source\maps_source\山洞\sd_崖壁狱门fb_001_hd.mesh","72483.414062","988.903808","12474.109375"
"1367","WJ_mj遮阳棚001_002.Mesh","npc.json","data\source\maps_source\门派\明教\wj_mj遮阳棚001_002_hd.mesh","90097.515625","1401.356933","31103.210937"
"1368","ST_mj石头002_002.Mesh","npc.json","data\source\maps_source\门派\明教\st_mj石头002_002_hd.mesh","61088.941406","1892.086914","1248.390625"
"1369","WJ_动物骸骨001_005.Mesh","npc.json","data\source\maps_source\小物件\遗骸\wj_动物骸骨001_005_hd.mesh","97241.046875","1716.885742","12071.960937"
"1370","ST_mj戈壁碎石003_002.Mesh","npc.json","data\source\maps_source\门派\明教\st_mj戈壁碎石003_002_hd.mesh","73784.632812","4083.782226","10354.6875"
"1371","XWJ_cj木梯001.Mesh","npc.json","data\source\maps_source\小物件\工地物件\xwj_cj木梯001_hd.mesh","71919.570312","2005.86914","29675.179687"
"1372","WJ_木车002.Mesh","npc.json","data\source\maps_source\小物件\车\wj_木车002_hd.mesh","73307.671875","2048.504882","35779.5625"
"1373","JZ_xb楼兰三间房001_001.Mesh","npc.json","data\source\maps_source\建筑\jz_xb楼兰三间房001_001_hd.mesh","73237.34375","1803.340332","36564.566406"
"1374","ST_mj戈壁碎石003_002.Mesh","npc.json","data\source\maps_source\门派\明教\st_mj戈壁碎石003_002_hd.mesh","80623.023437","4837.261718","3247.59375"
"1375","S_西北枯树001_001.Mesh","npc.json","data\source\maps_source\树\s_西北枯树001_001_hd.mesh","97166.40625","1209.254882","35978.566406"
"1376","JZ_xb楼兰哨台001_004.Mesh","npc.json","data\source\maps_source\建筑\jz_xb楼兰哨台001_004_hd.mesh","67967.109375","966.732421","28538.484375"
"1377","PJ_帐篷001_002.Mesh","npc.json","data\source\maps_source\建筑配套\pj_帐篷001_002_hd.mesh","78025.335937","2225.65332","13057.320312"
"1378","WJ_sn茅草房001_009.Mesh","npc.json","data\source\maps_source\小物件\室内\wj_sn茅草房001_009_hd.mesh","98389.140625","1391.377441","50458.851562"
"1379","S_xb多枝枯树003_009.Mesh","speedtree.json","Data\source\maps_source\树\S_xb多枝枯树003_009.srt","89075.84375","2171.111328","16478.734375"
"1380","WJ_动物骸骨001_004.Mesh","npc.json","data\source\maps_source\小物件\遗骸\wj_动物骸骨001_004_hd.mesh","88597.007812","1333.811035","22889.984375"
"1381","WJ_动物骸骨001_006.Mesh","npc.json","data\source\maps_source\小物件\遗骸\wj_动物骸骨001_006_hd.mesh","91103.976562","1608.608398","46597.195312"
"1382","WJ_动物骸骨001_006.Mesh","npc.json","data\source\maps_source\小物件\遗骸\wj_动物骸骨001_006_hd.mesh","72683.46875","1905.636718","28917.03125"
"1383","WJ_火堆001_002.Mesh","npc.json","data\source\maps_source\小物件\灯\wj_火堆001_002_hd.mesh","71837.148437","1994.745117","33951.347656"
"1384","ST_xb龙门荒漠石001_008.Mesh","npc.json","data\source\maps_source\石头\st_xb龙门荒漠石001_008_hd.mesh","91713.414062","1536.008789","46007.351562"
"1385","ST_xb龙门荒漠石001_012.Mesh","npc.json","data\source\maps_source\石头\st_xb龙门荒漠石001_012_hd.mesh","77971.945312","-3233.974365","5745.9375"
"1386","WJ_火堆001_006_HD","npc.json","data\source\maps_source\小物件\灯\wj_火堆001_006_hd.mesh","88268.773437","1490.953125","44920.15625"
"1387","WJ_酒坛006_001.Mesh","npc.json","data\source\maps_source\小物件\坛罐\wj_酒坛006_001_hd.mesh","69746.25","1900.070312","35149.132812"
"1388","WJ_动物骸骨001_001.Mesh","npc.json","data\source\maps_source\小物件\遗骸\wj_动物骸骨001_001_hd.mesh","97793.804687","1731.980957","12389.265625"
"1389","jz_xb楼兰哨台001_003_HD","npc.json","data\source\maps_source\建筑\jz_xb楼兰哨台001_003_hd.mesh","69615.609375","646.68164","51148.160156"
"1390","WJ_蚕板_001_001.Mesh","npc.json","data\source\maps_source\小物件\生活品\wj_蚕板_001_001_hd.mesh","98298.53125","1381.317382","50225.300781"
"1391","WJ_sn茅草房001_009.Mesh","npc.json","data\source\maps_source\小物件\室内\wj_sn茅草房001_009_hd.mesh","97664.007812","1440.189453","50850.410156"
"1392","ST_xb龙门荒漠石001_008.Mesh","npc.json","data\source\maps_source\石头\st_xb龙门荒漠石001_008_hd.mesh","95635.460937","889.334472","21876.1875"
"1393","JZ_xb楼兰哨台001_007.Mesh","npc.json","data\source\maps_source\建筑\jz_xb楼兰哨台001_007_hd.mesh","69981.726562","1851.336425","33462.664062"
"1394","WJ_火堆001_006_HD","npc.json","data\source\maps_source\小物件\灯\wj_火堆001_006_hd.mesh","90523.335937","1403.734375","31250.75"
"1395","ST_mj戈壁碎石003_002.Mesh","npc.json","data\source\maps_source\门派\明教\st_mj戈壁碎石003_002_hd.mesh","72633.71875","4160.97705","9692.689453"
"1396","JZ_xb楼兰哨台001_003.Mesh","npc.json","data\source\maps_source\建筑\jz_xb楼兰哨台001_003_hd.mesh","76096.679687","1151.407226","29865.25"
"1397","ST_mj石头002_002.Mesh","npc.json","data\source\maps_source\门派\明教\st_mj石头002_002_hd.mesh","55968.085937","1842.987304","13405.773437"
"1398","WJ_火堆001_006_HD","npc.json","data\source\maps_source\小物件\灯\wj_火堆001_006_hd.mesh","102101.320312","1196.046875","38378.125"
"1399","WJ_动物骸骨001_006.Mesh","npc.json","data\source\maps_source\小物件\遗骸\wj_动物骸骨001_006_hd.mesh","91126.21875","1558.374023","47005.246093"
"1400","pj_mj石门001_01_HD","npc.json","data\source\maps_source\门派\明教\pj_mj石门001_01_hd.mesh","69412.78125","1096.32666","6333.070312"
"1401","WJ_破木板002_001_HD","npc.json","data\source\maps_source\小物件\木箱\wj_破木板002_001_hd.mesh","76911.664062","1354.03125","50014.769531"
"1402","WJ_动物骸骨001_006.Mesh","npc.json","data\source\maps_source\小物件\遗骸\wj_动物骸骨001_006_hd.mesh","88736.335937","1284.848144","22439.15625"
"1403","ST_xb龙门荒漠石001_008.Mesh","npc.json","data\source\maps_source\石头\st_xb龙门荒漠石001_008_hd.mesh","61434.085937","314.939941","50372.0"
"1404","JZ_xb楼兰哨台001_004.Mesh","npc.json","data\source\maps_source\建筑\jz_xb楼兰哨台001_004_hd.mesh","67715.03125","606.59375","51089.121093"
"1405","JZ_xb楼兰三间房001_003.Mesh","npc.json","data\source\maps_source\建筑\jz_xb楼兰三间房001_003_hd.mesh","74326.929687","1873.283203","35894.324218"
"1406","S_xb多枝枯树003_007.Mesh","speedtree.json","Data\source\maps_source\树\S_xb多枝枯树003_007.srt","97520.960937","1158.450195","45213.671875"
"1407","wj_竹帘棚001.mesh","npc.json","data\source\maps_source\城市\杨洲\wj_竹帘棚001_hd.mesh","97345.0625","1434.332519","50640.273437"
"1408","JZ_xb楼兰三间房001_003.Mesh","npc.json","data\source\maps_source\建筑\jz_xb楼兰三间房001_003_hd.mesh","74122.039062","1772.827148","34397.460937"
"1409","JZ_xb楼兰哨台001_006.Mesh","npc.json","data\source\maps_source\建筑\jz_xb楼兰哨台001_006_hd.mesh","71976.070312","1775.223632","32417.179687"
"1410","S_xb多枝枯树003_005.Mesh","speedtree.json","Data\source\maps_source\树\S_xb多枝枯树003_005.srt","94564.757812","1460.446289","35654.394531"
"1411","JZ_xb楼兰哨台001_004.Mesh","npc.json","data\source\maps_source\建筑\jz_xb楼兰哨台001_004_hd.mesh","70317.710937","1036.80371","33535.5625"
"1412","S_xb多枝枯树003_005.Mesh","speedtree.json","Data\source\maps_source\树\S_xb多枝枯树003_005.srt","95326.648437","916.210449","27158.054687"
"1413","WJ_火堆001_005_HD","npc.json","data\source\maps_source\小物件\灯\wj_火堆001_005_hd.mesh","96811.898437","1415.8125","50596.3125"
"1414","WJ_动物骸骨001_006.Mesh","npc.json","data\source\maps_source\小物件\遗骸\wj_动物骸骨001_006_hd.mesh","88927.757812","1452.82373","33118.703125"
"1415","JZ_xb楼兰哨台001_001.Mesh","npc.json","data\source\maps_source\建筑\jz_xb楼兰哨台001_001_hd.mesh","76483.46875","189.615722","51155.164062"
"1416","ST_xb龙门荒漠石001_005.Mesh","npc.json","data\source\maps_source\石头\st_xb龙门荒漠石001_005_hd.mesh","57308.546875","2623.225585","11601.476562"
"1417","WJ_mj篝火001_002.Mesh","npc.json","data\source\maps_source\门派\明教\wj_mj篝火001_002_hd.mesh","78479.125","2240.475585","13568.835937"
"1418","WJ_动物骸骨001_005.Mesh","npc.json","data\source\maps_source\小物件\遗骸\wj_动物骸骨001_005_hd.mesh","97657.0","1414.015136","36635.707031"
"1419","JZ_xb楼兰哨台001_001.Mesh","npc.json","data\source\maps_source\建筑\jz_xb楼兰哨台001_001_hd.mesh","70563.390625","814.662109","23345.125"
"1420","WJ_动物骸骨001_001.Mesh","npc.json","data\source\maps_source\小物件\遗骸\wj_动物骸骨001_001_hd.mesh","96937.78125","1345.890625","37114.984375"
"1421","S_西北枯树001_003.Mesh","speedtree.json","Data\source\maps_source\树\S_西北枯树001_003.srt","65468.804687","1496.507812","15101.085937"
"1422","WJ_动物骸骨001_001.Mesh","npc.json","data\source\maps_source\小物件\遗骸\wj_动物骸骨001_001_hd.mesh","88692.859375","1425.759765","23202.78125"
"1423","WJ_武器台001_001.Mesh","npc.json","data\source\maps_source\小物件\生活品\wj_武器台001_001_hd.mesh","71298.71875","1926.065429","32909.703125"
"1424","WJ_动物骸骨001_001.Mesh","npc.json","data\source\maps_source\小物件\遗骸\wj_动物骸骨001_001_hd.mesh","96141.046875","955.748046","22215.421875"
"1425","ST_mj戈壁碎石003_002.Mesh","npc.json","data\source\maps_source\门派\明教\st_mj戈壁碎石003_002_hd.mesh","65170.832031","1839.604492","17473.71875"
"1426","ST_mj戈壁碎石002_003.Mesh","npc.json","data\source\maps_source\门派\明教\st_mj戈壁碎石002_003_hd.mesh","56464.167968","1696.396972","12874.492187"
"1427","WJ_动物骸骨001_004.Mesh","npc.json","data\source\maps_source\小物件\遗骸\wj_动物骸骨001_004_hd.mesh","89032.40625","1345.966796","23036.796875"
"1428","WJ_木箱堆001.Mesh","npc.json","data\source\maps_source\小物件\木箱\wj_木箱堆001_hd.mesh","73075.859375","2120.508789","35417.855468"
"1429","WJ_动物骸骨001_001.Mesh","npc.json","data\source\maps_source\小物件\遗骸\wj_动物骸骨001_001_hd.mesh","73160.765625","1921.695312","28593.757812"
"1430","ST_xb龙门荒漠石001_012.Mesh","npc.json","data\source\maps_source\石头\st_xb龙门荒漠石001_012_hd.mesh","83858.421875","8867.43164","11672.507812"
"1431","ST_xb龙门荒漠石001_004.Mesh","npc.json","data\source\maps_source\石头\st_xb龙门荒漠石001_004_hd.mesh","95653.46875","874.347656","22239.046875"
"1432","WJ_动物骸骨001_005.Mesh","npc.json","data\source\maps_source\小物件\遗骸\wj_动物骸骨001_005_hd.mesh","88256.59375","1400.534179","22756.96875"
"1433","JZ_js加沙粮仓001_004.Mesh","npc.json","data\source\maps_source\副本室内\战场\决胜千里\jz_js加沙粮仓001_004_hd.mesh","98729.945312","1470.718261","50658.332031"
"1434","ST_mj戈壁碎石003_002.Mesh","npc.json","data\source\maps_source\门派\明教\st_mj戈壁碎石003_002_hd.mesh","64655.753906","2515.4375","5601.820312"
"1435","SD_崖壁狱门fb_001.Mesh","npc.json","data\source\maps_source\山洞\sd_崖壁狱门fb_001_hd.mesh","55028.121093","-562.913085","10587.109375"
"1436","ST_mj戈壁碎石003_002.Mesh","npc.json","data\source\maps_source\门派\明教\st_mj戈壁碎石003_002_hd.mesh","67796.703125","6147.001953","19549.617187"
"1437","WJ_酒坛006_001.Mesh","npc.json","data\source\maps_source\小物件\坛罐\wj_酒坛006_001_hd.mesh","69815.328125","1895.67871","35204.25"
"1438","JZ_xb楼兰哨台001_005.Mesh","npc.json","data\source\maps_source\建筑\jz_xb楼兰哨台001_005_hd.mesh","79241.421875","1862.818359","35746.507812"
"1439","WJ_龙门荒漠路标001.Mesh","npc.json","data\source\maps_source\小物件\路标\wj_龙门荒漠路标001_hd.mesh","94599.890625","1405.65039","35142.910156"
"1440","XWJ_xb楼兰墓地001_003.Mesh","npc.json","data\source\maps_source\小物件\坟地物件\xwj_xb楼兰墓地001_003_hd.mesh","77110.90625","2050.755859","33545.988281"
"1441","ST_xb龙门荒漠石001_012.Mesh","npc.json","data\source\maps_source\石头\st_xb龙门荒漠石001_012_hd.mesh","86236.867187","1628.992675","6565.609375"
"1442","WJ_蚕板_001_001.Mesh","npc.json","data\source\maps_source\小物件\生活品\wj_蚕板_001_001_hd.mesh","98165.546875","1406.373535","50322.484375"
"1443","WJ_破木板002_001_HD","npc.json","data\source\maps_source\小物件\木箱\wj_破木板002_001_hd.mesh","76399.28125","1363.015625","49938.289062"
"1444","WJ_动物骸骨001_006.Mesh","npc.json","data\source\maps_source\小物件\遗骸\wj_动物骸骨001_006_hd.mesh","97754.578125","1761.468261","11682.484375"
"1445","WJ_破车001_002.Mesh","npc.json","data\source\maps_source\小物件\车\wj_破车001_002_hd.mesh","76753.203125","1356.466796","49983.875"
"1446","WJ_sn茅草房001_013.Mesh","npc.json","data\source\maps_source\小物件\室内\wj_sn茅草房001_013_hd.mesh","98665.945312","1553.466308","50380.871093"
"1447","PJ_帐篷001_002.Mesh","npc.json","data\source\maps_source\建筑配套\pj_帐篷001_002_hd.mesh","89310.8125","1509.246093","45166.03125"
"1448","SD_崖壁狱门fb_001.Mesh","npc.json","data\source\maps_source\山洞\sd_崖壁狱门fb_001_hd.mesh","67747.421875","278.080078","20603.132812"
"1449","ST_xb龙门荒漠石001_003.Mesh","npc.json","data\source\maps_source\石头\st_xb龙门荒漠石001_003_hd.mesh","65650.75","1667.995605","17174.664062"
"1450","ST_mj戈壁碎石003_002.Mesh","npc.json","data\source\maps_source\门派\明教\st_mj戈壁碎石003_002_hd.mesh","60748.269531","2420.300781","7035.757812"
"1451","JZ_xb楼兰哨台001_004.Mesh","npc.json","data\source\maps_source\建筑\jz_xb楼兰哨台001_004_hd.mesh","71087.648437","1050.33789","28852.625"
"1452","XWJ_ca柜子003_002.Mesh","npc.json","data\source\maps_source\小物件\室内\xwj_ca柜子003_002_hd.mesh","58595.761718","209.310058","60825.886718"
"1453","WJ_酒坛006_001.Mesh","npc.json","data\source\maps_source\小物件\坛罐\wj_酒坛006_001_hd.mesh","63128.914062","326.930664","61721.4375"
"1454","WJ_木箱004_002.Mesh","npc.json","data\source\maps_source\小物件\木箱\wj_木箱004_002_hd.mesh","72375.851562","1342.704101","58094.414062"
"1455","XWJ_农家物件008.Mesh","npc.json","data\source\maps_source\小物件\生活品\xwj_农家物件008_hd.mesh","62950.875","225.262695","61693.574218"
"1456","ST_mj戈壁碎石003_002.Mesh","npc.json","data\source\maps_source\门派\明教\st_mj戈壁碎石003_002_hd.mesh","91430.515625","2468.669921","87304.390625"
"1457","WJ_HQM悬挂装饰001.Mesh","npc.json","data\source\maps_source\小物件\室内\wj_hqm悬挂装饰001_hd.mesh","57670.023437","803.374023","58447.804687"
"1458","WJ_坛子001_001.Mesh","npc.json","data\source\maps_source\小物件\坛罐\wj_坛子001_001_hd.mesh","63343.84375","486.650878","61575.949218"
"1459","XWJ_坛子003.Mesh","npc.json","data\source\maps_source\小物件\坛罐\xwj_坛子003_hd.mesh","69565.945312","979.021972","56078.0625"
"1460","wj_圆木桶堆002.Mesh","npc.json","data\source\maps_source\小物件\木箱\wj_圆木桶堆002_hd.mesh","72279.53125","1347.113647","56728.410156"
"1461","WJ_破车001_001.Mesh","npc.json","data\source\maps_source\小物件\车\wj_破车001_001_hd.mesh","63068.820312","218.76123","59470.914062"
"1462","WJ_功夫茶001_002.Mesh","npc.json","data\source\maps_source\小物件\生活品\wj_功夫茶001_002_hd.mesh","77472.140625","2088.208007","93709.625"
"1463","WJ_烹饪菜架001_004.Mesh","npc.json","data\source\maps_source\小物件\生活品\wj_烹饪菜架001_004_hd.mesh","63218.6875","222.120605","61134.242187"
"1464","JZ_xb玉门关建筑001_004_HD","npc.json","data\source\maps_source\建筑\jz_xb玉门关建筑001_004_hd.mesh","88869.164062","5103.539062","97651.976562"
"1465","y_鱼群02_红_hd","npc.json","data\source\other\hd特效\场景\mesh\y_鱼群02_红_hd.mesh","66789.953125","-85.049575","60863.21875"
"1466","WJ_木箱001.Mesh","npc.json","data\source\maps_source\小物件\木箱\wj_木箱001_hd.mesh","58206.441406","612.767578","60945.125"
"1467","WJ_物什箱014_002.Mesh","npc.json","data\source\maps_source\小物件\木箱\wj_物什箱014_002_hd.mesh","58220.378906","612.860351","61060.292968"
"1468","WJ_木桌005_001.Mesh","npc.json","data\source\maps_source\小物件\桌凳\wj_木桌005_001_hd.mesh","58545.550781","208.853027","60014.226562"
"1469","st_mj戈壁碎石002_002.mesh","npc.json","data\source\maps_source\门派\明教\st_mj戈壁碎石002_002_hd.mesh","68658.46875","656.433593","56558.585937"
"1470","JZ_xb玉门关建筑001_002.Mesh","npc.json","data\source\maps_source\建筑\jz_xb玉门关建筑001_002_hd.mesh","63763.65625","217.784179","59097.132812"
"1471","XWJ_路灯003A_HD","npc.json","data\source\maps_source\小物件\灯\xwj_路灯003a_hd.mesh","63084.328125","216.731445","58543.582031"
"1472","ST_mj戈壁碎石002_004.Mesh","npc.json","data\source\maps_source\门派\明教\st_mj戈壁碎石002_004_hd.mesh","63964.671875","133.637695","55387.480468"
"1473","XWJ_cj木梯001.Mesh","npc.json","data\source\maps_source\小物件\工地物件\xwj_cj木梯001_hd.mesh","68471.304687","1197.474609","51659.089843"
"1474","wj_圆水木桶001.Mesh","npc.json","data\source\maps_source\小物件\木箱\wj_圆水木桶001_hd.mesh","61693.769531","207.104156","63554.164062"
"1475","wj_陶罐008_HD","npc.json","data\source\maps_source\小物件\坛罐\wj_陶罐008_hd.mesh","72332.0","1361.416503","56389.804687"
"1476","wj_竹帘棚001.mesh","npc.json","data\source\maps_source\城市\杨洲\wj_竹帘棚001_hd.mesh","72578.96875","1375.441406","56658.398437"
"1477","WJ_酒坛006_001.Mesh","npc.json","data\source\maps_source\小物件\坛罐\wj_酒坛006_001_hd.mesh","63215.546875","487.482421","61715.683593"
"1478","XWJ_路灯003A_HD","npc.json","data\source\maps_source\小物件\灯\xwj_路灯003a_hd.mesh","59558.453125","177.175292","61216.183593"
"1479","WJ_酒坛006_001.Mesh","npc.json","data\source\maps_source\小物件\坛罐\wj_酒坛006_001_hd.mesh","61983.835937","222.114257","60962.421875"
"1480","wj_木箱004_002_HD","npc.json","data\source\maps_source\小物件\木箱\wj_木箱004_002_hd.mesh","74671.6875","1402.70166","56992.070312"
"1481","s_xca小树001_005_ST.mesh.stree","speedtree.json","Data\source\maps_source\树\s_xca小树001_005_ST.srt","69325.882812","1148.776367","62702.410156"
"1482","WJ_木箱004_002.Mesh","npc.json","data\source\maps_source\小物件\木箱\wj_木箱004_002_hd.mesh","71952.078125","1439.944335","59830.050781"
"1483","WJ_晒鱼网001_003.Mesh","npc.json","data\source\maps_source\小物件\生活品\wj_晒鱼网001_003_hd.mesh","63860.027343","229.24121","56682.527343"
"1484","ST_xb龙门荒漠石001_002.Mesh","npc.json","data\source\maps_source\石头\st_xb龙门荒漠石001_002_hd.mesh","65319.3125","-55.95166","51363.195312"
"1485","CQ_玉门关城墙001_007.Mesh","npc.json","data\source\maps_source\城墙\cq_玉门关城墙001_007_hd.mesh","76813.609375","3123.086914","60227.285156"
"1486","XWJ_破军物件001_004.Mesh","npc.json","data\source\maps_source\小物件\武器\xwj_破军物件001_004_hd.mesh","69386.664062","949.394897","54197.972656"
"1487","wj_木箱004_002_HD","npc.json","data\source\maps_source\小物件\木箱\wj_木箱004_002_hd.mesh","74679.84375","1328.345703","56872.070312"
"1488","WJ_草席001_003.Mesh","npc.json","data\source\maps_source\小物件\生活品\wj_草席001_003_hd.mesh","61419.175781","212.374023","60559.085937"
"1489","WJ_坛子001_001.Mesh","npc.json","data\source\maps_source\小物件\坛罐\wj_坛子001_001_hd.mesh","63412.070312","223.017578","59260.492187"
"1490","WJ_酒坛006_001.Mesh","npc.json","data\source\maps_source\小物件\坛罐\wj_酒坛006_001_hd.mesh","63337.546875","372.253417","61514.246093"
"1491","WJ_木桌005_002.Mesh","npc.json","data\source\maps_source\小物件\桌凳\wj_木桌005_002_hd.mesh","61629.714843","202.219726","58878.929687"
"1492","XWJ_农家物件010.Mesh","npc.json","data\source\maps_source\小物件\生活品\xwj_农家物件010_hd.mesh","61205.96875","406.229003","61522.695312"
"1493","ST_mj戈壁碎石003_002.Mesh","npc.json","data\source\maps_source\门派\明教\st_mj戈壁碎石003_002_hd.mesh","90120.804687","2967.675781","101013.046875"
"1494","WJ_sn茅草房001_009.Mesh","npc.json","data\source\maps_source\小物件\室内\wj_sn茅草房001_009_hd.mesh","61178.261718","222.11914","61121.171875"
"1495","WJ_动物骸骨001_005.Mesh","npc.json","data\source\maps_source\小物件\遗骸\wj_动物骸骨001_005_hd.mesh","60404.023437","3097.652343","86782.15625"
"1496","XWJ_斗笠001.Mesh","npc.json","data\source\maps_source\小物件\生活品\xwj_斗笠001_hd.mesh","61883.925781","353.79248","61612.589843"
"1497","WJ_摊子001.Mesh","npc.json","data\source\maps_source\小物件\货摊\wj_摊子001_hd.mesh","59363.691406","203.580566","58739.285156"
"1498","WJ_酒坛006_001.Mesh","npc.json","data\source\maps_source\小物件\坛罐\wj_酒坛006_001_hd.mesh","58665.421875","304.83493","61009.777343"
"1499","s_xca小树001_001_ST.mesh.stree","npc.json","data\source\maps_source\门派\明教\st_mj戈壁碎石003_005_hd.mesh","68663.375","829.835449","61053.6875"
"1500","WJ_餐具001_001.Mesh","npc.json","data\source\maps_source\小物件\室内\wj_餐具001_001_hd.mesh","58540.296875","301.557617","60012.28125"
"1501","WJ_绳001_001.Mesh","npc.json","data\source\maps_source\小物件\生活品\wj_绳001_001_hd.mesh","58469.753906","778.669921","59109.109375"
"1502","WJ_动物骸骨001_006.Mesh","npc.json","data\source\maps_source\小物件\遗骸\wj_动物骸骨001_006_hd.mesh","95466.804687","1569.026855","55532.007812"
"1503","ST_xb龙门荒漠石001_012.Mesh","npc.json","data\source\maps_source\石头\st_xb龙门荒漠石001_012_hd.mesh","53934.425781","3578.80664","82396.96875"
"1504","WJ_火堆001_002.Mesh","npc.json","data\source\maps_source\小物件\灯\wj_火堆001_002_hd.mesh","62429.578125","4768.327148","79483.03125"
"1505","WJ_木箱004_001.Mesh","npc.json","data\source\maps_source\小物件\木箱\wj_木箱004_001_hd.mesh","59952.28125","204.494628","56986.730468"
"1506","WJ_龙门荒漠路标001.Mesh","npc.json","data\source\maps_source\小物件\路标\wj_龙门荒漠路标001_hd.mesh","97442.109375","1122.611328","80645.921875"
"1507","WJ_坛子001_002.Mesh","npc.json","data\source\maps_source\小物件\坛罐\wj_坛子001_002_hd.mesh","69587.484375","968.395507","55993.929687"
"1508","PJ_玉门风车001A.Mesh","npc.json","data\source\maps_source\建筑配套\pj_玉门风车001a_hd.mesh","82790.523437","3984.856445","87997.335937"
"1509","st_mj戈壁碎石003_001_HD","npc.json","data\source\maps_source\门派\明教\st_mj戈壁碎石003_001_hd.mesh","92011.765625","4130.109375","98564.453125"
"1510","S_xb多枝枯树003_007.Mesh","speedtree.json","Data\source\maps_source\树\S_xb多枝枯树003_007.srt","89935.171875","1335.41748","51617.632812"
"1511","WJ_中级挂饰004_001.Mesh","npc.json","data\source\maps_source\小物件\室内\wj_中级挂饰004_001_hd.mesh","58621.097656","502.705078","58185.097656"
"1512","XWJ_农家物件004_002.Mesh","npc.json","data\source\maps_source\小物件\生活品\xwj_农家物件004_002_hd.mesh","58042.953125","378.54248","59651.738281"
"1513","CQ_玉门关城墙001_003.Mesh","npc.json","data\source\maps_source\城墙\cq_玉门关城墙001_003_hd.mesh","77384.070312","1381.301269","65920.890625"
"1514","WJ_动物骸骨001_005.Mesh","npc.json","data\source\maps_source\小物件\遗骸\wj_动物骸骨001_005_hd.mesh","94964.359375","1442.955078","65260.15625"
"1515","WJ_破木板002_001_HD","npc.json","data\source\maps_source\小物件\木箱\wj_破木板002_001_hd.mesh","75863.46875","1393.161132","56073.390625"
"1516","s_xca小树001_001_ST.mesh.stree","speedtree.json","Data\source\maps_source\树\s_xca小树001_001_ST.srt","67903.023437","1066.942871","63081.503906"
"1517","JZ_xb楼兰哨台001_004.Mesh","npc.json","data\source\maps_source\建筑\jz_xb楼兰哨台001_004_hd.mesh","88378.445312","4420.757812","90748.085937"
"1518","wj_圆木桶001.Mesh","npc.json","data\source\maps_source\小物件\木箱\wj_圆木桶001_hd.mesh","58282.105468","217.829101","61085.929687"
"1519","WJ_坛子001_001.Mesh","npc.json","data\source\maps_source\小物件\坛罐\wj_坛子001_001_hd.mesh","63267.199218","222.117675","61567.644531"
"1520","WJ_HQM悬挂装饰001.Mesh","npc.json","data\source\maps_source\小物件\室内\wj_hqm悬挂装饰001_hd.mesh","57752.375","803.374023","59389.082031"
"1521","WJ_木车002.Mesh","npc.json","data\source\maps_source\小物件\车\wj_木车002_hd.mesh","84245.890625","1976.645263","85274.320312"
"1522","JZ_xb玉门关建筑002_003.Mesh","npc.json","data\source\maps_source\建筑\jz_xb玉门关建筑002_003_hd.mesh","76243.25","1367.919921","59230.160156"
"1523","wj_圆木桶堆002.Mesh","npc.json","data\source\maps_source\小物件\木箱\wj_圆木桶堆002_hd.mesh","58098.0625","1071.075195","61348.167968"
"1524","wj_木箱004_002_HD","npc.json","data\source\maps_source\小物件\木箱\wj_木箱004_002_hd.mesh","72161.789062","1356.317871","56275.757812"
"1525","WJ_酒坛006_001.Mesh","npc.json","data\source\maps_source\小物件\坛罐\wj_酒坛006_001_hd.mesh","75636.789062","1448.673339","61231.867187"
"1526","WJ_酒坛006_001.Mesh","npc.json","data\source\maps_source\小物件\坛罐\wj_酒坛006_001_hd.mesh","72458.867187","1353.854492","57733.488281"
"1527","ST_mj戈壁碎石002_004.Mesh","npc.json","data\source\maps_source\门派\明教\st_mj戈壁碎石002_004_hd.mesh","71116.5","1120.816406","56752.765625"
"1528","WJ_木箱004_002.Mesh","npc.json","data\source\maps_source\小物件\木箱\wj_木箱004_002_hd.mesh","60255.78125","200.980957","56694.867187"
"1529","ST_xb龙门荒漠石001_007.Mesh","npc.json","data\source\maps_source\石头\st_xb龙门荒漠石001_007_hd.mesh","66433.65625","1208.156738","74627.890625"
"1530","S_xb多枝枯树003_007.Mesh","speedtree.json","Data\source\maps_source\树\S_xb多枝枯树003_007.srt","59745.625","198.132324","63921.746093"
"1531","JZ_xb楼兰哨台001_006.Mesh","npc.json","data\source\maps_source\建筑\jz_xb楼兰哨台001_006_hd.mesh","58885.875","176.332031","57780.132812"
"1532","WJ_坛子002_003.Mesh","npc.json","data\source\maps_source\小物件\坛罐\wj_坛子002_003_hd.mesh","62863.398437","222.120605","61704.664062"
"1533","WJ_erg酒坛002.Mesh","npc.json","data\source\maps_source\小物件\室内\wj_erg酒坛002_hd.mesh","58582.722656","304.83493","61033.117187"
"1534","ST_xb龙门荒漠石001_012.Mesh","npc.json","data\source\maps_source\石头\st_xb龙门荒漠石001_012_hd.mesh","96714.882812","4305.603027","97802.429687"
"1535","ST_mj戈壁碎石001_004.Mesh","npc.json","data\source\maps_source\门派\明教\st_mj戈壁碎石001_004_hd.mesh","70334.289062","1027.297851","59924.003906"
"1536","WJ_erg画像001.Mesh","npc.json","data\source\maps_source\小物件\室内\wj_erg画像001_hd.mesh","62303.855468","222.114257","61868.28125"
"1537","WJ_蚕板_001_001.Mesh","npc.json","data\source\maps_source\小物件\生活品\wj_蚕板_001_001_hd.mesh","58024.269531","217.833007","58830.402343"
"1538","WJ_木桌005_001.Mesh","npc.json","data\source\maps_source\小物件\桌凳\wj_木桌005_001_hd.mesh","58496.292968","208.853027","59496.367187"
"1539","WJ_酒坛007_001.Mesh","npc.json","data\source\maps_source\小物件\坛罐\wj_酒坛007_001_hd.mesh","62515.808593","222.124023","61516.0625"
"1540","XWJ_路灯003A_HD","npc.json","data\source\maps_source\小物件\灯\xwj_路灯003a_hd.mesh","60938.835937","194.535156","60222.023437"
"1541","WJ_药煲_001.Mesh","npc.json","data\source\maps_source\小物件\生活品\wj_药煲_001_hd.mesh","58203.679687","217.84082","60487.679687"
"1542","WJ_小瓶子001.Mesh","npc.json","data\source\maps_source\小物件\室内\wj_小瓶子001_hd.mesh","63106.289062","371.394531","61712.433593"
"1543","ST_mj戈壁碎石001_002.Mesh","npc.json","data\source\maps_source\门派\明教\st_mj戈壁碎石001_002_hd.mesh","69991.023437","792.828613","62074.511718"
"1544","WJ_破车001_001.Mesh","npc.json","data\source\maps_source\小物件\车\wj_破车001_001_hd.mesh","58610.480468","199.55371","62758.121093"
"1545","ST_mj戈壁碎石003_002.Mesh","npc.json","data\source\maps_source\门派\明教\st_mj戈壁碎石003_002_hd.mesh","85358.992187","2683.791015","89266.773437"
"1546","WJ_erg纸张001.Mesh","npc.json","data\source\maps_source\小物件\室内\wj_erg纸张001_hd.mesh","58598.453125","284.166503","60772.746093"
"1547","ST_mj戈壁碎石003_002.Mesh","npc.json","data\source\maps_source\门派\明教\st_mj戈壁碎石003_002_hd.mesh","88416.179687","2826.828125","87597.125"
"1548","WJ_小瓶子001.Mesh","npc.json","data\source\maps_source\小物件\室内\wj_小瓶子001_hd.mesh","58473.117187","304.83493","60566.160156"
"1549","ST_mj戈壁碎石003_002.Mesh","npc.json","data\source\maps_source\门派\明教\st_mj戈壁碎石003_002_hd.mesh","80686.640625","3374.152343","95992.351562"
"1550","WJ_erg酒坛002.Mesh","npc.json","data\source\maps_source\小物件\室内\wj_erg酒坛002_hd.mesh","77715.570312","1999.476562","94334.75"
"1551","XWJ_农家物件004_001.Mesh","npc.json","data\source\maps_source\小物件\生活品\xwj_农家物件004_001_hd.mesh","61487.238281","210.916503","60473.984375"
"1552","WJ_酒坛006_001.Mesh","npc.json","data\source\maps_source\小物件\坛罐\wj_酒坛006_001_hd.mesh","75613.078125","1388.183593","61249.507812"
"1553","WJ_木箱001.Mesh","npc.json","data\source\maps_source\小物件\木箱\wj_木箱001_hd.mesh","58512.804687","304.83493","61064.285156"
"1554","WJ_小木台001.Mesh","npc.json","data\source\maps_source\小物件\生活品\wj_小木台001_hd.mesh","60703.296875","217.776367","64545.445312"
"1555","XWJ_破坛子001_001_HD","npc.json","data\source\maps_source\小物件\坛罐\xwj_破坛子001_001_hd.mesh","70615.140625","1258.46582","62635.441406"
"1556","s_xca小树001_005_ST.mesh.stree","speedtree.json","Data\source\maps_source\树\s_xca小树001_005_ST.srt","67146.796875","887.807617","54823.640625"
"1557","XWJ_被子001.Mesh","npc.json","data\source\maps_source\小物件\室内\xwj_被子001_hd.mesh","72145.65625","1422.38916","57594.964843"
"1558","wj_货包包001_002.Mesh","npc.json","data\source\maps_source\小物件\生活品\wj_货包包001_002_hd.mesh","63302.472656","487.480957","61319.0625"
"1559","WJ_中级挂饰003_003.Mesh","npc.json","data\source\maps_source\小物件\室内\wj_中级挂饰003_003_hd.mesh","58980.808593","468.311523","61414.191406"
"1560","wj_通用坛罐001_003_HD","npc.json","data\source\maps_source\小物件\坛罐\wj_通用坛罐001_003_hd.mesh","71493.648437","1291.903808","60924.828125"
"1561","S_xb多枝枯树003_002.Mesh","speedtree.json","Data\source\maps_source\树\S_xb多枝枯树003_002.srt","57882.996093","22.812011","56794.671875"
"1562","WJ_破木板002_001_HD","npc.json","data\source\maps_source\小物件\木箱\wj_破木板002_001_hd.mesh","76060.90625","1401.339843","55880.152343"
"1563","WJ_木桌005_002.Mesh","npc.json","data\source\maps_source\小物件\桌凳\wj_木桌005_002_hd.mesh","77080.5","2019.749511","94322.359375"
"1564","WJ_酒坛006_001.Mesh","npc.json","data\source\maps_source\小物件\坛罐\wj_酒坛006_001_hd.mesh","61167.703125","222.114257","61458.605468"
"1565","wj_bhyz金刚战车001.mesh","npc.json","data\source\doodad\帮会约战\wj_bhyz金刚战车001_hd.mesh","65976.414062","676.159179","52119.84375"
"1566","WJ_功夫茶001_002.Mesh","npc.json","data\source\maps_source\小物件\生活品\wj_功夫茶001_002_hd.mesh","77889.820312","2088.004882","92906.148437"
"1567","WJ_破木板002_001_HD","npc.json","data\source\maps_source\小物件\木箱\wj_破木板002_001_hd.mesh","72569.84375","1379.858398","56301.09375"
"1568","ST_xb龙门荒漠石001_011.Mesh","npc.json","data\source\maps_source\石头\st_xb龙门荒漠石001_011_hd.mesh","85558.671875","1578.081542","91881.265625"
"1569","XWJ_农家物件004_002.Mesh","npc.json","data\source\maps_source\小物件\生活品\xwj_农家物件004_002_hd.mesh","61952.886718","785.561523","60976.710937"
"1570","Data\source\maps_source\建筑室内\JZ_xb玉门关建筑002_005客栈001.pvs","npc.json","data\source\maps_source\建筑室内\jz_xb玉门关建筑002_005sw_hd.mesh","58372.59375","205.625976","60378.574218"
"1571","WJ_木桌005_002.Mesh","npc.json","data\source\maps_source\小物件\桌凳\wj_木桌005_002_hd.mesh","77881.3125","2006.148437","92914.78125"
"1572","ST_xb龙门荒漠石001_006.Mesh","npc.json","data\source\maps_source\石头\st_xb龙门荒漠石001_006_hd.mesh","81883.359375","1528.958007","59263.257812"
"1573","WJ_HQM悬挂布001.Mesh","npc.json","data\source\maps_source\小物件\室内\wj_hqm悬挂布001_hd.mesh","61596.699218","596.77832","61283.464843"
"1574","PJ_玉门关001A.Mesh","npc.json","data\source\maps_source\建筑配套\pj_玉门关001a_hd.mesh","60628.25","204.341796","56622.191406"
"1575","XWJ_农家物件004_002.Mesh","npc.json","data\source\maps_source\小物件\生活品\xwj_农家物件004_002_hd.mesh","61515.148437","377.942871","61004.78125"
"1576","XWJ_破坛子001_001_HD","npc.json","data\source\maps_source\小物件\坛罐\xwj_破坛子001_001_hd.mesh","71846.835937","1325.186035","60808.964843"
"1577","ST_mj戈壁碎石003_002.Mesh","npc.json","data\source\maps_source\门派\明教\st_mj戈壁碎石003_002_hd.mesh","88416.179687","3407.694335","87597.125"
"1578","wj_通用坛罐001_004_HD","npc.json","data\source\maps_source\小物件\坛罐\wj_通用坛罐001_004_hd.mesh","70971.09375","1263.995117","61707.835937"
"1579","JZ_xb玉门关建筑002_006.Mesh","npc.json","data\source\maps_source\建筑\jz_xb玉门关建筑002_006_hd.mesh","60327.378906","224.481445","64448.207031"
"1580","WJ_猎皮001_003.Mesh","npc.json","data\source\maps_source\小物件\生活品\wj_猎皮001_003_hd.mesh","63240.355468","767.455078","61733.804687"
"1581","WJ_sn茅草房001_009.Mesh","npc.json","data\source\maps_source\小物件\室内\wj_sn茅草房001_009_hd.mesh","58939.265625","217.836914","59176.554687"
"1582","ST_mj戈壁碎石003_004.Mesh","npc.json","data\source\maps_source\门派\明教\st_mj戈壁碎石003_004_hd.mesh","65180.257812","600.436523","64450.289062"
"1583","JZ_xb楼兰哨台001_006.Mesh","npc.json","data\source\maps_source\建筑\jz_xb楼兰哨台001_006_hd.mesh","64409.21875","352.329101","58539.367187"
"1584","WJ_小石台001.Mesh","npc.json","data\source\maps_source\小物件\桌凳\wj_小石台001_hd.mesh","59062.449218","217.833007","59971.570312"
"1585","jz_xb楼兰哨台001_005_HD","npc.json","data\source\maps_source\建筑\jz_xb楼兰哨台001_005_hd.mesh","82200.726562","4342.117187","101501.640625"
"1586","S_西北枯树001_001.Mesh","npc.json","data\source\maps_source\树\s_西北枯树001_001_hd.mesh","96828.710937","992.60498","81556.476562"
"1587","WJ_木箱004_001.Mesh","npc.json","data\source\maps_source\小物件\木箱\wj_木箱004_001_hd.mesh","70563.859375","1259.163085","62447.058593"
"1588","WJ_木桌005_002.Mesh","npc.json","data\source\maps_source\小物件\桌凳\wj_木桌005_002_hd.mesh","61614.40625","205.542968","59770.332031"
"1589","WJ_erg柜子002.Mesh","npc.json","data\source\maps_source\小物件\室内\wj_erg柜子002_hd.mesh","63330.882812","222.124023","61411.34375"
"1590","wj_陶罐008_HD","npc.json","data\source\maps_source\小物件\坛罐\wj_陶罐008_hd.mesh","71251.75","1275.070312","60962.195312"
"1591","JZ_xb楼兰哨台001_007.Mesh","npc.json","data\source\maps_source\建筑\jz_xb楼兰哨台001_007_hd.mesh","55113.101562","3378.355468","85405.695312"
"1592","WJ_erg酒坛002.Mesh","npc.json","data\source\maps_source\小物件\室内\wj_erg酒坛002_hd.mesh","63189.933593","371.704101","61704.445312"
"1593","WJ_坛子001_002.Mesh","npc.json","data\source\maps_source\小物件\坛罐\wj_坛子001_002_hd.mesh","63173.847656","224.222167","61654.6875"
"1594","WJ_erg布包001.Mesh","npc.json","data\source\maps_source\小物件\室内\wj_erg布包001_hd.mesh","72086.046875","1471.65332","57633.984375"
"1595","GM_m绿洲植物004_002.Mesh","npc.json","data\source\maps_source\门派\明教\st_mj戈壁碎石002_003_hd.mesh","71265.710937","1147.901855","56629.328125"
"1596","ST_xb龙门荒漠石001_001.Mesh","npc.json","data\source\maps_source\石头\st_xb龙门荒漠石001_001_hd.mesh","53920.867187","3435.392578","82066.796875"
"1597","WJ_坛子001_001.Mesh","npc.json","data\source\maps_source\小物件\坛罐\wj_坛子001_001_hd.mesh","63246.253906","222.117675","61394.109375"
"1598","WJ_药煲_001.Mesh","npc.json","data\source\maps_source\小物件\生活品\wj_药煲_001_hd.mesh","72718.289062","1384.521484","56886.476562"
"1599","WJ_挂毯001_001.Mesh","npc.json","data\source\maps_source\小物件\生活品\wj_挂毯001_001_hd.mesh","61367.640625","769.132812","61978.945312"
"1600","WJ_erg酒坛001.Mesh","npc.json","data\source\maps_source\小物件\室内\wj_erg酒坛001_hd.mesh","63002.4375","277.808105","61729.277343"
"1601","XWJ_斗笠001.Mesh","npc.json","data\source\maps_source\小物件\生活品\xwj_斗笠001_hd.mesh","72585.34375","1435.616699","56642.421875"
"1602","WJ_HQM悬挂装饰001.Mesh","npc.json","data\source\maps_source\小物件\室内\wj_hqm悬挂装饰001_hd.mesh","57724.957031","803.374023","59075.683593"
"1603","WJ_辣椒架001.Mesh","npc.json","data\source\maps_source\小物件\生活品\wj_辣椒架001_hd.mesh","58286.734375","217.836914","58511.558593"
"1604","XWJ_cj木梯001.Mesh","npc.json","data\source\maps_source\小物件\工地物件\xwj_cj木梯001_hd.mesh","77720.515625","1739.596191","64319.597656"
"1605","ST_mj戈壁碎石001_002.Mesh","npc.json","data\source\maps_source\门派\明教\st_mj戈壁碎石001_002_hd.mesh","70389.265625","1094.347167","59924.003906"
"1606","WJ_木箱004_002.Mesh","npc.json","data\source\maps_source\小物件\木箱\wj_木箱004_002_hd.mesh","77647.835937","2004.281738","94578.859375"
"1607","WJ_破木板002_001_HD","npc.json","data\source\maps_source\小物件\木箱\wj_破木板002_001_hd.mesh","69324.359375","1104.734863","64100.511718"
"1608","JZ_xb楼兰哨台001_001.Mesh","npc.json","data\source\maps_source\建筑\jz_xb楼兰哨台001_001_hd.mesh","78610.117187","883.933105","58871.238281"
"1609","WJ_酒坛006_001.Mesh","npc.json","data\source\maps_source\小物件\坛罐\wj_酒坛006_001_hd.mesh","63327.304687","326.930664","61435.941406"
"1610","WJ_小木台001.Mesh","npc.json","data\source\maps_source\小物件\生活品\wj_小木台001_hd.mesh","59767.140625","251.796386","64545.445312"
"1611","WJ_破木板002_004_HD","npc.json","data\source\maps_source\小物件\木箱\wj_破木板002_004_hd.mesh","69615.867187","1108.047363","63720.011718"
"1612","WJ_木箱004_002.Mesh","npc.json","data\source\maps_source\小物件\木箱\wj_木箱004_002_hd.mesh","75508.132812","1389.177734","61043.824218"
"1613","WJ_破木桶001_004.Mesh","npc.json","data\source\maps_source\小物件\木箱\wj_破木桶001_004_hd.mesh","61680.292968","212.422363","63437.726562"
"1614","WJ_货伞_002.Mesh","npc.json","data\source\maps_source\小物件\生活品\wj_货伞_002_hd.mesh","72122.117187","1444.039062","57653.574218"
"1615","wj_圆木桶堆002.Mesh","npc.json","data\source\maps_source\小物件\木箱\wj_圆木桶堆002_hd.mesh","58922.761718","203.130187","59366.527343"
"1616","ST_mj戈壁碎石003_002.Mesh","npc.json","data\source\maps_source\门派\明教\st_mj戈壁碎石003_002_hd.mesh","80063.742187","2799.74707","94685.46875"
"1617","JZ_xb玉门关建筑002_002.Mesh","npc.json","data\source\maps_source\建筑\jz_xb玉门关建筑002_002_hd.mesh","62790.421875","216.849609","56780.78125"
"1618","WJ_破木板002_004_HD","npc.json","data\source\maps_source\小物件\木箱\wj_破木板002_004_hd.mesh","69135.304687","1098.586914","64478.015625"
"1619","WJ_dxc草垛001_001.Mesh","npc.json","data\source\maps_source\小物件\草垛\wj_dxc草垛001_001_hd.mesh","53498.617187","3300.636718","84737.734375"
"1620","WJ_绳001_001.Mesh","npc.json","data\source\maps_source\小物件\生活品\wj_绳001_001_hd.mesh","58287.574218","699.762695","59773.214843"
"1621","jz_xb玉门关建筑002_001.mesh","npc.json","data\source\maps_source\建筑\jz_xb玉门关建筑002_001_hd.mesh","76240.65625","1384.60205","65907.765625"
"1622","wj_木箱004_002_HD","npc.json","data\source\maps_source\小物件\木箱\wj_木箱004_002_hd.mesh","74794.429687","1395.828125","56249.78125"
"1623","wj_货包包001_002.Mesh","npc.json","data\source\maps_source\小物件\生活品\wj_货包包001_002_hd.mesh","63317.84375","487.480957","61436.5625"
"1624","wj_货包包001_002.Mesh","npc.json","data\source\maps_source\小物件\生活品\wj_货包包001_002_hd.mesh","63034.410156","486.497558","61732.5625"
"1625","WJ_木箱004_002.Mesh","npc.json","data\source\maps_source\小物件\木箱\wj_木箱004_002_hd.mesh","67965.789062","1027.367675","55280.59375"
"1626","ST_mj戈壁碎石003_002.Mesh","npc.json","data\source\maps_source\门派\明教\st_mj戈壁碎石003_002_hd.mesh","88862.328125","3767.693359","89187.8125"
"1627","WJ_erg柜子002.Mesh","npc.json","data\source\maps_source\小物件\室内\wj_erg柜子002_hd.mesh","63134.824218","222.124023","61727.953125"
"1628","WJ_HQM悬挂装饰001.Mesh","npc.json","data\source\maps_source\小物件\室内\wj_hqm悬挂装饰001_hd.mesh","57780.433593","803.374023","59709.796875"
"1629","XWJ_斗笠001.Mesh","npc.json","data\source\maps_source\小物件\生活品\xwj_斗笠001_hd.mesh","58411.765625","392.914062","61205.632812"
"1630","WJ_药煲_001.Mesh","npc.json","data\source\maps_source\小物件\生活品\wj_药煲_001_hd.mesh","77337.15625","1996.475097","94647.195312"
"1631","WJ_erg酒坛002.Mesh","npc.json","data\source\maps_source\小物件\室内\wj_erg酒坛002_hd.mesh","63193.191406","277.794433","61704.019531"
"1632","XWJ_农家物件004_001.Mesh","npc.json","data\source\maps_source\小物件\生活品\xwj_农家物件004_001_hd.mesh","57995.152343","332.375976","58595.121093"
"1633","ST_xb龙门荒漠石001_002.Mesh","npc.json","data\source\maps_source\石头\st_xb龙门荒漠石001_002_hd.mesh","80204.179687","1568.6875","72245.859375"
"1634","ST_xb龙门荒漠石001_011.Mesh","npc.json","data\source\maps_source\石头\st_xb龙门荒漠石001_011_hd.mesh","92233.859375","1813.800781","91036.070312"
"1635","JZ_xb楼兰哨台001_006.Mesh","npc.json","data\source\maps_source\建筑\jz_xb楼兰哨台001_006_hd.mesh","63540.625","210.491699","60715.457031"
"1636","S_xb多枝枯树003_005.Mesh","speedtree.json","Data\source\maps_source\树\S_xb多枝枯树003_005.srt","63463.496093","733.592773","65316.488281"
"1637","WJ_mj地板碎块001_001.Mesh","npc.json","data\source\maps_source\门派\明教\wj_mj地板碎块001_001_hd.mesh","72384.671875","1328.703613","56065.941406"
"1638","WJ_小瓶子001.Mesh","npc.json","data\source\maps_source\小物件\室内\wj_小瓶子001_hd.mesh","62903.960937","290.52539","61231.621093"
"1639","WJ_木桌005_001.Mesh","npc.json","data\source\maps_source\小物件\桌凳\wj_木桌005_001_hd.mesh","62874.140625","222.120605","61275.816406"
"1640","WJ_erg酒坛002.Mesh","npc.json","data\source\maps_source\小物件\室内\wj_erg酒坛002_hd.mesh","63010.402343","371.704101","61727.933593"
"1641","WJ_erg酒坛002.Mesh","npc.json","data\source\maps_source\小物件\室内\wj_erg酒坛002_hd.mesh","77671.945312","1999.692871","94372.09375"
"1642","S_xb多枝枯树003_001.Mesh","speedtree.json","Data\source\maps_source\树\S_xb多枝枯树003_001.srt","99508.65625","1149.027343","102111.882812"
"1643","WJ_木桌005_002.Mesh","npc.json","data\source\maps_source\小物件\桌凳\wj_木桌005_002_hd.mesh","77476.679687","2006.601562","93727.40625"
"1644","wj_货包包001_001.Mesh","npc.json","data\source\maps_source\小物件\生活品\wj_货包包001_001_hd.mesh","74926.226562","1389.337402","56398.613281"
"1645","WJ_酒坛006_001.Mesh","npc.json","data\source\maps_source\小物件\坛罐\wj_酒坛006_001_hd.mesh","72457.90625","1348.749023","57834.335937"
"1646","WJ_酒坛006_001.Mesh","npc.json","data\source\maps_source\小物件\坛罐\wj_酒坛006_001_hd.mesh","61880.03125","222.114257","60977.300781"
"1647","WJ_HQM悬挂装饰001.Mesh","npc.json","data\source\maps_source\小物件\室内\wj_hqm悬挂装饰001_hd.mesh","57920.808593","803.374023","61314.25"
"1648","WJ_破木板002_001_HD","npc.json","data\source\maps_source\小物件\木箱\wj_破木板002_001_hd.mesh","74724.59375","1391.206542","57135.402343"
"1649","jz_xb玉门关建筑002_007.mesh","npc.json","data\source\maps_source\建筑\jz_xb玉门关建筑002_007_hd.mesh","60463.882812","188.964843","56867.015625"
"1650","PJ_玉门草棚001.Mesh","npc.json","data\source\maps_source\建筑配套\pj_玉门草棚001_hd.mesh","72379.28125","1368.051757","56740.289062"
"1651","wj_通用坛罐001_001_HD","npc.json","data\source\maps_source\小物件\坛罐\wj_通用坛罐001_001_hd.mesh","71420.210937","1289.648437","60673.625"
"1652","s_xca小树001_003_ST.mesh.stree","speedtree.json","Data\source\maps_source\树\s_xca小树001_003_ST.srt","69338.179687","901.516601","58332.847656"
"1653","WJ_动物骸骨001_004.Mesh","npc.json","data\source\maps_source\小物件\遗骸\wj_动物骸骨001_004_hd.mesh","98381.429687","1157.211425","90210.46875"
"1654","WJ_HQM悬挂布001.Mesh","npc.json","data\source\maps_source\小物件\室内\wj_hqm悬挂布001_hd.mesh","62439.203125","596.77832","61173.246093"
"1655","JZ_xb玉门关建筑001_004.Mesh","npc.json","data\source\maps_source\建筑\jz_xb玉门关建筑001_004_hd.mesh","62557.003906","195.379394","64262.613281"
"1656","JZ_xb楼兰哨台001_004.Mesh","npc.json","data\source\maps_source\建筑\jz_xb楼兰哨台001_004_hd.mesh","67833.34375","606.59375","65850.734375"
"1657","WJ_破木板002_001_HD","npc.json","data\source\maps_source\小物件\木箱\wj_破木板002_001_hd.mesh","75456.4375","1387.969726","55555.679687"
"1658","wj_bhyz金刚战车001.mesh","npc.json","data\source\maps_source\小物件\武器\xwj_军营物件001_006_hd.mesh","65952.625","658.624511","53053.480468"
"1659","XWJ_农家物件008.Mesh","npc.json","data\source\maps_source\小物件\生活品\xwj_农家物件008_hd.mesh","63273.382812","223.249511","58039.289062"
"1660","WJ_破车001_002.Mesh","npc.json","data\source\maps_source\小物件\车\wj_破车001_002_hd.mesh","59741.273437","199.418579","63754.273437"
"1661","WJ_木桌005_001.Mesh","npc.json","data\source\maps_source\小物件\桌凳\wj_木桌005_001_hd.mesh","61356.992187","222.124023","61558.589843"
"1662","XWJ_农家物件003_001.Mesh","npc.json","data\source\maps_source\小物件\生活品\xwj_农家物件003_001_hd.mesh","58005.734375","538.859375","59454.636718"
"1663","WJ_酒坛006_001.Mesh","npc.json","data\source\maps_source\小物件\坛罐\wj_酒坛006_001_hd.mesh","63308.539062","487.482421","61705.796875"
"1664","PJ_玉门关001A.Mesh","npc.json","data\source\maps_source\建筑配套\pj_玉门关001a_hd.mesh","60428.59375","785.691406","56978.796875"
"1665","ST_mj底层石头001_001_HD","npc.json","data\source\maps_source\门派\明教\st_mj底层石头001_001_hd.mesh","91410.179687","2878.210937","93595.492187"
"1666","JZ_js加沙粮仓001_004.Mesh","npc.json","data\source\maps_source\副本室内\战场\决胜千里\jz_js加沙粮仓001_004_hd.mesh","67913.382812","961.82666","64400.449218"
"1667","s_xca小树001_003_ST.mesh.stree","speedtree.json","Data\source\maps_source\树\s_xca小树001_003_ST.srt","65922.773437","771.322753","63568.714843"
"1668","WJ_小瓶子001.Mesh","npc.json","data\source\maps_source\小物件\室内\wj_小瓶子001_hd.mesh","63318.667968","371.394531","61429.824218"
"1669","PJ_玉门草棚001.Mesh","npc.json","data\source\maps_source\建筑配套\pj_玉门草棚001_hd.mesh","84384.578125","1940.046142","86364.28125"
"1670","WJ_erg布包001.Mesh","npc.json","data\source\maps_source\小物件\室内\wj_erg布包001_hd.mesh","63017.667968","338.186523","61728.269531"
"1671","ST_xb龙门荒漠石001_008.Mesh","npc.json","data\source\maps_source\石头\st_xb龙门荒漠石001_008_hd.mesh","95726.367187","1129.146972","80581.984375"
"1672","ST_mj戈壁碎石003_001.Mesh","npc.json","data\source\maps_source\门派\明教\st_mj戈壁碎石003_001_hd.mesh","65054.332031","-95.026367","60971.921875"
"1673","wj_bhyz金刚战车001.mesh","npc.json","data\source\maps_source\副本室内\战场\帮会战场\wj_bhyz恐惧战车破001_hd.mesh","67652.445312","899.436523","52988.101562"
"1674","WJ_erg酒坛002.Mesh","npc.json","data\source\maps_source\小物件\室内\wj_erg酒坛002_hd.mesh","77701.617187","2000.6333","94432.335937"
"1675","WJ_木箱004_002.Mesh","npc.json","data\source\maps_source\小物件\木箱\wj_木箱004_002_hd.mesh","84577.59375","1943.151367","86375.398437"
"1676","WJ_sn茅草房001_004.Mesh","npc.json","data\source\maps_source\小物件\室内\wj_sn茅草房001_004_hd.mesh","63148.550781","222.121582","60950.257812"
"1677","ST_xb龙门荒漠石001_003.Mesh","npc.json","data\source\maps_source\石头\st_xb龙门荒漠石001_003_hd.mesh","83347.078125","871.085449","61132.445312"
"1678","Data\source\maps_source\建筑室内\JZ_xb玉门关建筑002_003酒店001.pvs","npc.json","data\source\maps_source\建筑室内\jz_xb玉门关建筑002_003sn_hd.mesh","62187.867187","211.056152","61034.203125"
"1679","WJ_破木板002_001_HD","npc.json","data\source\maps_source\小物件\木箱\wj_破木板002_001_hd.mesh","72816.828125","1386.972167","56836.726562"
"1680","WJ_壁挂灯笼001.Mesh","npc.json","data\source\maps_source\小物件\室内\wj_壁挂灯笼001_hd.mesh","57932.351562","913.239257","60823.929687"
"1681","wj_圆木桶堆002.Mesh","npc.json","data\source\maps_source\小物件\木箱\wj_圆木桶堆002_hd.mesh","58346.816406","1069.543945","61326.40625"
"1682","JZ_xb楼兰三间房001_003.Mesh","npc.json","data\source\maps_source\建筑\jz_xb楼兰三间房001_003_hd.mesh","67899.390625","359.62207","55445.054687"
"1683","WJ_坛子001_002.Mesh","npc.json","data\source\maps_source\小物件\坛罐\wj_坛子001_002_hd.mesh","63149.242187","373.255859","61710.265625"
"1684","S_xb多枝枯树003_001.Mesh","speedtree.json","Data\source\maps_source\树\S_xb多枝枯树003_001.srt","95941.289062","1737.61621","94739.640625"
"1685","WJ_破木板002_001_HD","npc.json","data\source\maps_source\小物件\木箱\wj_破木板002_001_hd.mesh","73116.796875","1386.972167","56205.472656"
"1686","ST_xb龙门荒漠石001_002.Mesh","npc.json","data\source\maps_source\石头\st_xb龙门荒漠石001_002_hd.mesh","96636.242187","1117.38623","80491.460937"
"1687","WJ_中级挂饰004_002.Mesh","npc.json","data\source\maps_source\小物件\室内\wj_中级挂饰004_002_hd.mesh","57827.015625","791.52832","60188.007812"
"1688","WJ_木箱004_001.Mesh","npc.json","data\source\maps_source\小物件\木箱\wj_木箱004_001_hd.mesh","69676.859375","995.498046","55587.46875"
"1689","wj_mj遮阳棚001_001.mesh","npc.json","data\source\maps_source\门派\明教\wj_mj遮阳棚001_001_hd.mesh","69585.71875","991.979492","55925.386718"
"1690","WJ_摇钱树001.Mesh","npc.json","data\source\maps_source\小物件\室内\wj_摇钱树001_hd.mesh","62066.832031","222.120605","61554.820312"
"1691","WJ_木桌005_001.Mesh","npc.json","data\source\maps_source\小物件\桌凳\wj_木桌005_001_hd.mesh","58457.96875","208.853027","58975.363281"
"1692","JZ_xb楼兰哨台001_006.Mesh","npc.json","data\source\maps_source\建筑\jz_xb楼兰哨台001_006_hd.mesh","63672.480468","213.655761","60343.011718"
"1693","ST_mj戈壁碎石003_002.Mesh","npc.json","data\source\maps_source\门派\明教\st_mj戈壁碎石003_002_hd.mesh","89420.625","3353.536865","99855.273437"
"1694","S_xb多枝枯树003_007.Mesh","speedtree.json","Data\source\maps_source\树\S_xb多枝枯树003_007.srt","89099.773437","1414.594726","52981.199218"
"1695","WJ_中级挂饰004_002.Mesh","npc.json","data\source\maps_source\小物件\室内\wj_中级挂饰004_002_hd.mesh","57712.820312","796.126953","58908.238281"
"1696","WJ_酒坛007_001.Mesh","npc.json","data\source\maps_source\小物件\坛罐\wj_酒坛007_001_hd.mesh","61613.164062","222.124023","61949.886718"
"1697","WJ_货伞_002.Mesh","npc.json","data\source\maps_source\小物件\生活品\wj_货伞_002_hd.mesh","58318.363281","364.345703","61156.054687"
"1698","WJ_破木板002_002_HD","npc.json","data\source\maps_source\小物件\木箱\wj_破木板002_002_hd.mesh","74961.992187","1381.492187","57332.324218"
"1699","WJ_木桌005_002.Mesh","npc.json","data\source\maps_source\小物件\桌凳\wj_木桌005_002_hd.mesh","62587.722656","216.134765","58413.253906"
"1700","WJ_木桌005_001.Mesh","npc.json","data\source\maps_source\小物件\桌凳\wj_木桌005_001_hd.mesh","62454.566406","222.111328","61280.171875"
"1701","JZ_xb玉门关建筑002_003.Mesh","npc.json","data\source\maps_source\建筑\jz_xb玉门关建筑002_003_hd.mesh","82811.539062","1979.375976","90416.96875"
"1702","ST_mj戈壁碎石001_001.Mesh","npc.json","data\source\maps_source\门派\明教\st_mj戈壁碎石001_001_hd.mesh","69188.53125","1078.588867","61428.933593"
"1703","wj_货包包001_001.Mesh","npc.json","data\source\maps_source\小物件\生活品\wj_货包包001_001_hd.mesh","58049.480468","217.821289","58626.398437"
"1704","PJ_玉门风车001A.Mesh","npc.json","data\source\maps_source\建筑配套\pj_玉门风车001a_hd.mesh","59305.054687","1727.944335","56984.417968"
"1705","ST_xb龙门荒漠石001_011.Mesh","npc.json","data\source\maps_source\石头\st_xb龙门荒漠石001_011_hd.mesh","92213.085937","2193.638183","94896.992187"
"1706","WJ_破草席001_001.Mesh","npc.json","data\source\maps_source\小物件\生活品\wj_破草席001_001_hd.mesh","63202.183593","222.120605","61552.800781"
"1707","WJ_erg酒坛002.Mesh","npc.json","data\source\maps_source\小物件\室内\wj_erg酒坛002_hd.mesh","77691.210937","1999.476562","94350.5"
"1708","WJ_坛子001_002.Mesh","npc.json","data\source\maps_source\小物件\坛罐\wj_坛子001_002_hd.mesh","63317.28125","278.253906","61464.375"
"1709","ST_mj戈壁碎石003_002.Mesh","npc.json","data\source\maps_source\门派\明教\st_mj戈壁碎石003_002_hd.mesh","93809.226562","2796.408203","96383.890625"
"1710","XWJ_军营物件001_004.Mesh","npc.json","data\source\maps_source\小物件\武器\xwj_军营物件001_004_hd.mesh","69528.890625","992.595947","51910.625"
"1711","ST_mj戈壁碎石001_003.Mesh","npc.json","data\source\maps_source\门派\明教\st_mj戈壁碎石001_003_hd.mesh","65221.941406","30.409667","54308.976562"
"1712","XWJ_军营物件001_006.Mesh","npc.json","data\source\maps_source\小物件\武器\xwj_军营物件001_006_hd.mesh","70879.71875","1126.912597","52296.046875"
"1713","WJ_木箱004_002.Mesh","npc.json","data\source\maps_source\小物件\木箱\wj_木箱004_002_hd.mesh","62830.125","216.949707","60129.960937"
"1714","WJ_酒坛006_001.Mesh","npc.json","data\source\maps_source\小物件\坛罐\wj_酒坛006_001_hd.mesh","63338.019531","277.836425","61517.859375"
"1715","WJ_破草席001_001.Mesh","npc.json","data\source\maps_source\小物件\生活品\wj_破草席001_001_hd.mesh","62969.625","222.120605","61652.003906"
"1716","JZ_xb楼兰哨台001_001.Mesh","npc.json","data\source\maps_source\建筑\jz_xb楼兰哨台001_001_hd.mesh","65438.78125","-192.277832","64113.710937"
"1717","wj_卷席001_001.Mesh","npc.json","data\source\maps_source\小物件\生活品\wj_卷席001_001_hd.mesh","59020.527343","307.664062","59611.878906"
"1718","XWJ_农家物件004_002.Mesh","npc.json","data\source\maps_source\小物件\生活品\xwj_农家物件004_002_hd.mesh","57975.539062","378.54248","58878.039062"
"1719","s_xca小树001_001_ST.mesh.stree","npc.json","data\source\maps_source\门派\明教\st_mj石拱003_hd.mesh","67453.125","183.635742","62556.636718"
"1720","WJ_破木板002_001_HD","npc.json","data\source\maps_source\小物件\木箱\wj_破木板002_001_hd.mesh","74786.664062","1386.972167","59793.511718"
"1721","WJ_sn茅草房001_006.Mesh","npc.json","data\source\maps_source\小物件\室内\wj_sn茅草房001_006_hd.mesh","58579.175781","223.180664","60731.078125"
"1722","WJ_erg酒坛002.Mesh","npc.json","data\source\maps_source\小物件\室内\wj_erg酒坛002_hd.mesh","63310.921875","371.704101","61357.457031"
"1723","WJ_erg酒坛002.Mesh","npc.json","data\source\maps_source\小物件\室内\wj_erg酒坛002_hd.mesh","63119.136718","277.794433","61713.707031"
"1724","XWJ_破坛子001_001_HD","npc.json","data\source\maps_source\小物件\坛罐\xwj_破坛子001_001_hd.mesh","69077.460937","1093.148925","64346.019531"
"1725","ST_xb龙门荒漠石001_006.Mesh","npc.json","data\source\maps_source\石头\st_xb龙门荒漠石001_006_hd.mesh","72102.6875","1030.286132","62651.703125"
"1726","WJ_小木台001.Mesh","npc.json","data\source\maps_source\小物件\生活品\wj_小木台001_hd.mesh","72577.359375","1371.090332","56687.664062"
"1727","WJ_erg笔筒001.Mesh","npc.json","data\source\maps_source\小物件\室内\wj_erg笔筒001_hd.mesh","58683.511718","304.83493","60871.3125"
"1728","ST_mj戈壁碎石001_003.Mesh","npc.json","data\source\maps_source\门派\明教\st_mj戈壁碎石001_003_hd.mesh","69124.015625","998.748535","61925.574218"
"1729","XWJ_农家物件004_002.Mesh","npc.json","data\source\maps_source\小物件\生活品\xwj_农家物件004_002_hd.mesh","58225.199218","430.527343","60702.4375"
"1730","WJ_酒坛006_001.Mesh","npc.json","data\source\maps_source\小物件\坛罐\wj_酒坛006_001_hd.mesh","75700.820312","1388.183593","61204.171875"
"1731","WJ_土匪物件001_008.Mesh","npc.json","data\source\maps_source\小物件\武器\wj_土匪物件001_008_hd.mesh","52595.414062","3285.742187","84277.882812"
"1732","Data\source\maps_source\建筑室内\JZ_xb玉门关建筑002_005客栈001.pvs","npc.json","data\source\maps_source\建筑室内\jz_xb玉门关建筑002_005sn_hd.mesh","58372.59375","205.625976","60378.574218"
"1733","WJ_坛子001_001.Mesh","npc.json","data\source\maps_source\小物件\坛罐\wj_坛子001_001_hd.mesh","62861.488281","222.117675","60883.140625"
"1734","XWJ_被子001.Mesh","npc.json","data\source\maps_source\小物件\室内\xwj_被子001_hd.mesh","58281.414062","309.157226","61097.582031"
"1735","WJ_动物骸骨001_004.Mesh","npc.json","data\source\maps_source\小物件\遗骸\wj_动物骸骨001_004_hd.mesh","96457.726562","1575.784179","95522.734375"
"1736","XWJ_农家物件003_001.Mesh","npc.json","data\source\maps_source\小物件\生活品\xwj_农家物件003_001_hd.mesh","57937.492187","537.582031","58674.617187"
"1737","WJ_破木板002_002_HD","npc.json","data\source\maps_source\小物件\木箱\wj_破木板002_002_hd.mesh","72700.726562","1376.486328","58175.714843"
"1738","ST_mj戈壁碎石003_002.Mesh","npc.json","data\source\maps_source\门派\明教\st_mj戈壁碎石003_002_hd.mesh","97720.804687","1173.293945","101629.414062"
"1739","WJ_沙包009_01.Mesh","npc.json","data\source\maps_source\小物件\生活品\wj_沙包009_01_hd.mesh","83255.914062","2077.249023","87226.125"
"1740","s_xca小树001_001_ST.mesh.stree","speedtree.json","Data\source\maps_source\树\s_xca小树001_001_ST.srt","76980.015625","1387.0","54960.730468"
"1741","WJ_木桌005_002.Mesh","npc.json","data\source\maps_source\小物件\桌凳\wj_木桌005_002_hd.mesh","60859.605468","202.969238","59226.464843"
"1742","WJ_木箱004_002.Mesh","npc.json","data\source\maps_source\小物件\车\wj_破车001_001_hd.mesh","67973.921875","853.508789","55226.210937"
"1743","WJ_酒坛006_001.Mesh","npc.json","data\source\maps_source\小物件\坛罐\wj_酒坛006_001_hd.mesh","63317.515625","326.930664","61361.117187"
"1744","WJ_HQM悬挂装饰001.Mesh","npc.json","data\source\maps_source\小物件\室内\wj_hqm悬挂装饰001_hd.mesh","57837.339843","803.374023","60360.203125"
"1745","jz_xb玉门关建筑002_001.mesh","npc.json","data\source\maps_source\建筑\jz_xb玉门关建筑002_001_hd.mesh","75294.867187","1285.050292","57086.839843"
"1746","WJ_erg酒坛002.Mesh","npc.json","data\source\maps_source\小物件\室内\wj_erg酒坛002_hd.mesh","72111.851562","1417.891601","57558.878906"
"1747","WJ_破木板002_004_HD","npc.json","data\source\maps_source\小物件\木箱\wj_破木板002_004_hd.mesh","69012.664062","1105.249023","64651.625"
"1748","WJ_erg地毯001.Mesh","npc.json","data\source\maps_source\小物件\室内\wj_erg地毯001_hd.mesh","58418.667968","217.829101","60841.640625"
"1749","XWJ_农家物件007_002.Mesh","npc.json","data\source\maps_source\小物件\生活品\xwj_农家物件007_002_hd.mesh","59273.582031","205.630859","59789.621093"
"1750","PJ_玉门关旗001A.Mesh","npc.json","data\source\maps_source\建筑配套\pj_玉门关旗001a_hd.mesh","59697.9375","38.896484","56293.457031"
"1751","WJ_木箱004_001.Mesh","npc.json","data\source\maps_source\小物件\木箱\wj_木箱004_001_hd.mesh","69064.242187","1097.949218","64153.046875"
"1752","XWJ_农家物件004_001.Mesh","npc.json","data\source\maps_source\小物件\生活品\xwj_农家物件004_001_hd.mesh","58185.335937","612.856445","60771.308593"
"1753","ST_xb龙门荒漠石001_007.Mesh","npc.json","data\source\maps_source\石头\st_xb龙门荒漠石001_007_hd.mesh","82519.164062","147.032226","57622.96875"
"1754","WJ_酒坛006_001.Mesh","npc.json","data\source\maps_source\小物件\坛罐\wj_酒坛006_001_hd.mesh","61296.585937","222.114257","61066.710937"
"1755","WJ_破车001_001.Mesh","npc.json","data\source\maps_source\小物件\车\wj_破车001_001_hd.mesh","71897.664062","1266.08496","59822.148437"
"1756","jz_xb玉门关建筑002_001.mesh","npc.json","data\source\maps_source\建筑\jz_xb玉门关建筑002_001_hd.mesh","59300.035156","165.739746","56939.636718"
"1757","WJ_erg酒坛002.Mesh","npc.json","data\source\maps_source\小物件\室内\wj_erg酒坛002_hd.mesh","58607.605468","304.83493","61082.613281"
"1758","WJ_破草席001_001.Mesh","npc.json","data\source\maps_source\小物件\生活品\wj_破草席001_001_hd.mesh","58920.671875","217.821289","59549.257812"
"1759","WJ_酒坛006_001.Mesh","npc.json","data\source\maps_source\小物件\坛罐\wj_酒坛006_001_hd.mesh","61235.320312","200.353027","60536.359375"
"1760","WJ_木箱004_001.Mesh","npc.json","data\source\maps_source\小物件\木箱\wj_木箱004_001_hd.mesh","71001.953125","1256.680664","59902.636718"
"1761","wj_通用坛罐001_004_HD","npc.json","data\source\maps_source\小物件\坛罐\wj_通用坛罐001_004_hd.mesh","71045.40625","1268.877929","62437.742187"
"1762","WJ_erg酒坛001.Mesh","npc.json","data\source\maps_source\小物件\室内\wj_erg酒坛001_hd.mesh","62434.273437","222.11914","61525.453125"
"1763","s_xca小树001_002_ST.mesh.stree","speedtree.json","Data\source\maps_source\树\s_xca小树001_002_ST.srt","64657.070312","241.032226","57201.570312"
"1764","WJ_破木桶001_001.Mesh","npc.json","data\source\maps_source\小物件\木箱\wj_破木桶001_001_hd.mesh","63645.703125","211.785522","61642.445312"
"1765","S_xb多枝枯树003_001.Mesh","speedtree.json","Data\source\maps_source\树\S_xb多枝枯树003_001.srt","60533.585937","2951.80664","87304.90625"
"1766","WJ_mj地板碎块001_002.Mesh","npc.json","data\source\maps_source\门派\明教\wj_mj地板碎块001_002_hd.mesh","77050.734375","1383.316406","61478.382812"
"1767","WJ_HQM悬挂装饰001.Mesh","npc.json","data\source\maps_source\小物件\室内\wj_hqm悬挂装饰001_hd.mesh","57893.125","803.374023","60997.855468"
"1768","wj_通用坛罐001_004_HD","npc.json","data\source\maps_source\小物件\坛罐\wj_通用坛罐001_004_hd.mesh","70734.453125","1269.750976","62317.050781"
"1769","WJ_木桌005_002.Mesh","npc.json","data\source\maps_source\小物件\桌凳\wj_木桌005_002_hd.mesh","61551.144531","202.969238","58114.070312"
"1770","ST_mj戈壁碎石002_003.Mesh","npc.json","data\source\maps_source\门派\明教\st_mj戈壁碎石002_003_hd.mesh","65065.867187","152.788085","57338.253906"
"1771","PJ_玉门草棚001.Mesh","npc.json","data\source\maps_source\建筑配套\pj_玉门草棚001_hd.mesh","72530.828125","1359.454101","57860.863281"
"1772","ST_xb龙门荒漠石001_008.Mesh","npc.json","data\source\maps_source\石头\st_xb龙门荒漠石001_008_hd.mesh","96174.453125","1514.688476","92597.710937"
"1773","wj_圆木桶堆001.Mesh","npc.json","data\source\maps_source\小物件\木箱\wj_圆木桶堆001_hd.mesh","58969.285156","217.836914","59606.515625"
"1774","JZ_xb楼兰哨台001_007.Mesh","npc.json","data\source\maps_source\建筑\jz_xb楼兰哨台001_007_hd.mesh","62536.066406","4752.249023","79111.914062"
"1775","CQ_玉门关城墙001_007.Mesh","npc.json","data\source\maps_source\城墙\cq_玉门关城墙001_007_hd.mesh","82600.273437","3734.542968","91225.367187"
"1776","WJ_酒坛006_001.Mesh","npc.json","data\source\maps_source\小物件\坛罐\wj_酒坛006_001_hd.mesh","75603.585937","1394.000976","61201.980468"
"1777","WJ_sn茅草房001_013.Mesh","npc.json","data\source\maps_source\小物件\室内\wj_sn茅草房001_013_hd.mesh","58261.550781","712.72998","58232.367187"
"1778","WJ_木箱004_002.Mesh","npc.json","data\source\maps_source\小物件\木箱\wj_木箱004_002_hd.mesh","59969.898437","196.824218","57299.605468"
"1779","jz_xb楼兰哨台001_003_HD","npc.json","data\source\maps_source\建筑\jz_xb楼兰哨台001_003_hd.mesh","69733.921875","646.68164","65909.773437"
"1780","WJ_破木板002_004_HD","npc.json","data\source\maps_source\小物件\木箱\wj_破木板002_004_hd.mesh","75006.789062","1383.560058","59630.894531"
"1781","y_鱼群02_hd","npc.json","data\source\other\hd特效\场景\mesh\y_鱼群02_hd.mesh","67186.28125","-146.074523","58931.792968"
"1782","WJ_erg酒坛002.Mesh","npc.json","data\source\maps_source\小物件\室内\wj_erg酒坛002_hd.mesh","77669.523437","1999.192871","94322.023437"
"1783","JZ_xb楼兰三间房001_002.Mesh","npc.json","data\source\maps_source\建筑\jz_xb楼兰三间房001_002_hd.mesh","69232.078125","471.723632","58053.886718"
"1784","WJ_药煲_001.Mesh","npc.json","data\source\maps_source\小物件\生活品\wj_药煲_001_hd.mesh","62700.046875","222.124023","60891.222656"
"1785","WJ_木桌005_001.Mesh","npc.json","data\source\maps_source\小物件\桌凳\wj_木桌005_001_hd.mesh","61528.320312","222.124023","61154.113281"
"1786","XWJ_破坛子001_001_HD","npc.json","data\source\maps_source\小物件\坛罐\xwj_破坛子001_001_hd.mesh","72519.1875","1376.3125","56318.789062"
"1787","WJ_壁挂灯笼001.Mesh","npc.json","data\source\maps_source\小物件\室内\wj_壁挂灯笼001_hd.mesh","57764.300781","913.239257","58903.996093"
"1788","s_xca小树001_001_ST.mesh.stree","speedtree.json","Data\source\maps_source\树\s_xca小树001_001_ST.srt","68058.335937","846.534667","55587.257812"
"1789","ST_mj戈壁碎石003_002.Mesh","npc.json","data\source\maps_source\门派\明教\st_mj戈壁碎石003_002_hd.mesh","89398.101562","4024.439453","88270.953125"
"1790","ST_xb龙门荒漠石001_001.Mesh","npc.json","data\source\maps_source\石头\st_xb龙门荒漠石001_001_hd.mesh","100369.804687","1403.408691","60232.023437"
"1791","WJ_木箱004_001.Mesh","npc.json","data\source\maps_source\小物件\木箱\wj_木箱004_001_hd.mesh","76217.070312","1387.254882","61012.738281"
"1792","jz_xb玉门关建筑002_001.mesh","npc.json","data\source\maps_source\建筑\jz_xb玉门关建筑002_001_hd.mesh","81300.890625","4237.949218","97003.765625"
"1793","WJ_功夫茶001_002.Mesh","npc.json","data\source\maps_source\小物件\生活品\wj_功夫茶001_002_hd.mesh","77080.929687","2100.808105","94323.21875"
"1794","WJ_动物骸骨001_001.Mesh","npc.json","data\source\maps_source\小物件\遗骸\wj_动物骸骨001_001_hd.mesh","95725.734375","1506.901367","55875.761718"
"1795","s_xca小树001_001_ST.mesh.stree","speedtree.json","Data\source\maps_source\树\s_xca小树001_001_ST.srt","64991.410156","247.182128","60544.523437"
"1796","jz_xb玉门关建筑002_001.mesh","npc.json","data\source\maps_source\建筑\jz_xb玉门关建筑002_001_hd.mesh","74122.695312","1384.60205","65974.921875"
"1797","WJ_sn茅草房001_006.Mesh","npc.json","data\source\maps_source\小物件\室内\wj_sn茅草房001_006_hd.mesh","63178.5625","222.10498","60927.007812"
"1798","S_xb多枝枯树003_006.Mesh","speedtree.json","Data\source\maps_source\树\S_xb多枝枯树003_006.srt","89356.070312","1470.422851","53276.550781"
"1799","ST_xb龙门荒漠石001_008.Mesh","npc.json","data\source\maps_source\石头\st_xb龙门荒漠石001_008_hd.mesh","62256.097656","248.884765","59092.949218"
"1800","WJ_中级挂饰004_002.Mesh","npc.json","data\source\maps_source\小物件\室内\wj_中级挂饰004_002_hd.mesh","57768.652343","796.126953","59546.417968"
"1801","WJ_erg酒坛002.Mesh","npc.json","data\source\maps_source\小物件\室内\wj_erg酒坛002_hd.mesh","63155.324218","277.794433","61708.972656"
"1802","ST_xb龙门荒漠石001_008.Mesh","npc.json","data\source\maps_source\石头\st_xb龙门荒漠石001_008_hd.mesh","84047.3125","1963.655151","88022.632812"
"1803","WJ_坛子001_001.Mesh","npc.json","data\source\maps_source\小物件\坛罐\wj_坛子001_001_hd.mesh","61171.457031","222.117675","61302.191406"
"1804","XWJ_农家物件004_002.Mesh","npc.json","data\source\maps_source\小物件\生活品\xwj_农家物件004_002_hd.mesh","62402.667968","785.561523","60917.867187"
"1805","JZ_xb楼兰哨台001_004.Mesh","npc.json","data\source\maps_source\建筑\jz_xb楼兰哨台001_004_hd.mesh","78383.84375","728.011718","51236.398437"
"1806","WJ_sn茅草房001_005.Mesh","npc.json","data\source\maps_source\小物件\室内\wj_sn茅草房001_005_hd.mesh","58239.851562","223.063476","60844.757812"
"1807","ST_xb龙门荒漠石001_009.Mesh","npc.json","data\source\maps_source\石头\st_xb龙门荒漠石001_009_hd.mesh","79980.007812","664.347656","53587.257812"
"1808","S_xb多枝枯树003_004.Mesh","speedtree.json","Data\source\maps_source\树\S_xb多枝枯树003_004.srt","99730.695312","1375.65625","61553.660156"
"1809","JZ_xb楼兰哨台001_001.Mesh","npc.json","data\source\maps_source\建筑\jz_xb楼兰哨台001_001_hd.mesh","78382.101562","588.787109","54097.898437"
"1810","WJ_龙门大缸001.Mesh","npc.json","data\source\maps_source\小物件\坛罐\wj_龙门大缸001_hd.mesh","76103.546875","1379.483398","56129.003906"
"1811","XWJ_路灯003A_HD","npc.json","data\source\maps_source\小物件\灯\xwj_路灯003a_hd.mesh","59435.566406","176.513671","60046.230468"
"1812","XWJ_ca柜子001_003.Mesh","npc.json","data\source\maps_source\小物件\室内\xwj_ca柜子001_003_hd.mesh","58184.863281","227.90332","60862.894531"
"1813","ST_xb龙门荒漠石001_006.Mesh","npc.json","data\source\maps_source\石头\st_xb龙门荒漠石001_006_hd.mesh","68370.484375","1907.763183","75661.789062"
"1814","WJ_药煲_001.Mesh","npc.json","data\source\maps_source\小物件\生活品\wj_药煲_001_hd.mesh","77410.492187","1995.88916","93218.15625"
"1815","WJ_破木板002_002_HD","npc.json","data\source\maps_source\小物件\木箱\wj_破木板002_002_hd.mesh","74561.632812","1378.026367","56707.453125"
"1816","ST_mj戈壁碎石003_002.Mesh","npc.json","data\source\maps_source\门派\明教\st_mj戈壁碎石003_002_hd.mesh","92894.59375","2367.467285","101978.257812"
"1817","WJ_酒坛006_001.Mesh","npc.json","data\source\maps_source\小物件\坛罐\wj_酒坛006_001_hd.mesh","61265.917968","207.707031","60440.046875"
"1818","XWJ_破军物件001_003.Mesh","npc.json","data\source\maps_source\小物件\武器\xwj_破军物件001_003_hd.mesh","69827.632812","1004.771484","54908.589843"
"1819","WJ_破木板002_001_HD","npc.json","data\source\maps_source\小物件\木箱\wj_破木板002_001_hd.mesh","72878.398437","1385.107421","58022.140625"
"1820","ST_mj戈壁碎石001_001.Mesh","npc.json","data\source\maps_source\门派\明教\st_mj戈壁碎石001_001_hd.mesh","69692.570312","1095.60791","59949.707031"
"1821","JZ_xb楼兰哨台001_001.Mesh","npc.json","data\source\maps_source\建筑\jz_xb楼兰哨台001_001_hd.mesh","65768.375","389.548828","65772.085937"
"1822","WJ_sn茅草房001_005.Mesh","npc.json","data\source\maps_source\小物件\室内\wj_sn茅草房001_005_hd.mesh","58069.992187","217.852539","58770.90625"
"1823","PJ_玉门风车001A.Mesh","npc.json","data\source\maps_source\建筑配套\pj_玉门风车001a_hd.mesh","74788.117187","3373.40039","57296.871093"
"1824","XWJ_竹筐008_001.Mesh","npc.json","data\source\maps_source\小物件\生活品\xwj_竹筐008_001_hd.mesh","59035.949218","217.825195","59754.488281"
"1825","wj_货包包001_001.Mesh","npc.json","data\source\maps_source\小物件\生活品\wj_货包包001_001_hd.mesh","68602.429687","1102.673828","63402.394531"
"1826","ST_mj戈壁碎石001_002.Mesh","npc.json","data\source\maps_source\门派\明教\st_mj戈壁碎石001_002_hd.mesh","69448.40625","1016.15039","60391.113281"
"1827","WJ_酒坛006_001.Mesh","npc.json","data\source\maps_source\小物件\坛罐\wj_酒坛006_001_hd.mesh","63323.152343","277.836425","61404.207031"
"1828","S_xb多枝枯树003_001.Mesh","speedtree.json","Data\source\maps_source\树\S_xb多枝枯树003_001.srt","82683.226562","1278.347167","56092.0"
"1829","s_xca小树001_003_ST.mesh.stree","speedtree.json","Data\source\maps_source\树\s_xca小树001_003_ST.srt","71464.546875","1311.373046","59620.917968"
"1830","JZ_xb玉门关建筑001_004.Mesh","npc.json","data\source\maps_source\建筑\jz_xb玉门关建筑001_004_hd.mesh","70416.851562","1255.82666","60993.800781"
"1831","WJ_木箱004_001.Mesh","npc.json","data\source\maps_source\小物件\木箱\wj_木箱004_001_hd.mesh","69915.171875","1044.189941","52212.628906"
"1832","XWJ_农家物件005_001.Mesh","npc.json","data\source\maps_source\小物件\生活品\xwj_农家物件005_001_hd.mesh","58999.910156","546.696777","59171.839843"
"1833","jz_xb楼兰哨台001_007_HD","npc.json","data\source\maps_source\建筑\jz_xb楼兰哨台001_007_hd.mesh","102323.59375","1166.580078","96747.28125"
"1834","st_mj戈壁碎石002_002.mesh","npc.json","data\source\maps_source\门派\明教\st_mj戈壁碎石002_002_hd.mesh","65358.09375","941.106445","66391.601562"
"1835","JZ_军营帐篷001_002.Mesh","npc.json","data\source\maps_source\建筑\jz_军营帐篷001_002_hd.mesh","52870.410156","3300.3125","83946.210937"
"1836","ST_mj石拱002.Mesh","npc.json","data\source\maps_source\门派\明教\st_mj石拱002_hd.mesh","69122.953125","-487.880859","58095.917968"
"1837","ST_mj戈壁碎石002_003.Mesh","npc.json","data\source\maps_source\门派\明教\st_mj戈壁碎石002_003_hd.mesh","69108.289062","2058.070312","56038.257812"
"1838","WJ_木箱001.Mesh","npc.json","data\source\maps_source\小物件\木箱\wj_木箱001_hd.mesh","72081.601562","1443.121093","57638.734375"
"1839","XWJ_农家物件003_001.Mesh","npc.json","data\source\maps_source\小物件\生活品\xwj_农家物件003_001_hd.mesh","57971.792968","537.582031","59066.695312"
"1840","WJ_小瓶子001.Mesh","npc.json","data\source\maps_source\小物件\室内\wj_小瓶子001_hd.mesh","58652.5625","304.83728","60983.664062"
"1841","WJ_erg布包001.Mesh","npc.json","data\source\maps_source\小物件\室内\wj_erg布包001_hd.mesh","63039.058593","328.721191","61725.472656"
"1842","WJ_壁挂灯笼001.Mesh","npc.json","data\source\maps_source\小物件\室内\wj_壁挂灯笼001_hd.mesh","57876.433593","913.239257","60184.792968"
"1843","s_xca小树001_005_ST.mesh.stree","speedtree.json","Data\source\maps_source\树\s_xca小树001_005_ST.srt","69655.164062","1000.412597","55373.675781"
"1844","WJ_HQM悬挂布001.Mesh","npc.json","data\source\maps_source\小物件\室内\wj_hqm悬挂布001_hd.mesh","62016.984375","596.77832","61228.480468"
"1845","WJ_壁挂灯笼001.Mesh","npc.json","data\source\maps_source\小物件\室内\wj_壁挂灯笼001_hd.mesh","57820.269531","913.239257","59542.832031"
"1846","WJ_餐具001_001.Mesh","npc.json","data\source\maps_source\小物件\室内\wj_餐具001_001_hd.mesh","62449.226562","290.508789","61240.933593"
"1847","WJ_HQM悬挂装饰001.Mesh","npc.json","data\source\maps_source\小物件\室内\wj_hqm悬挂装饰001_hd.mesh","57808.691406","803.374023","60032.773437"
"1848","WJ_沙包009_01.Mesh","npc.json","data\source\maps_source\小物件\生活品\wj_沙包009_01_hd.mesh","63207.316406","220.144042","58159.3125"
"1849","WJ_中级挂饰004_002.Mesh","npc.json","data\source\maps_source\小物件\室内\wj_中级挂饰004_002_hd.mesh","57880.75","796.126953","60827.667968"
"1850","WJ_sn茅草房001_005.Mesh","npc.json","data\source\maps_source\小物件\室内\wj_sn茅草房001_005_hd.mesh","62497.457031","222.117675","60913.089843"
"1851","JZ_xb楼兰哨台001_001.Mesh","npc.json","data\source\maps_source\建筑\jz_xb楼兰哨台001_001_hd.mesh","64746.726562","-192.277832","52944.175781"
"1852","WJ_sn茅草房001_006.Mesh","npc.json","data\source\maps_source\小物件\室内\wj_sn茅草房001_006_hd.mesh","58504.539062","223.172851","60990.140625"
"1853","s_xca小树001_005_ST.mesh.stree","speedtree.json","Data\source\maps_source\树\s_xca小树001_005_ST.srt","69288.75","1002.707031","59653.554687"
"1854","WJ_sn茅草房001_006.Mesh","npc.json","data\source\maps_source\小物件\室内\wj_sn茅草房001_006_hd.mesh","63030.488281","222.124023","60944.160156"
"1855","s_xca小树001_001_ST.mesh.stree","npc.json","data\source\maps_source\门派\明教\st_mj戈壁碎石003_004_hd.mesh","67964.898437","797.473144","62615.726562"
"1856","JZ_xb楼兰哨台001_003.Mesh","npc.json","data\source\maps_source\建筑\jz_xb楼兰哨台001_003_hd.mesh","78565.570312","827.297363","61842.832031"
"1857","wj_工地物件001_007.mesh","npc.json","data\source\maps_source\小物件\工地物件\wj_工地物件001_007_hd.mesh","71336.984375","1284.897949","60474.445312"
"1858","XWJ_cj木梯001.Mesh","npc.json","data\source\maps_source\小物件\工地物件\xwj_cj木梯001_hd.mesh","65862.992187","1253.323242","64915.429687"
"1859","JZ_xb楼兰三间房001_003.Mesh","npc.json","data\source\maps_source\建筑\jz_xb楼兰三间房001_003_hd.mesh","69284.054687","652.811035","59949.257812"
"1860","WJ_火堆001_006_HD","npc.json","data\source\maps_source\小物件\灯\wj_火堆001_006_hd.mesh","83715.78125","2102.640625","85766.734375"
"1861","wj_货包包001_001.Mesh","npc.json","data\source\maps_source\小物件\生活品\wj_货包包001_001_hd.mesh","84399.796875","1937.890136","86479.445312"
"1862","WJ_木桌005_001.Mesh","npc.json","data\source\maps_source\小物件\桌凳\wj_木桌005_001_hd.mesh","61798.382812","222.114257","61411.71875"
"1863","WJ_酒牌001.Mesh","npc.json","data\source\maps_source\小物件\招牌\wj_酒牌001_hd.mesh","62700.863281","587.063964","61525.804687"
"1864","PJ_玉门草棚001.Mesh","npc.json","data\source\maps_source\建筑配套\pj_玉门草棚001_hd.mesh","75492.257812","1388.391601","61209.191406"
"1865","WJ_酒坛006_001.Mesh","npc.json","data\source\maps_source\小物件\坛罐\wj_酒坛006_001_hd.mesh","61261.6875","267.578125","60440.046875"
"1866","WJ_HQM悬挂装饰001.Mesh","npc.json","data\source\maps_source\小物件\室内\wj_hqm悬挂装饰001_hd.mesh","57864.792968","803.374023","60674.023437"
"1867","Data\source\maps_source\建筑室内\JZ_xb玉门关建筑002_003酒店001.pvs","npc.json","data\source\maps_source\建筑室内\jz_xb玉门关建筑002_003sw_hd.mesh","62187.867187","211.056152","61034.203125"
"1868","WJ_酒坛006_001.Mesh","npc.json","data\source\maps_source\小物件\坛罐\wj_酒坛006_001_hd.mesh","63308.746093","678.823242","61717.195312"
"1869","ST_mj戈壁碎石003_002.Mesh","npc.json","data\source\maps_source\门派\明教\st_mj戈壁碎石003_002_hd.mesh","90736.265625","3649.758789","87964.648437"
"1870","WJ_HQM悬挂布001.Mesh","npc.json","data\source\maps_source\小物件\室内\wj_hqm悬挂布001_hd.mesh","62844.261718","596.77832","61120.253906"
"1871","XWJ_军营物件001_006.Mesh","npc.json","data\source\maps_source\小物件\武器\xwj_军营物件001_006_hd.mesh","71623.484375","1171.520996","52269.785156"
"1872","WJ_动物骸骨001_001.Mesh","npc.json","data\source\maps_source\小物件\遗骸\wj_动物骸骨001_001_hd.mesh","95448.414062","1921.730957","94247.507812"
"1873","jz_xb玉门关建筑002_007_HD","npc.json","data\source\maps_source\建筑\jz_xb玉门关建筑002_007_hd.mesh","81309.085937","4290.871093","99498.4375"
"1874","WJ_sn茅草房001_013.Mesh","npc.json","data\source\maps_source\小物件\室内\wj_sn茅草房001_013_hd.mesh","63281.003906","421.205566","60996.808593"
"1875","S_xb多枝枯树003_003.Mesh","speedtree.json","Data\source\maps_source\树\S_xb多枝枯树003_003.srt","62336.996093","5.442382","59168.753906"
"1876","s_xca小树001_003_ST.mesh.stree","speedtree.json","Data\source\maps_source\树\s_xca小树001_003_ST.srt","76941.289062","1412.939453","60961.078125"
"1877","wj_bhyz金刚战车001.mesh","npc.json","data\source\doodad\帮会约战\wj_bhyz金刚战车001_hd.mesh","66849.328125","748.009765","52371.089843"
"1878","ST_mj戈壁碎石003_002.Mesh","npc.json","data\source\maps_source\门派\明教\st_mj戈壁碎石003_002_hd.mesh","82136.601562","3513.706054","94239.773437"
"1879","WJ_酒坛006_001.Mesh","npc.json","data\source\maps_source\小物件\坛罐\wj_酒坛006_001_hd.mesh","63353.929687","678.823242","61634.394531"
"1880","ST_mj戈壁碎石001_002.Mesh","npc.json","data\source\maps_source\门派\明教\st_mj戈壁碎石001_002_hd.mesh","68507.117187","631.208496","62991.0625"
"1881","s_xca小树001_001_ST.mesh.stree","speedtree.json","Data\source\maps_source\树\s_xca小树001_002_ST.srt","69120.632812","1224.55957","61980.027343"
"1882","WJ_erg布包001.Mesh","npc.json","data\source\maps_source\小物件\室内\wj_erg布包001_hd.mesh","58459.070312","305.005371","60611.796875"
"1883","XWJ_农家物件004_002.Mesh","npc.json","data\source\maps_source\小物件\生活品\xwj_农家物件004_002_hd.mesh","58252.679687","430.527343","61016.539062"
"1884","jz_xb楼兰哨台001_007_HD","npc.json","data\source\maps_source\建筑\jz_xb楼兰哨台001_007_hd.mesh","82547.632812","1995.02832","89025.742187"
"1885","WJ_破车001_002.Mesh","npc.json","data\source\maps_source\小物件\车\wj_破车001_002_hd.mesh","69753.328125","981.932128","58179.621093"
"1886","ST_mj戈壁碎石003_005.Mesh","npc.json","data\source\maps_source\门派\明教\st_mj戈壁碎石003_005_hd.mesh","68459.664062","579.390625","57389.492187"
"1887","wj_圆水木桶007.Mesh","npc.json","data\source\maps_source\小物件\木箱\wj_圆水木桶007_hd.mesh","65016.421875","273.628967","61009.03125"
"1888","JZ_xb玉门关建筑001_001.Mesh","npc.json","data\source\maps_source\建筑\jz_xb玉门关建筑001_001_hd.mesh","63643.613281","228.552246","57795.941406"
"1889","WJ_簸箕_001.Mesh","npc.json","data\source\maps_source\小物件\生活品\wj_簸箕_001_hd.mesh","58503.898437","363.376464","61061.140625"
"1890","WJ_erg布包001.Mesh","npc.json","data\source\maps_source\小物件\室内\wj_erg布包001_hd.mesh","62999.496093","328.721191","61730.648437"
"1891","XWJ_农家物件008.Mesh","npc.json","data\source\maps_source\小物件\生活品\xwj_农家物件008_hd.mesh","83181.015625","2076.5083","87322.796875"
"1892","WJ_破车001_001.Mesh","npc.json","data\source\maps_source\小物件\车\wj_破车001_001_hd.mesh","72135.9375","1346.736816","57609.726562"
"1893","WJ_酒坛006_001.Mesh","npc.json","data\source\maps_source\小物件\坛罐\wj_酒坛006_001_hd.mesh","61389.984375","207.707031","59902.800781"
"1894","WJ_木箱004_002.Mesh","npc.json","data\source\maps_source\小物件\木箱\wj_木箱004_002_hd.mesh","52110.503906","3303.583007","83751.21875"
"1895","jz_xb玉门关建筑002_001.mesh","npc.json","data\source\maps_source\建筑\jz_xb玉门关建筑002_001_hd.mesh","83322.875","1896.506347","88129.65625"
"1896","WJ_HQM悬挂装饰001.Mesh","npc.json","data\source\maps_source\小物件\室内\wj_hqm悬挂装饰001_hd.mesh","57696.640625","803.374023","58752.0"
"1897","ST_mj戈壁碎石001_003.Mesh","npc.json","data\source\maps_source\门派\明教\st_mj戈壁碎石001_003_hd.mesh","65629.453125","204.020019","54556.476562"
"1898","SD_崖壁狱门fb_001.Mesh","npc.json","data\source\maps_source\山洞\sd_崖壁狱门fb_001_hd.mesh","93689.6875","1054.0","99803.875"
"1899","WJ_sn茅草房001_008.Mesh","npc.json","data\source\maps_source\小物件\室内\wj_sn茅草房001_008_hd.mesh","62795.980468","222.510253","61784.851562"
"1900","JZ_xb玉门关建筑002_008.Mesh","npc.json","data\source\maps_source\建筑\jz_xb玉门关建筑002_008_hd.mesh","58647.757812","190.863769","63843.003906"
"1901","XWJ_农家物件004_002.Mesh","npc.json","data\source\maps_source\小物件\生活品\xwj_农家物件004_002_hd.mesh","62490.660156","361.047363","60873.347656"
"1902","WJ_动物骸骨001_001.Mesh","npc.json","data\source\maps_source\小物件\遗骸\wj_动物骸骨001_001_hd.mesh","60729.226562","1670.658691","114655.734375"
"1903","JZ_xb楼兰哨台001_005.Mesh","npc.json","data\source\maps_source\建筑\jz_xb楼兰哨台001_005_hd.mesh","57889.730468","1412.656738","139428.703125"
"1904","ST_mj底层石头001_002_HD","npc.json","data\source\maps_source\门派\明教\st_mj底层石头001_002_hd.mesh","52596.332031","1310.392089","110173.078125"
"1905","ST_xb龙门荒漠石001_003.Mesh","npc.json","data\source\maps_source\石头\st_xb龙门荒漠石001_003_hd.mesh","96593.90625","509.829101","124094.289062"
"1906","JZ_xb楼兰哨台001_007.Mesh","npc.json","data\source\maps_source\建筑\jz_xb楼兰哨台001_007_hd.mesh","59567.5625","1201.117187","135442.984375"
"1907","WJ_木箱004_001.Mesh","npc.json","data\source\maps_source\小物件\木箱\wj_木箱004_001_hd.mesh","60362.535156","1253.25","132609.9375"
"1908","WJ_动物遗骨001_004.Mesh","npc.json","data\source\maps_source\小物件\遗骸\wj_动物遗骨001_004_hd.mesh","61611.738281","1315.57666","127377.25"
"1909","S_xb多枝枯树003_001.Mesh","speedtree.json","Data\source\maps_source\树\S_xb多枝枯树003_001.srt","100302.296875","1226.010742","103594.015625"
"1910","ST_xb龙门荒漠石001_002.Mesh","npc.json","data\source\maps_source\石头\st_xb龙门荒漠石001_002_hd.mesh","67329.546875","1153.452148","140108.203125"
"1911","ST_xb龙门荒漠石001_004.Mesh","npc.json","data\source\maps_source\石头\st_xb龙门荒漠石001_004_hd.mesh","99466.695312","1180.104492","102791.664062"
"1912","st_deadwood001_001_HD","npc.json","data\source\maps_source\foliage\st_deadwood001_001_hd.mesh","74384.875","2860.482421","153019.453125"
"1913","JZ_xb楼兰哨台001_005.Mesh","npc.json","data\source\maps_source\建筑\jz_xb楼兰哨台001_005_hd.mesh","71399.773437","880.245117","133189.40625"
"1914","ST_xb龙门荒漠石001_008.Mesh","npc.json","data\source\maps_source\石头\st_xb龙门荒漠石001_008_hd.mesh","69862.617187","761.276855","140162.234375"
"1915","S_西北枯树001_002.Mesh","speedtree.json","Data\source\maps_source\树\S_西北枯树001_002.srt","58567.375","842.032714","130775.734375"
"1916","ST_xb龙门荒漠石001_010.Mesh","npc.json","data\source\maps_source\石头\st_xb龙门荒漠石001_010_hd.mesh","57495.234375","1029.046386","147221.328125"
"1917","st_mj底层石头001_003_HD","npc.json","data\source\maps_source\门派\明教\st_mj底层石头001_003_hd.mesh","53130.882812","1061.836914","111446.875"
"1918","S_xb多枝枯树003_001.Mesh","speedtree.json","Data\source\maps_source\树\S_xb多枝枯树003_001.srt","84233.59375","1825.717773","139469.078125"
"1919","XWJ_xb楼兰墓地001_005.Mesh","npc.json","data\source\maps_source\小物件\坟地物件\xwj_xb楼兰墓地001_005_hd.mesh","57722.042968","1293.852539","135274.484375"
"1920","WJ_动物遗骨001_003.Mesh","npc.json","data\source\maps_source\小物件\遗骸\wj_动物遗骨001_003_hd.mesh","57815.488281","1224.1875","129722.546875"
"1921","ST_xb龙门荒漠石001_012.Mesh","npc.json","data\source\maps_source\石头\st_xb龙门荒漠石001_012_hd.mesh","94799.625","-978.763671","130140.789062"
"1922","WJ_动物骸骨001_004.Mesh","npc.json","data\source\maps_source\小物件\遗骸\wj_动物骸骨001_004_hd.mesh","61786.660156","1219.2583","117683.890625"
"1923","ST_xb龙门荒漠石001_011.Mesh","npc.json","data\source\maps_source\石头\st_xb龙门荒漠石001_011_hd.mesh","58115.097656","5281.223632","148061.953125"
"1924","S_西北枯树001_001.Mesh","npc.json","data\source\maps_source\树\s_西北枯树001_001_hd.mesh","76383.070312","1107.815429","122888.414062"
"1925","ST_xb龙门荒漠石001_011.Mesh","npc.json","data\source\maps_source\石头\st_xb龙门荒漠石001_011_hd.mesh","91539.164062","1081.471191","127316.539062"
"1926","jz_xb玉门关建筑002_001.mesh","npc.json","data\source\maps_source\建筑\jz_xb玉门关建筑002_001_hd.mesh","51946.027343","1372.939941","134659.09375"
"1927","ST_xb龙门荒漠石001_002.Mesh","npc.json","data\source\maps_source\石头\st_xb龙门荒漠石001_002_hd.mesh","97075.4375","1318.441894","103155.304687"
"1928","WJ_动物骸骨001_001.Mesh","npc.json","data\source\maps_source\小物件\遗骸\wj_动物骸骨001_001_hd.mesh","89548.203125","770.823242","126440.664062"
"1929","WJ_动物骸骨001_006.Mesh","npc.json","data\source\maps_source\小物件\遗骸\wj_动物骸骨001_006_hd.mesh","62071.4375","1225.480957","117743.460937"
"1930","ST_xb龙门荒漠石001_002.Mesh","npc.json","data\source\maps_source\石头\st_xb龙门荒漠石001_002_hd.mesh","101972.242187","2.392578","134875.078125"
"1931","PJ_玉门草棚001.Mesh","npc.json","data\source\maps_source\建筑配套\pj_玉门草棚001_hd.mesh","60287.40625","1238.893066","132627.53125"
"1932","JZ_xb楼兰哨台001_007.Mesh","npc.json","data\source\maps_source\建筑\jz_xb楼兰哨台001_007_hd.mesh","58112.289062","1337.895996","134301.34375"
"1933","WJ_动物骸骨001_001.Mesh","npc.json","data\source\maps_source\小物件\遗骸\wj_动物骸骨001_001_hd.mesh","69415.5","3835.886718","141394.3125"
"1934","WJ_动物骸骨001_001.Mesh","npc.json","data\source\maps_source\小物件\遗骸\wj_动物骸骨001_001_hd.mesh","61431.457031","1247.355957","117024.328125"
"1935","ST_xb龙门荒漠石001_012.Mesh","npc.json","data\source\maps_source\石头\st_xb龙门荒漠石001_012_hd.mesh","91085.59375","864.427246","120078.914062"
"1936","ST_xb龙门荒漠石001_002.Mesh","npc.json","data\source\maps_source\石头\st_xb龙门荒漠石001_002_hd.mesh","101693.976562","333.301757","125067.984375"
"1937","S_xb多枝枯树003_005.Mesh","speedtree.json","Data\source\maps_source\树\S_xb多枝枯树003_005.srt","90124.632812","844.416015","126525.046875"
"1938","S_xb多枝枯树003_003.Mesh","speedtree.json","Data\source\maps_source\树\S_xb多枝枯树003_003.srt","67845.414062","1135.229492","127183.429687"
"1939","WJ_动物骸骨001_002.Mesh","npc.json","data\source\maps_source\小物件\遗骸\wj_动物骸骨001_002_hd.mesh","62968.171875","2045.878906","119900.921875"
"1940","WJ_动物遗骨001_002.Mesh","npc.json","data\source\maps_source\小物件\遗骸\wj_动物遗骨001_002_hd.mesh","71172.570312","917.936523","137513.09375"
"1941","WJ_动物骸骨001_001.Mesh","npc.json","data\source\maps_source\小物件\遗骸\wj_动物骸骨001_001_hd.mesh","60290.160156","1374.776855","145167.703125"
"1942","ST_xb龙门荒漠石001_004.Mesh","npc.json","data\source\maps_source\石头\st_xb龙门荒漠石001_004_hd.mesh","99387.601562","1180.104492","102857.710937"
"1943","WJ_动物骸骨001_005.Mesh","npc.json","data\source\maps_source\小物件\遗骸\wj_动物骸骨001_005_hd.mesh","57938.25","1409.15039","128807.429687"
"1944","S_xb多枝枯树003_009.Mesh","speedtree.json","Data\source\maps_source\树\S_xb多枝枯树003_009.srt","80408.15625","1302.58496","129116.484375"
"1945","ST_xb龙门荒漠石001_010.Mesh","npc.json","data\source\maps_source\石头\st_xb龙门荒漠石001_010_hd.mesh","62029.132812","1055.30664","119946.789062"
"1946","ST_xb龙门荒漠石001_007.Mesh","npc.json","data\source\maps_source\石头\st_xb龙门荒漠石001_007_hd.mesh","66897.992187","1120.046875","141585.78125"
"1947","ST_mj戈壁碎石003_002.Mesh","npc.json","data\source\maps_source\门派\明教\st_mj戈壁碎石003_002_hd.mesh","51500.695312","6371.514648","150011.234375"
"1948","JZ_xb楼兰哨台001_001.Mesh","npc.json","data\source\maps_source\建筑\jz_xb楼兰哨台001_001_hd.mesh","54470.582031","1325.785888","134690.25"
"1949","S_西北枯树001_001.Mesh","npc.json","data\source\maps_source\树\s_西北枯树001_001_hd.mesh","86130.773437","784.902343","122846.460937"
"1950","WJ_mj遮阳棚001_002.Mesh","npc.json","data\source\maps_source\门派\明教\wj_mj遮阳棚001_002_hd.mesh","71312.46875","1106.16748","142145.109375"
"1951","WJ_火堆001_006.Mesh","npc.json","data\source\maps_source\小物件\灯\wj_火堆001_006_hd.mesh","58183.28125","1286.201171","135166.265625"
"1952","WJ_动物遗骨001_002.Mesh","npc.json","data\source\maps_source\小物件\遗骸\wj_动物遗骨001_002_hd.mesh","68560.101562","1037.787109","131066.984375"
"1953","WJ_动物遗骨001_003.Mesh","npc.json","data\source\maps_source\小物件\遗骸\wj_动物遗骨001_003_hd.mesh","75906.164062","605.974121","141559.203125"
"1954","CQ_玉门关城墙001_002.Mesh","npc.json","data\source\maps_source\城墙\cq_玉门关城墙001_002_hd.mesh","55712.949218","1029.981933","136804.9375"
"1955","JZ_xb玉门关建筑001_001.Mesh","npc.json","data\source\maps_source\建筑\jz_xb玉门关建筑001_001_hd.mesh","55636.71875","1358.446289","139276.078125"
"1956","WJ_动物骸骨001_001.Mesh","npc.json","data\source\maps_source\小物件\遗骸\wj_动物骸骨001_001_hd.mesh","64062.359375","1748.218261","119976.070312"
"1957","S_西北枯树001_001.Mesh","npc.json","data\source\maps_source\树\s_西北枯树001_001_hd.mesh","88563.234375","985.694824","131063.046875"
"1958","ST_xb龙门荒漠石001_002.Mesh","npc.json","data\source\maps_source\石头\st_xb龙门荒漠石001_002_hd.mesh","99291.296875","1152.135253","103315.71875"
"1959","WJ_动物遗骨001_003.Mesh","npc.json","data\source\maps_source\小物件\遗骸\wj_动物遗骨001_003_hd.mesh","71070.351562","806.670898","136973.671875"
"1960","WJ_龙门荒漠路标001.Mesh","npc.json","data\source\maps_source\小物件\路标\wj_龙门荒漠路标001_hd.mesh","67977.265625","1104.648437","126950.710937"
"1961","WJ_动物骸骨001_004.Mesh","npc.json","data\source\maps_source\小物件\遗骸\wj_动物骸骨001_004_hd.mesh","62658.078125","1176.565429","118410.484375"
"1962","JZ_xb楼兰哨台001_003.Mesh","npc.json","data\source\maps_source\建筑\jz_xb楼兰哨台001_003_hd.mesh","57843.765625","1348.913574","146154.4375"
"1963","st_deadwood001_003_HD","npc.json","data\source\maps_source\foliage\st_deadwood001_003_hd.mesh","74426.632812","2870.450195","153070.703125"
"1964","ST_mj石拱003.Mesh","npc.json","data\source\maps_source\门派\明教\st_mj石拱003_hd.mesh","70677.757812","1686.082031","176577.515625"
"1965","WJ_mj遮阳棚001_002.Mesh","npc.json","data\source\maps_source\门派\明教\wj_mj遮阳棚001_002_hd.mesh","74710.539062","2828.574218","180084.671875"
"1966","WJ_mj登陆断柱001_HD","npc.json","data\source\maps_source\门派\明教\wj_mj登陆断柱001_hd.mesh","89020.0","3143.594726","170063.796875"
"1967","cq_龙门城墙001_006_HD","npc.json","data\source\maps_source\城墙\cq_龙门城墙001_006_hd.mesh","100930.578125","2681.862304","183453.828125"
"1968","S_xb多枝枯树003_001.Mesh","speedtree.json","Data\source\maps_source\树\S_xb多枝枯树003_001.srt","101418.890625","3256.738281","175474.078125"
"1969","wj_圆木桶堆003.Mesh","npc.json","data\source\maps_source\小物件\木箱\wj_圆木桶堆003_hd.mesh","53020.183593","2960.711914","174328.703125"
"1970","WJ_mj货摊001_002.Mesh","npc.json","data\source\maps_source\门派\明教\wj_mj货摊001_002_hd.mesh","53538.6875","2725.417968","172573.9375"
"1971","pj_mj石门001_01_HD","npc.json","data\source\maps_source\门派\明教\pj_mj石门001_01_hd.mesh","101470.125","2824.695312","181734.96875"
"1972","WJ_dxc木箱001_007_HD","npc.json","data\source\maps_source\小物件\木箱\wj_dxc木箱001_007_hd.mesh","89929.992187","3511.039062","169448.578125"
"1973","WD_石柱002_01.Mesh","npc.json","data\source\maps_source\门派\五毒\wd_加沙石柱002_01_hd.mesh","93726.46875","3475.917968","176613.5"
"1974","wj_cactus001_004_HD","npc.json","data\source\maps_source\foliage\wj_cactus001_004_hd.mesh","99526.984375","2418.032714","165245.78125"
"1975","wj_cactus001_005_HD","npc.json","data\source\maps_source\foliage\wj_cactus001_005_hd.mesh","78211.234375","3741.471679","200625.046875"
"1976","WJ_mj遮阳棚001_002.Mesh","npc.json","data\source\maps_source\门派\明教\wj_mj遮阳棚001_002_hd.mesh","53315.878906","2713.77539","171184.34375"
"1977","WJ_dxc木箱001_011_HD","npc.json","data\source\maps_source\小物件\木箱\wj_dxc木箱001_011_hd.mesh","89281.242187","3565.007812","169230.40625"
"1978","wd_加沙祝融平台废墟001_003_HD","npc.json","data\source\maps_source\门派\五毒\wd_加沙祝融平台废墟001_003_hd.mesh","90135.476562","3036.713867","170629.0"
"1979","wj_mj篝火001_001_HD","npc.json","data\source\maps_source\门派\明教\wj_mj篝火001_001_hd.mesh","98607.632812","2678.15625","179125.3125"
"1980","wj_火堆001_003_hd","npc.json","data\source\maps_source\小物件\灯\wj_火堆001_003_hd.mesh","51367.78125","2945.036865","172766.4375"
"1981","WJ_mj登陆断柱001_HD","npc.json","data\source\maps_source\门派\明教\wj_mj登陆断柱001_hd.mesh","88154.867187","3914.466796","173128.5"
"1982","WD_加沙祝融神殿废墟004_005_HD","npc.json","data\source\maps_source\门派\五毒\wd_加沙祝融神殿废墟004_005_hd.mesh","86395.078125","3525.076171","170971.6875"
"1983","ST_mj石拱003.Mesh","npc.json","data\source\maps_source\门派\明教\st_mj石拱003_hd.mesh","53650.84375","2509.71289","176737.78125"
"1984","st_mj底层石头001_003_HD","npc.json","data\source\maps_source\门派\明教\st_mj底层石头001_003_hd.mesh","99290.023437","3197.740234","180043.78125"
"1985","wj_mj地板碎块001_003_HD","npc.json","data\source\maps_source\门派\明教\wj_mj地板碎块001_003_hd.mesh","99933.632812","3140.248046","180601.4375"
"1986","wj_货包包001_001.Mesh","npc.json","data\source\maps_source\小物件\生活品\wj_货包包001_001_hd.mesh","53679.179687","2710.751464","171401.359375"
"1987","JZ_mj中型帐篷002_001.Mesh","npc.json","data\source\maps_source\门派\明教\jz_mj中型帐篷002_001_hd.mesh","53963.421875","2700.140625","172101.1875"
"1988","wj_货包包001_001.Mesh","npc.json","data\source\maps_source\小物件\生活品\wj_货包包001_001_hd.mesh","53195.574218","2937.8125","173976.125"
"1989","wj_mj动物尸骨001_002_HD","npc.json","data\source\maps_source\门派\明教\wj_mj动物尸骨001_002_hd.mesh","96420.703125","3621.210937","177258.375"
"1990","PJ_TC破大门台阶001_004_HD","npc.json","data\source\maps_source\门派\天策\pj_tc破大门台阶001_004_hd.mesh","90436.5","3591.46289","173222.53125"
"1991","wj_圆木桶002.Mesh","npc.json","data\source\maps_source\小物件\木箱\wj_圆木桶002_hd.mesh","53434.632812","2819.929687","171469.71875"
"1992","cq_龙门城墙001_004_HD","npc.json","data\source\maps_source\城墙\cq_龙门城墙001_004_hd.mesh","100373.335937","2521.507324","179488.375"
"1993","jz_xb楼兰哨台001_003_HD","npc.json","data\source\maps_source\建筑\jz_xb楼兰哨台001_003_hd.mesh","97919.15625","3444.094726","198777.25"
"1994","WJ_破秦王雕像001_002_HD","npc.json","data\source\maps_source\门派\天策\wj_破秦王雕像001_002_hd.mesh","89780.875","3878.513671","173256.28125"
"1995","WJ_mj篝火001_003.Mesh","npc.json","data\source\maps_source\门派\明教\wj_mj篝火001_003_hd.mesh","51264.304687","2953.364501","173172.65625"
"1996","wj_货包包001_001.Mesh","npc.json","data\source\maps_source\小物件\生活品\wj_货包包001_001_hd.mesh","53572.546875","2719.485351","171237.8125"
"1997","S_xb多枝枯树003_001.Mesh","speedtree.json","Data\source\maps_source\树\S_xb多枝枯树003_001.srt","92560.421875","2853.482421","167676.203125"
"1998","WJ_mj登陆断柱001_HD","npc.json","data\source\maps_source\门派\明教\wj_mj登陆断柱001_hd.mesh","100012.578125","3216.929687","183015.28125"
"1999","wj_圆木桶堆003.Mesh","npc.json","data\source\maps_source\小物件\木箱\wj_圆木桶堆003_hd.mesh","53443.714843","2700.649414","171524.046875"
"2000","WD_石柱002_01.Mesh","npc.json","data\source\maps_source\门派\五毒\wd_加沙石柱002_01_hd.mesh","90681.539062","4475.333007","184702.859375"
"2001","WJ_火堆001_001_HD","npc.json","data\source\maps_source\小物件\灯\wj_火堆001_001_hd.mesh","100053.539062","3259.710937","178457.671875"
"2002","WD_加沙破石塔001_HD","npc.json","data\source\maps_source\门派\五毒\wd_加沙破石塔001_hd.mesh","88573.953125","2480.29248","168398.359375"
"2003","jz_xb楼兰哨台001_001_HD","npc.json","data\source\maps_source\建筑\jz_xb楼兰哨台001_001_hd.mesh","101248.96875","2900.71582","178932.671875"
"2004","WJ_mj登陆断柱001_HD","npc.json","data\source\maps_source\门派\明教\wj_mj登陆断柱001_hd.mesh","99604.984375","3081.875","180586.4375"
"2005","st_mj戈壁碎石003_001_HD","npc.json","data\source\maps_source\门派\明教\st_mj戈壁碎石003_001_hd.mesh","100117.289062","3025.763671","179879.25"
"2006","WD_石柱002_01.Mesh","npc.json","data\source\maps_source\门派\五毒\wd_加沙石柱002_01_hd.mesh","98707.929687","3304.411132","184581.828125"
"2007","WJ_mj遮阳棚001_002.Mesh","npc.json","data\source\maps_source\门派\明教\wj_mj遮阳棚001_002_hd.mesh","51623.921875","2832.648437","170345.96875"
"2008","WJ_火堆001_003_HD","npc.json","data\source\maps_source\小物件\灯\wj_火堆001_003_hd.mesh","89889.976562","3549.0625","169837.6875"
"2009","wj_cactus001_006_HD","npc.json","data\source\maps_source\foliage\wj_cactus001_006_hd.mesh","89883.046875","4104.341796","174690.21875"
"2010","WJ_mj篝火001_003.Mesh","npc.json","data\source\maps_source\门派\明教\wj_mj篝火001_003_hd.mesh","51788.652343","2941.041015","173082.796875"
"2011","jz_xb楼兰哨台001_001_HD","npc.json","data\source\maps_source\建筑\jz_xb楼兰哨台001_001_hd.mesh","101641.03125","2900.71582","184583.609375"
"2012","wj_货包包001_001.Mesh","npc.json","data\source\maps_source\小物件\生活品\wj_货包包001_001_hd.mesh","51223.933593","2862.408203","170537.265625"
"2013","WJ_mj登陆断柱001_HD","npc.json","data\source\maps_source\门派\明教\wj_mj登陆断柱001_hd.mesh","88904.179687","2934.256835","171338.015625"
"2014","WJ_mj遮阳棚001_002.Mesh","npc.json","data\source\maps_source\门派\明教\wj_mj遮阳棚001_002_hd.mesh","54326.808593","2713.77539","173218.78125"
"2015","wj_mj地板碎块001_003_HD","npc.json","data\source\maps_source\门派\明教\wj_mj地板碎块001_003_hd.mesh","99890.96875","3264.464843","182974.046875"
"2016","JZ_破旧军营关卡001_004_HD","npc.json","data\source\maps_source\建筑\jz_破旧军营关卡001_004_hd.mesh","99095.8125","3256.691406","176825.796875"
"2017","JZ_xb楼兰哨台001_005.Mesh","npc.json","data\source\maps_source\建筑\jz_xb楼兰哨台001_005_hd.mesh","101240.070312","2110.811279","163685.1875"
"2018","wj_mj地板碎块001_002_HD","npc.json","data\source\maps_source\门派\明教\wj_mj地板碎块001_002_hd.mesh","100305.09375","3120.458007","181627.484375"
"2019","S_xb多枝枯树003_001.Mesh","speedtree.json","Data\source\maps_source\树\S_xb多枝枯树003_001.srt","101083.695312","3184.508789","173483.515625"
"2020","WJ_mj篝火001_003.Mesh","npc.json","data\source\maps_source\门派\明教\wj_mj篝火001_003_hd.mesh","51462.140625","2946.430664","172273.84375"
"2021","WJ_mj篝火001_003.Mesh","npc.json","data\source\maps_source\门派\明教\wj_mj篝火001_003_hd.mesh","51857.84375","2947.035644","172475.125"
"2022","WJ_mj登陆断柱001_HD","npc.json","data\source\maps_source\门派\明教\wj_mj登陆断柱001_hd.mesh","87301.523437","3926.024414","173704.328125"
"2023","st_mj底层石头001_003_HD","npc.json","data\source\maps_source\门派\明教\st_mj底层石头001_003_hd.mesh","100378.234375","3257.471679","183165.34375"
"2024","WJ_草席001_003_HD","npc.json","data\source\maps_source\小物件\生活品\wj_草席001_003_hd.mesh","90214.117187","3523.851562","169824.078125"
"2025","JZ_mj中型帐篷002_004.Mesh","npc.json","data\source\maps_source\门派\明教\jz_mj中型帐篷002_004_hd.mesh","53969.691406","2917.90332","174667.109375"
"2026","S_xb多枝枯树003_001.Mesh","speedtree.json","Data\source\maps_source\树\S_xb多枝枯树003_001.srt","100186.445312","3111.013671","175369.109375"
"2027","WD_加沙祝融神殿废墟001_002_HD","npc.json","data\source\maps_source\门派\五毒\wd_加沙祝融神殿废墟001_002_hd.mesh","91853.742187","1715.418945","170172.390625"
"2028","wj_mj地板碎块001_001_HD","npc.json","data\source\maps_source\门派\明教\wj_mj地板碎块001_001_hd.mesh","102016.71875","3168.505859","181548.140625"
"2029","wj_货包包001_002.Mesh","npc.json","data\source\maps_source\小物件\生活品\wj_货包包001_002_hd.mesh","53634.179687","2830.502929","171305.125"
"2030","wj_cactus001_004_HD","npc.json","data\source\maps_source\foliage\wj_cactus001_004_hd.mesh","75101.351562","2800.387695","178619.21875"
"2031","cq_龙门城墙001_003_HD","npc.json","data\source\maps_source\城墙\cq_龙门城墙001_003_hd.mesh","99356.53125","2567.450195","183502.453125"
"2032","cq_龙门城墙001_003_HD","npc.json","data\source\maps_source\城墙\cq_龙门城墙001_003_hd.mesh","99177.15625","2501.461425","179490.1875"
"2033","cq_龙门城墙001_010_HD","npc.json","data\source\maps_source\城墙\cq_龙门城墙001_010_hd.mesh","133643.859375","4961.033203","-71589.828125"
"2034","CQ_龙门城墙001_002.Mesh","npc.json","data\source\maps_source\城墙\cq_龙门城墙001_002_hd.mesh","113571.539062","739.86206","-9.033981"
"2035","wj_木围墙007_001.Mesh","npc.json","data\source\maps_source\小物件\栏杆\wj_木围墙007_001_hd.mesh","112308.320312","733.355834","-395.317779"
"2036","WJ_破木板002_001_HD","npc.json","data\source\maps_source\小物件\木箱\wj_破木板002_001_hd.mesh","113260.320312","733.111572","-4298.563476"
"2037","WJ_木箱004_002.Mesh","npc.json","data\source\maps_source\小物件\木箱\wj_木箱004_002_hd.mesh","113358.414062","766.967773","-4058.641845"
"2038","WJ_erg布包001.Mesh","npc.json","data\source\maps_source\小物件\室内\wj_erg布包001_hd.mesh","112142.226562","881.078613","-1037.012451"
"2039","st_mj戈壁碎石002_003_HD","npc.json","data\source\maps_source\门派\明教\st_mj戈壁碎石002_003_hd.mesh","114998.539062","1658.130859","-3386.108886"
"2040","wj_木围墙007_001.Mesh","npc.json","data\source\maps_source\小物件\栏杆\wj_木围墙007_001_hd.mesh","113039.671875","738.040161","-184.38272"
"2041","JZ_xb楼兰三间房001_001.Mesh","npc.json","data\source\maps_source\建筑\jz_xb楼兰三间房001_001_hd.mesh","113927.023437","517.758911","-2511.199462"
"2042","ST_mj戈壁碎石003_002.Mesh","npc.json","data\source\maps_source\门派\明教\st_mj戈壁碎石003_002_hd.mesh","116329.0625","1136.784912","-859.658691"
"2043","WJ_木车002.Mesh","npc.json","data\source\maps_source\小物件\车\wj_木车002_hd.mesh","113994.46875","783.973632","-690.17572"
"2044","st_mj戈壁碎石002_003_HD","npc.json","data\source\maps_source\门派\明教\st_mj戈壁碎石002_003_hd.mesh","116506.65625","1681.048339","-2274.524902"
"2045","WJ_dhg脚手架001_001_HD","npc.json","data\source\maps_source\小物件\工地物件\wj_dhg脚手架001_001_hd.mesh","112308.53125","712.218444","-120.957519"
"2046","WJ_erg酒坛002.Mesh","npc.json","data\source\maps_source\小物件\室内\wj_erg酒坛002_hd.mesh","112168.03125","827.316894","-1112.117919"
"2047","ST_mj戈壁碎石003_002.Mesh","npc.json","data\source\maps_source\门派\明教\st_mj戈壁碎石003_002_hd.mesh","110950.5625","1420.539916","-3058.365478"
"2048","CQ_龙门城墙001_002.Mesh","npc.json","data\source\maps_source\城墙\cq_龙门城墙001_002_hd.mesh","111524.554687","719.796752","-324.965148"
"2049","wj_木围墙007_001.Mesh","npc.json","data\source\maps_source\小物件\栏杆\wj_木围墙007_003_hd.mesh","113583.0625","727.614746","-417.903411"
"2050","WJ_破车001_001.Mesh","npc.json","data\source\maps_source\小物件\车\wj_破车001_001_hd.mesh","112192.117187","756.162109","-1061.270263"
"2051","WJ_破罐001_002_HD","npc.json","data\source\maps_source\小物件\坛罐\wj_破罐001_002_hd.mesh","112557.601562","744.492553","-2645.694335"
"2052","wj_木围墙007_001.Mesh","npc.json","data\source\maps_source\小物件\栏杆\wj_木围墙007_003_hd.mesh","112886.273437","716.501708","-312.85263"
"2053","WJ_木车002.Mesh","npc.json","data\source\maps_source\小物件\车\wj_木车002_hd.mesh","113197.859375","708.706665","-5993.640136"
"2054","ST_mj戈壁碎石003_002.Mesh","npc.json","data\source\maps_source\门派\明教\st_mj戈壁碎石003_002_hd.mesh","115184.953125","1537.355224","-3665.39331"
"2055","st_mj戈壁碎石003_003_HD","npc.json","data\source\maps_source\门派\明教\st_mj戈壁碎石003_003_hd.mesh","125181.835937","8151.841796","-3852.501953"
"2056","st_mj中层石头001_003_HD","npc.json","data\source\maps_source\门派\明教\st_mj中层石头001_003_hd.mesh","114359.445312","630.444702","-5591.842773"
"2057","ST_mj戈壁碎石003_002.Mesh","npc.json","data\source\maps_source\门派\明教\st_mj戈壁碎石003_002_hd.mesh","113326.6875","1178.512573","-8066.421875"
"2058","WJ_破木箱004_003_HD","npc.json","data\source\maps_source\小物件\木箱\wj_破木箱004_003_hd.mesh","112726.539062","769.458007","-3431.024169"
"2059","JZ_xb楼兰哨台001_005.Mesh","npc.json","data\source\maps_source\建筑\jz_xb楼兰哨台001_005_hd.mesh","111379.109375","858.37207","-1170.475097"
"2060","ST_mj戈壁碎石003_002.Mesh","npc.json","data\source\maps_source\门派\明教\st_mj戈壁碎石003_002_hd.mesh","112034.875","741.244079","-2922.464355"
"2061","WJ_破罐001_002_HD","npc.json","data\source\maps_source\小物件\坛罐\wj_破罐001_002_hd.mesh","113461.773437","771.884521","-2963.423095"
"2062","jz_xb玉门关建筑002_001.mesh","npc.json","data\source\maps_source\建筑\jz_xb玉门关建筑002_001_hd.mesh","114809.773437","769.190307","-951.887939"
"2063","ST_xb龙门荒漠石001_005.Mesh","npc.json","data\source\maps_source\石头\st_xb龙门荒漠石001_005_hd.mesh","110242.4375","682.989868","-984.617187"
"2064","wj_通用坛罐001_001_HD","npc.json","data\source\maps_source\小物件\坛罐\wj_通用坛罐001_001_hd.mesh","113180.15625","744.167541","2370.284423"
"2065","PJ_玉门风车001A.Mesh","npc.json","data\source\maps_source\建筑配套\pj_玉门风车001a_hd.mesh","152989.9375","2016.839111","44834.648437"
"2066","cq_龙门城墙001_011_HD","npc.json","data\source\maps_source\城墙\cq_龙门城墙001_011_hd.mesh","147224.53125","6766.21289","26442.677734"
"2067","S_xb多枝枯树003_010.Mesh","speedtree.json","Data\source\maps_source\树\S_xb多枝枯树003_010.srt","137811.984375","1897.927856","13778.159179"
"2068","st_mj戈壁碎石003_002_HD","npc.json","data\source\maps_source\门派\明教\st_mj戈壁碎石003_002_hd.mesh","141367.671875","2155.259033","31491.77539"
"2069","wj_木围墙007_001.Mesh","npc.json","data\source\maps_source\小物件\栏杆\wj_木围墙007_003_hd.mesh","119935.28125","1900.183105","15206.324218"
"2070","XWJ_骷髅堆001_004.Mesh","npc.json","data\source\maps_source\小物件\坟地物件\xwj_骷髅堆001_004_hd.mesh","109090.257812","2371.765136","5687.274902"
"2071","SD_崖壁狱门fb_001.Mesh","npc.json","data\source\maps_source\山洞\sd_崖壁狱门fb_001_hd.mesh","136727.359375","540.792419","20087.757812"
"2072","ST_mj戈壁碎石003_002.Mesh","npc.json","data\source\maps_source\门派\明教\st_mj戈壁碎石003_002_hd.mesh","140465.109375","6864.637207","21463.472656"
"2073","q_mj光明顶吊桥001_006_HD","npc.json","data\source\maps_source\门派\明教\q_mj光明顶吊桥001_006_hd.mesh","137516.734375","976.41687","28449.769531"
"2074","wj_通用坛罐001_003_HD","npc.json","data\source\maps_source\小物件\坛罐\wj_通用坛罐001_003_hd.mesh","113182.140625","745.159729","2108.577392"
"2075","st_mj戈壁碎石003_002_HD","npc.json","data\source\maps_source\门派\明教\st_mj戈壁碎石003_002_hd.mesh","125963.335937","2917.166503","13575.71289"
"2076","WJ_木箱002.Mesh","npc.json","data\source\maps_source\小物件\木箱\wj_木箱002_hd.mesh","104357.9375","1204.065551","47597.179687"
"2077","wj_陶罐008_HD","npc.json","data\source\maps_source\小物件\坛罐\wj_陶罐008_hd.mesh","113424.5625","745.159729","2142.425048"
"2078","S_bd崖壁树001_003.Mesh","npc.json","data\source\maps_source\小物件\工地物件\wj_dhg栈道001_001_hd.mesh","153284.796875","5594.287597","14411.424804"
"2079","wj_木围墙007_001.Mesh","npc.json","data\source\maps_source\小物件\栏杆\wj_木围墙007_003_hd.mesh","120607.992187","1612.555419","19990.623046"
"2080","wj_通用坛罐001_001_HD","npc.json","data\source\maps_source\小物件\坛罐\wj_通用坛罐001_001_hd.mesh","110515.765625","754.951049","2269.478759"
"2081","wj_木围墙007_001.Mesh","npc.json","data\source\maps_source\小物件\栏杆\wj_木围墙007_003_hd.mesh","115932.726562","1335.775756","12987.055664"
"2082","cq_龙门城墙001_003_HD","npc.json","data\source\maps_source\城墙\cq_龙门城墙001_003_hd.mesh","151295.953125","6764.313476","25823.673828"
"2083","cq_龙门城墙001_003_HD","npc.json","data\source\maps_source\城墙\cq_龙门城墙001_003_hd.mesh","151853.4375","6400.460937","27222.097656"
"2084","SD_崖壁狱门fb_001.Mesh","npc.json","data\source\maps_source\山洞\sd_崖壁狱门fb_001_hd.mesh","111792.679687","-243.259765","10729.132812"
"2085","WJ_dhg脚手架001_001_HD","npc.json","data\source\maps_source\小物件\工地物件\wj_dhg脚手架001_001_hd.mesh","113418.15625","3309.895996","10618.365234"
"2086","S_xb多枝枯树003_001.Mesh","speedtree.json","Data\source\maps_source\树\S_xb多枝枯树003_001.srt","128151.90625","2131.640625","16459.566406"
"2087","st_mj戈壁碎石002_003_HD","npc.json","data\source\maps_source\门派\明教\st_mj戈壁碎石002_003_hd.mesh","128655.40625","5062.864746","19472.886718"
"2088","JZ_mj中型民居001_001_HD","npc.json","data\source\maps_source\门派\明教\jz_mj中型民居001_001_hd.mesh","143491.703125","425.407409","41130.285156"
"2089","ST_mj戈壁碎石003_002.Mesh","npc.json","data\source\maps_source\门派\明教\st_mj戈壁碎石003_002_hd.mesh","107389.226562","5380.451171","5675.428222"
"2090","st_mj戈壁碎石002_004_HD","npc.json","data\source\maps_source\门派\明教\st_mj戈壁碎石002_004_hd.mesh","144398.09375","14.101264","45448.332031"
"2091","pj_mj石门001_01_HD","npc.json","data\source\maps_source\门派\明教\pj_mj石门001_01_hd.mesh","137842.375","357.277954","34426.199218"
"2092","XWJ_骷髅堆001_003.Mesh","npc.json","data\source\maps_source\小物件\坟地物件\xwj_骷髅堆001_003_hd.mesh","130151.085937","888.17749","26560.359375"
"2093","WJ_灯007A_HD","npc.json","data\source\maps_source\小物件\灯\wj_灯007a_hd.mesh","140279.515625","1575.582885","11391.298828"
"2094","XWJ_火盆002_001_HD","npc.json","data\source\maps_source\小物件\灯\xwj_火盆002_001_hd.mesh","122029.820312","1692.78125","20211.4375"
"2095","WJ_动物遗骨001_004.Mesh","npc.json","data\source\maps_source\小物件\遗骸\wj_动物遗骨001_004_hd.mesh","107193.203125","1033.502197","13258.421875"
"2096","S_xb多枝枯树003_003.Mesh","speedtree.json","Data\source\maps_source\树\S_xb多枝枯树003_003.srt","114632.742187","842.833862","45496.859375"
"2097","PJ_玉门草棚001.Mesh","npc.json","data\source\maps_source\建筑配套\pj_玉门草棚001_hd.mesh","136987.375","1933.133422","14121.111328"
"2098","ST_xb龙门荒漠石001_012.Mesh","npc.json","data\source\maps_source\石头\st_xb龙门荒漠石001_012_hd.mesh","146695.296875","255.556274","14899.03125"
"2099","JZ_xb玉门关建筑002_006.Mesh","npc.json","data\source\maps_source\建筑\jz_xb玉门关建筑002_006_hd.mesh","123757.234375","1440.560913","22379.394531"
"2100","st_mj戈壁碎石002_002_HD","npc.json","data\source\maps_source\门派\明教\st_mj戈壁碎石002_002_hd.mesh","127580.171875","592.120361","29890.933593"
"2101","CQ_龙门城墙001_001.Mesh","npc.json","data\source\maps_source\城墙\cq_龙门城墙001_001_hd.mesh","151906.796875","1992.061767","45035.410156"
"2102","JZ_xb楼兰哨台001_007.Mesh","npc.json","data\source\maps_source\建筑\jz_xb楼兰哨台001_007_hd.mesh","110126.398437","937.213073","3647.669677"
"2103","st_mj光明顶001_005_HD","npc.json","data\source\maps_source\门派\明教\st_mj光明顶001_005_hd.mesh","126833.429687","1163.685058","8503.076171"
"2104","XWJ_火盆002_001_HD","npc.json","data\source\maps_source\小物件\灯\xwj_火盆002_001_hd.mesh","151049.59375","6416.0625","21491.71875"
"2105","WJ_龙门木箱001.Mesh","npc.json","data\source\maps_source\小物件\木箱\wj_龙门木箱001_hd.mesh","151373.59375","1893.556884","38165.640625"
"2106","S_xb多枝枯树003_010.Mesh","speedtree.json","Data\source\maps_source\树\S_xb多枝枯树003_010.srt","119036.554687","1426.226806","26301.984375"
"2107","JZ_xb玉门关建筑001_003.Mesh","npc.json","data\source\maps_source\建筑\jz_xb玉门关建筑001_003_hd.mesh","132801.390625","5893.681152","20343.974609"
"2108","ST_mj戈壁碎石003_002.Mesh","npc.json","data\source\maps_source\门派\明教\st_mj戈壁碎石003_002_hd.mesh","120375.460937","-26.084716","39988.628906"
"2109","st_mj戈壁碎石002_002_HD","npc.json","data\source\maps_source\门派\明教\st_mj戈壁碎石002_002_hd.mesh","134338.09375","4829.893554","18450.304687"
"2110","cq_龙门城墙001_004_HD","npc.json","data\source\maps_source\城墙\cq_龙门城墙001_004_hd.mesh","147989.953125","7081.099609","26268.576171"
"2111","WJ_土匪物件001_008.Mesh","npc.json","data\source\maps_source\小物件\武器\wj_土匪物件001_008_hd.mesh","113697.585937","711.85321","973.116943"
"2112","WJ_木箱004_002.Mesh","npc.json","data\source\maps_source\小物件\木箱\wj_木箱004_002_hd.mesh","131228.5625","2099.28247","15201.655273"
"2113","WJ_火堆001_001_HD","npc.json","data\source\maps_source\小物件\灯\wj_火堆001_001_hd.mesh","152594.09375","648.695312","51044.375"
"2114","CQ_玉门关城墙001_007.Mesh","npc.json","data\source\maps_source\城墙\cq_玉门关城墙001_007_hd.mesh","121944.375","1822.750854","18426.9375"
"2115","cq_龙门城墙001_003_HD","npc.json","data\source\maps_source\城墙\cq_龙门城墙001_003_hd.mesh","150641.890625","6839.876953","28285.830078"
"2116","cq_龙门城墙001_003_HD","npc.json","data\source\maps_source\城墙\cq_龙门城墙001_003_hd.mesh","152360.140625","6347.80957","28581.378906"
"2117","PJ_玉门草棚001.Mesh","npc.json","data\source\maps_source\建筑配套\pj_玉门草棚001_hd.mesh","153177.953125","615.185058","51150.820312"
"2118","cq_龙门城墙001_004_HD","npc.json","data\source\maps_source\城墙\cq_龙门城墙001_004_hd.mesh","149102.640625","6849.208007","27222.902343"
"2119","WJ_木箱002.Mesh","npc.json","data\source\maps_source\小物件\木箱\wj_木箱002_hd.mesh","113692.40625","723.305175","484.951171"
"2120","CQ_龙门城墙001_001.Mesh","npc.json","data\source\maps_source\城墙\cq_龙门城墙001_001_hd.mesh","149420.953125","292.955688","47496.1875"
"2121","wd_加沙祝融平台废墟001_003_HD","npc.json","data\source\maps_source\门派\五毒\wd_加沙祝融平台废墟001_003_hd.mesh","139128.0","138.568817","28906.03125"
"2122","WD_加沙民居004_003_HD","npc.json","data\source\maps_source\门派\五毒\wd_加沙民居004_003_hd.mesh","149694.84375","6410.115722","22216.005859"
"2123","ST_mj戈壁碎石003_002.Mesh","npc.json","data\source\maps_source\门派\明教\st_mj戈壁碎石003_002_hd.mesh","151904.265625","384.848876","49363.679687"
"2124","wj_木围墙007_001.Mesh","npc.json","data\source\maps_source\小物件\栏杆\wj_木围墙007_001_hd.mesh","119248.679687","1856.19812","15354.157226"
"2125","st_mj中层石头001_003_HD","npc.json","data\source\maps_source\门派\明教\st_mj中层石头001_003_hd.mesh","125927.015625","8793.176757","820.270019"
"2126","WJ_木箱004_002.Mesh","npc.json","data\source\maps_source\小物件\木箱\wj_木箱004_002_hd.mesh","133866.515625","2958.135986","15161.566406"
"2127","st_mj底层石头001_003_HD","npc.json","data\source\maps_source\门派\明教\st_mj底层石头001_003_hd.mesh","135507.15625","138.269409","33509.171875"
"2128","st_mj戈壁碎石002_002_HD","npc.json","data\source\maps_source\门派\明教\st_mj戈壁碎石002_002_hd.mesh","132895.875","3442.52246","16829.972656"
"2129","st_mj戈壁碎石001_002_HD","npc.json","data\source\maps_source\门派\明教\st_mj戈壁碎石001_002_hd.mesh","129036.117187","933.587646","26204.398437"
"2130","S_xb多枝枯树003_009.Mesh","speedtree.json","Data\source\maps_source\树\S_xb多枝枯树003_009.srt","112525.820312","841.607666","10932.270507"
"2131","WJ_火堆001_001_HD","npc.json","data\source\maps_source\小物件\灯\wj_火堆001_001_hd.mesh","124883.007812","4032.320312","18700.5"
"2132","ST_mj石头002_002.Mesh","npc.json","data\source\maps_source\门派\明教\st_mj石头002_002_hd.mesh","138398.75","1324.604125","15174.047851"
"2133","st_mj戈壁碎石002_002_HD","npc.json","data\source\maps_source\门派\明教\st_mj戈壁碎石002_002_hd.mesh","119054.320312","1944.799072","16271.392578"
"2134","pj_mj石门001_01_HD","npc.json","data\source\maps_source\门派\明教\pj_mj石门001_01_hd.mesh","131438.34375","2317.68457","18302.269531"
"2135","ST_mj戈壁碎石003_005.Mesh","npc.json","data\source\maps_source\门派\明教\st_mj戈壁碎石003_005_hd.mesh","120573.796875","2139.656494","16834.6875"
"2136","WJ_龙门荒漠路标001.Mesh","npc.json","data\source\maps_source\小物件\路标\wj_龙门荒漠路标001_hd.mesh","131455.328125","2277.631103","15526.128906"
"2137","WJ_木箱004_001.Mesh","npc.json","data\source\maps_source\小物件\木箱\wj_木箱004_001_hd.mesh","135636.578125","351.950073","35656.453125"
"2138","WJ_dxc草垛001_001.Mesh","npc.json","data\source\maps_source\小物件\草垛\wj_dxc草垛001_001_hd.mesh","111331.203125","751.508056","360.013916"
"2139","WJ_破车001_001.Mesh","npc.json","data\source\maps_source\小物件\车\wj_破车001_001_hd.mesh","140145.390625","1543.316772","11829.349609"
"2140","st_mj戈壁碎石003_003_HD","npc.json","data\source\maps_source\门派\明教\st_mj戈壁碎石003_003_hd.mesh","139328.78125","3003.839843","22909.857421"
"2141","cq_龙门城墙001_003_HD","npc.json","data\source\maps_source\城墙\cq_龙门城墙001_003_hd.mesh","147294.75","7540.503906","27182.107421"
"2142","XWJ_xb楼兰墓地001_001.Mesh","npc.json","data\source\maps_source\小物件\坟地物件\xwj_xb楼兰墓地001_001_hd.mesh","139611.953125","1772.660766","13323.826171"
"2143","S_bd崖壁树001_003.Mesh","npc.json","data\source\maps_source\小物件\工地物件\wj_dhg栈道001_007_hd.mesh","127606.445312","2325.221191","13682.648437"
"2144","st_mj戈壁碎石003_001_HD","npc.json","data\source\maps_source\门派\明教\st_mj戈壁碎石003_001_hd.mesh","146898.09375","789.275634","43307.433593"
"2145","wj_bd矿洞支架001_010_HD","npc.json","data\source\maps_source\门派\霸刀\wj_bd矿洞支架001_010_hd.mesh","106981.914062","1608.311523","11780.502929"
"2146","pj_mj廊柱001_004_HD","npc.json","data\source\maps_source\门派\明教\pj_mj廊柱001_004_hd.mesh","138421.828125","91.499481","30816.265625"
"2147","cq_龙门城墙001_003_HD","npc.json","data\source\maps_source\城墙\cq_龙门城墙001_003_hd.mesh","147270.609375","7166.580078","25529.597656"
"2148","S_bd崖壁树001_003.Mesh","npc.json","data\source\maps_source\小物件\工地物件\wj_dhg栈道001_007_hd.mesh","150019.625","6838.575683","33434.785156"
"2149","WJ_木箱堆001.Mesh","npc.json","data\source\maps_source\小物件\木箱\wj_木箱堆001_hd.mesh","104371.476562","1198.120239","47767.335937"
"2150","JZ_xb玉门关建筑002_003.Mesh","npc.json","data\source\maps_source\建筑\jz_xb玉门关建筑002_003_hd.mesh","135382.9375","2840.820312","8999.496093"
"2151","ST_xb龙门荒漠石001_010.Mesh","npc.json","data\source\maps_source\石头\st_xb龙门荒漠石001_010_hd.mesh","144757.4375","1594.352172","15112.68164"
"2152","wj_圆木桶001.Mesh","npc.json","data\source\maps_source\小物件\木箱\wj_圆木桶001_hd.mesh","131146.21875","2161.872314","15390.848632"
"2153","st_mj戈壁碎石003_003_HD","npc.json","data\source\maps_source\门派\明教\st_mj戈壁碎石003_003_hd.mesh","143324.28125","5134.722167","31474.689453"
"2154","WJ_mj遮阳扇001","npc.json","data\source\maps_source\门派\明教\wj_mj遮阳扇001_hd.mesh","150095.40625","1977.948974","40547.046875"
"2155","st_mj戈壁碎石002_003_HD","npc.json","data\source\maps_source\门派\明教\st_mj戈壁碎石002_003_hd.mesh","136937.125","2593.667236","33976.003906"
"2156","s_mj树002_002_HD","npc.json","data\source\maps_source\门派\明教\s_mj树002_002_hd.mesh","152451.640625","2076.808837","38992.929687"
"2157","XWJ_骷髅堆001_004.Mesh","npc.json","data\source\maps_source\小物件\坟地物件\xwj_骷髅堆001_004_hd.mesh","110418.859375","764.059448","2509.217041"
"2158","ST_mj石头002_002.Mesh","npc.json","data\source\maps_source\门派\明教\st_mj石头002_002_hd.mesh","121427.804687","977.938781","11136.032226"
"2159","st_mj戈壁碎石001_001_HD","npc.json","data\source\maps_source\门派\明教\st_mj戈壁碎石001_001_hd.mesh","129126.195312","758.746337","27607.037109"
"2160","CQ_龙门城墙001_001.Mesh","npc.json","data\source\maps_source\城墙\cq_龙门城墙001_001_hd.mesh","151296.046875","961.713256","46829.308593"
"2161","ST_mj石头003_004_HD","npc.json","data\source\maps_source\门派\明教\st_mj石头003_004_hd.mesh","133626.4375","-252.967529","25431.298828"
"2162","ST_mj戈壁碎石003_005.Mesh","npc.json","data\source\maps_source\门派\明教\st_mj戈壁碎石003_005_hd.mesh","115961.09375","2478.969238","2283.496093"
"2163","XWJ_xb楼兰墓地001_005.Mesh","npc.json","data\source\maps_source\小物件\坟地物件\xwj_xb楼兰墓地001_005_hd.mesh","103754.648437","1305.370361","46519.707031"
"2164","WJ_火堆001_002.Mesh","npc.json","data\source\maps_source\小物件\灯\wj_火堆001_002_hd.mesh","135337.4375","303.430175","36073.617187"
"2165","JZ_xb楼兰三间房001_002.Mesh","npc.json","data\source\maps_source\建筑\jz_xb楼兰三间房001_002_hd.mesh","110732.15625","710.534667","232.353881"
"2166","S_xb多枝枯树003_005.Mesh","speedtree.json","Data\source\maps_source\树\S_xb多枝枯树003_005.srt","113058.226562","1515.319824","17448.570312"
"2167","JZ_xb楼兰哨台001_007.Mesh","npc.json","data\source\maps_source\建筑\jz_xb楼兰哨台001_007_hd.mesh","131696.640625","770.739746","27666.242187"
"2168","ST_mj戈壁碎石003_002.Mesh","npc.json","data\source\maps_source\门派\明教\st_mj戈壁碎石003_002_hd.mesh","141541.4375","1427.862792","37584.734375"
"2169","XWJ_火盆002_001_HD","npc.json","data\source\maps_source\小物件\灯\xwj_火盆002_001_hd.mesh","121403.554687","1823.539062","18708.71875"
"2170","WJ_动物骸骨001_005.Mesh","npc.json","data\source\maps_source\小物件\遗骸\wj_动物骸骨001_005_hd.mesh","128703.90625","818.997192","41223.644531"
"2171","st_sczl龙门荒漠石001_005_HD","npc.json","data\source\maps_source\石头\st_sczl龙门荒漠石001_005_hd.mesh","141357.21875","1419.557006","8083.020019"
"2172","WJ_官货车001.Mesh","npc.json","data\source\maps_source\小物件\车\wj_官货车001_hd.mesh","139549.203125","1859.34143","10219.672851"
"2173","ST_mj戈壁碎石003_005.Mesh","npc.json","data\source\maps_source\门派\明教\st_mj戈壁碎石003_005_hd.mesh","135585.578125","364.00122","27070.330078"
"2174","WJ_木箱004_002.Mesh","npc.json","data\source\maps_source\小物件\木箱\wj_木箱004_002_hd.mesh","110326.984375","764.059448","2140.968261"
"2175","ST_mj戈壁碎石003_005.Mesh","npc.json","data\source\maps_source\门派\明教\st_mj戈壁碎石003_005_hd.mesh","109610.796875","1938.002685","5167.849121"
"2176","wj_木围墙007_001.Mesh","npc.json","data\source\maps_source\小物件\栏杆\wj_木围墙007_003_hd.mesh","106279.414062","1341.946411","14009.543945"
"2177","st_mj光明顶001_005_HD","npc.json","data\source\maps_source\门派\明教\st_mj光明顶001_005_hd.mesh","123608.609375","3193.195312","7299.381835"
"2178","st_mj戈壁碎石003_002_HD","npc.json","data\source\maps_source\门派\明教\st_mj戈壁碎石003_002_hd.mesh","132798.46875","2970.605468","9724.583984"
"2179","XWJ_xb墓地木栏001_002.Mesh","npc.json","data\source\maps_source\小物件\栏杆\xwj_xb墓地木栏001_002_hd.mesh","140948.953125","1976.208496","10078.172851"
"2180","JZ_xb玉门关建筑001_004.Mesh","npc.json","data\source\maps_source\建筑\jz_xb玉门关建筑001_004_hd.mesh","114102.78125","721.979064","1151.398315"
"2181","XWJ_火盆002_001_HD","npc.json","data\source\maps_source\小物件\灯\xwj_火盆002_001_hd.mesh","121361.335937","1856.0","18227.0625"
"2182","S_bd崖壁树001_003.Mesh","npc.json","data\source\maps_source\小物件\工地物件\wj_dhg栈道001_007_hd.mesh","152261.109375","4279.208984","13560.880859"
"2183","WJ_动物骸骨001_001.Mesh","npc.json","data\source\maps_source\小物件\遗骸\wj_动物骸骨001_001_hd.mesh","127392.742187","553.985595","30673.576171"
"2184","st_mj中层石头001_002_HD","npc.json","data\source\maps_source\门派\明教\st_mj中层石头001_002_hd.mesh","136367.140625","2914.239501","16477.847656"
"2185","S_bd崖壁树001_003.Mesh","npc.json","data\source\maps_source\小物件\工地物件\wj_dhg栈道001_007_hd.mesh","152270.1875","5452.773925","14306.917968"
"2186","WD_加沙破石塔001_HD","npc.json","data\source\maps_source\门派\五毒\wd_加沙破石塔001_hd.mesh","139759.828125","7.719158","30966.896484"
"2187","Q_断桥001_001_HD","npc.json","data\source\maps_source\桥\q_断桥001_001_hd.mesh","111647.007812","993.465209","4844.671386"
"2188","S_xb多枝枯树003_007.Mesh","speedtree.json","Data\source\maps_source\树\S_xb多枝枯树003_007.srt","103178.804687","1758.096313","18975.005859"
"2189","S_xb多枝枯树003_008.Mesh","speedtree.json","Data\source\maps_source\树\S_xb多枝枯树003_008.srt","105627.898437","1281.030395","34787.691406"
"2190","wj_圆木桶001.Mesh","npc.json","data\source\maps_source\小物件\木箱\wj_圆木桶001_hd.mesh","133696.359375","2968.389892","15455.706054"
"2191","JZ_xb玉门关建筑001_001_HD","npc.json","data\source\maps_source\建筑\jz_xb玉门关建筑001_001_hd.mesh","113844.4375","1242.456909","13224.141601"
"2192","XWJ_cj木梯001.Mesh","npc.json","data\source\maps_source\小物件\工地物件\xwj_cj木梯001_hd.mesh","153046.5","1824.030639","8417.109375"
"2193","WJ_火堆001_001_HD","npc.json","data\source\maps_source\小物件\灯\wj_火堆001_001_hd.mesh","140586.9375","-293.195312","51152.125"
"2194","st_mj中层石头001_003_HD","npc.json","data\source\maps_source\门派\明教\st_mj中层石头001_003_hd.mesh","122053.609375","5087.347656","3816.794189"
"2195","S_xb多枝枯树003_001.Mesh","speedtree.json","Data\source\maps_source\树\S_xb多枝枯树003_001.srt","107894.609375","772.257446","10648.950195"
"2196","S_xb多枝枯树003_002.Mesh","speedtree.json","Data\source\maps_source\树\S_xb多枝枯树003_002.srt","131499.34375","2501.762939","16501.230468"
"2197","WJ_木箱004_002.Mesh","npc.json","data\source\maps_source\小物件\木箱\wj_木箱004_002_hd.mesh","120850.960937","1889.28833","18034.007812"
"2198","ST_mj戈壁碎石003_005.Mesh","npc.json","data\source\maps_source\门派\明教\st_mj戈壁碎石003_005_hd.mesh","114149.078125","1744.961669","4833.989746"
"2199","q_mj光明顶吊桥001_005_HD","npc.json","data\source\maps_source\门派\明教\q_mj光明顶吊桥001_005_hd.mesh","136778.140625","4317.209472","8001.918945"
"2200","ST_xb龙门荒漠石001_011.Mesh","npc.json","data\source\maps_source\石头\st_xb龙门荒漠石001_011_hd.mesh","147289.8125","-959.203979","48792.894531"
"2201","WJ_xy火把001_001_HD","npc.json","data\source\maps_source\交互表现\协议动画\wj_xy火把001_001_hd.mesh","142629.5","1872.8125","15041.65625"
"2202","st_mj戈壁碎石003_003_HD","npc.json","data\source\maps_source\门派\明教\st_mj戈壁碎石003_003_hd.mesh","132953.078125","8305.930664","3014.760253"
"2203","WJ_物什箱016.Mesh","npc.json","data\source\maps_source\小物件\木箱\wj_物什箱016_hd.mesh","104448.695312","1219.370483","47570.457031"
"2204","WD_加沙破石塔001_HD","npc.json","data\source\maps_source\门派\五毒\wd_加沙破石塔001_hd.mesh","139565.15625","900.003051","27002.871093"
"2205","st_xb龙门荒漠石001_010_HD","npc.json","data\source\maps_source\石头\st_xb龙门荒漠石001_010_hd.mesh","141474.34375","976.694091","29936.390625"
"2206","S_xb多枝枯树003_001.Mesh","speedtree.json","Data\source\maps_source\树\S_xb多枝枯树003_001.srt","114262.585937","1270.072753","10890.21289"
"2207","wj_圆木桶堆001.Mesh","npc.json","data\source\maps_source\小物件\木箱\wj_圆木桶堆001_hd.mesh","134440.203125","2036.985595","11322.606445"
"2208","XWJ_火盆002_001_HD","npc.json","data\source\maps_source\小物件\灯\xwj_火盆002_001_hd.mesh","143860.84375","2248.851562","19178.75"
"2209","S_xb多枝枯树003_001.Mesh","speedtree.json","Data\source\maps_source\树\S_xb多枝枯树003_001.srt","136750.484375","2843.893554","9606.203125"
"2210","Data\source\maps_source\建筑室内\JZ_xb玉门关建筑002_005酒店001.pvs","npc.json","data\source\maps_source\建筑室内\jz_xb玉门关建筑002_005sn_hd.mesh","151822.15625","6417.317382","22191.4375"
"2211","JZ_xb楼兰哨台001_006.Mesh","npc.json","data\source\maps_source\建筑\jz_xb楼兰哨台001_006_hd.mesh","125780.046875","1660.406982","10091.541015"
"2212","ST_mj石头003_001_HD","npc.json","data\source\maps_source\门派\明教\st_mj石头003_001_hd.mesh","136659.859375","2259.310302","17563.230468"
"2213","wj_木围墙007_001.Mesh","npc.json","data\source\maps_source\小物件\栏杆\wj_木围墙007_003_hd.mesh","117792.8125","1411.179443","12368.817382"
"2214","CQ_玉门关城墙001_007.Mesh","npc.json","data\source\maps_source\城墙\cq_玉门关城墙001_007_hd.mesh","144166.921875","2233.358886","19670.785156"
"2215","XWJ_火盆002_001_HD","npc.json","data\source\maps_source\小物件\灯\xwj_火盆002_001_hd.mesh","114058.304687","1229.992187","13825.9375"
"2216","wj_bd矿洞支架001_004_HD","npc.json","data\source\maps_source\门派\霸刀\wj_bd矿洞支架001_004_hd.mesh","108202.96875","978.963623","8123.966796"
"2217","WJ_木箱004_001.Mesh","npc.json","data\source\maps_source\小物件\木箱\wj_木箱004_001_hd.mesh","139642.765625","1526.208496","11479.875976"
"2218","WD_加沙祝融神殿废墟004_005_HD","npc.json","data\source\maps_source\门派\五毒\wd_加沙祝融神殿废墟004_005_hd.mesh","140706.109375","143.756164","30385.835937"
"2219","wj_木围墙007_001.Mesh","npc.json","data\source\maps_source\小物件\栏杆\wj_木围墙007_003_hd.mesh","107781.304687","921.774291","12749.999023"
"2220","JZ_xb玉门关建筑001_003_HD","npc.json","data\source\maps_source\建筑\jz_xb玉门关建筑001_003_hd.mesh","141572.546875","1627.060791","10851.623046"
"2221","st_mj戈壁碎石003_003_HD","npc.json","data\source\maps_source\门派\明教\st_mj戈壁碎石003_003_hd.mesh","125477.890625","2693.164062","19178.33789"
"2222","st_mj戈壁碎石003_003_HD","npc.json","data\source\maps_source\门派\明教\st_mj戈壁碎石003_003_hd.mesh","137921.78125","2235.365722","10549.536132"
"2223","st_mj戈壁碎石003_003_HD","npc.json","data\source\maps_source\门派\明教\st_mj戈壁碎石003_003_hd.mesh","150964.609375","476.687988","47984.132812"
"2224","S_西北枯树001_002.Mesh","speedtree.json","Data\source\maps_source\树\S_西北枯树001_002.srt","104150.882812","1168.216308","49520.070312"
"2225","S_西北枯树001_001.Mesh","npc.json","data\source\maps_source\树\s_西北枯树001_001_hd.mesh","151799.859375","1836.682006","45679.976562"
"2226","WJ_破草席001_001.Mesh","npc.json","data\source\maps_source\小物件\生活品\wj_破草席001_001_hd.mesh","150339.46875","1991.808837","40994.527343"
"2227","ST_xb龙门荒漠石001_001.Mesh","npc.json","data\source\maps_source\石头\st_xb龙门荒漠石001_001_hd.mesh","118206.359375","1228.209106","26358.710937"
"2228","JZ_xb楼兰三间房001_002.Mesh","npc.json","data\source\maps_source\建筑\jz_xb楼兰三间房001_002_hd.mesh","147509.46875","6773.022949","31483.339843"
"2229","WJ_灯007A_HD","npc.json","data\source\maps_source\小物件\灯\wj_灯007a_hd.mesh","132794.59375","2022.470092","11398.955078"
"2230","WJ_火堆001_002.Mesh","npc.json","data\source\maps_source\小物件\灯\wj_火堆001_002_hd.mesh","149995.921875","2000.909912","41239.949218"
"2231","XWJ_xb楼兰墓地001_001.Mesh","npc.json","data\source\maps_source\小物件\坟地物件\xwj_xb楼兰墓地001_001_hd.mesh","108628.304687","856.692504","10988.323242"
"2232","wj_木围墙007_003.Mesh","npc.json","data\source\maps_source\小物件\栏杆\wj_木围墙007_003_hd.mesh","120563.554687","2040.344238","16770.234375"
"2233","S_bd崖壁树001_003.Mesh","npc.json","data\source\maps_source\小物件\工地物件\wj_dhg栈道001_001_hd.mesh","149834.453125","5685.058593","14111.160156"
"2234","JZ_军营帐篷001_002.Mesh","npc.json","data\source\maps_source\建筑\jz_军营帐篷001_002_hd.mesh","109970.6875","759.44519","1417.185668"
"2235","ST_mj戈壁碎石003_002.Mesh","npc.json","data\source\maps_source\门派\明教\st_mj戈壁碎石003_002_hd.mesh","108706.171875","1466.17041","3549.308105"
"2236","ST_mj戈壁碎石003_002.Mesh","npc.json","data\source\maps_source\门派\明教\st_mj戈壁碎石003_002_hd.mesh","130729.40625","-697.151977","48371.664062"
"2237","WJ_动物骸骨001_001.Mesh","npc.json","data\source\maps_source\小物件\遗骸\wj_动物骸骨001_001_hd.mesh","118283.882812","1754.568481","16245.15332"
"2238","ST_xb龙门荒漠石001_012.Mesh","npc.json","data\source\maps_source\石头\st_xb龙门荒漠石001_012_hd.mesh","138555.875","289.676391","6675.455078"
"2239","JZ_xb楼兰哨台001_007.Mesh","npc.json","data\source\maps_source\建筑\jz_xb楼兰哨台001_007_hd.mesh","131890.421875","1999.273681","12058.996093"
"2240","st_mj戈壁碎石003_004_HD","npc.json","data\source\maps_source\门派\明教\st_mj戈壁碎石003_004_hd.mesh","146252.265625","2096.074218","42031.007812"
"2241","ST_mj戈壁碎石003_005.Mesh","npc.json","data\source\maps_source\门派\明教\st_mj戈壁碎石003_005_hd.mesh","137195.875","2957.830566","31001.386718"
"2242","ST_mj石头002_001_HD","npc.json","data\source\maps_source\门派\明教\st_mj石头002_001_hd.mesh","139967.703125","759.304931","22546.890625"
"2243","S_xb多枝枯树003_003.Mesh","speedtree.json","Data\source\maps_source\树\S_xb多枝枯树003_003.srt","118846.007812","1413.442993","26113.316406"
"2244","ST_mj石拱001.Mesh","npc.json","data\source\maps_source\门派\明教\st_mj石拱001_hd.mesh","136502.078125","3323.631347","7785.599121"
"2245","S_bd崖壁树001_003.Mesh","npc.json","data\source\maps_source\小物件\工地物件\wj_dhg栈道001_001_hd.mesh","149805.1875","6728.778808","22133.273437"
"2246","ST_mj中层石头001_001_HD","npc.json","data\source\maps_source\门派\明教\st_mj中层石头001_001_hd.mesh","127072.84375","2465.562011","20761.40625"
"2247","WJ_灯007A_HD","npc.json","data\source\maps_source\小物件\灯\wj_灯007a_hd.mesh","136539.75","2863.543701","9965.78125"
"2248","WJ_木箱004_002.Mesh","npc.json","data\source\maps_source\小物件\木箱\wj_木箱004_002_hd.mesh","136022.09375","399.713134","35530.566406"
"2249","ST_xb龙门荒漠石001_001.Mesh","npc.json","data\source\maps_source\石头\st_xb龙门荒漠石001_001_hd.mesh","115292.664062","1638.250976","9234.862304"
"2250","S_bd崖壁树001_003.Mesh","npc.json","data\source\maps_source\小物件\工地物件\wj_dhg栈道001_007_hd.mesh","150519.9375","5322.298339","13869.961914"
"2251","XWJ_xb楼兰墓地001_004.Mesh","npc.json","data\source\maps_source\小物件\坟地物件\xwj_xb楼兰墓地001_004_hd.mesh","104669.203125","1186.799804","48209.21875"
"2252","st_mj戈壁碎石002_002_HD","npc.json","data\source\maps_source\门派\明教\st_mj戈壁碎石002_002_hd.mesh","151861.5625","5639.960449","15339.185546"
"2253","ST_xb龙门荒漠石001_008.Mesh","npc.json","data\source\maps_source\石头\st_xb龙门荒漠石001_008_hd.mesh","105230.453125","1115.686523","49383.101562"
"2254","WJ_mj地板碎块001_001","npc.json","data\source\maps_source\门派\明教\wj_mj地板碎块001_001_hd.mesh","151170.8125","1984.475341","42503.050781"
"2255","st_mj戈壁碎石003_002_HD","npc.json","data\source\maps_source\门派\明教\st_mj戈壁碎石003_002_hd.mesh","133362.90625","2975.874023","17365.910156"
"2256","S_hgb枯树001_005","speedtree.json","data\source\maps_source\树\s_hgb枯树001_005.srt","146646.0625","7719.595703","26132.746093"
"2257","WJ_木桌005_002.Mesh","npc.json","data\source\maps_source\小物件\桌凳\wj_木桌005_002_hd.mesh","136411.375","1717.11621","13515.733398"
"2258","XWJ_火盆002_001_HD","npc.json","data\source\maps_source\小物件\灯\xwj_火盆002_001_hd.mesh","113023.367187","748.304687","1857.125"
"2259","ST_mj石头002_001_HD","npc.json","data\source\maps_source\门派\明教\st_mj石头002_001_hd.mesh","131945.796875","1737.929931","9209.856445"
"2260","S_bd崖壁树001_003.Mesh","npc.json","data\source\maps_source\小物件\工地物件\wj_dhg栈道001_001_hd.mesh","127627.570312","2922.720214","14290.816406"
"2261","JZ_xb楼兰三间房001_001.Mesh","npc.json","data\source\maps_source\建筑\jz_xb楼兰三间房001_001_hd.mesh","150477.21875","1991.839111","40259.261718"
"2262","JZ_hgb地下遗迹001_001sn.Mesh","npc.json","data\source\maps_source\建筑室内\jz_hgb地下遗迹001_001sn_hd.mesh","150925.421875","5884.02246","29540.478515"
"2263","Q_断桥001_002_HD","npc.json","data\source\maps_source\桥\q_断桥001_002_hd.mesh","112303.890625","994.639953","5460.290527"
"2264","ST_mj戈壁碎石003_002.Mesh","npc.json","data\source\maps_source\门派\明教\st_mj戈壁碎石003_002_hd.mesh","119592.84375","-785.537841","43819.519531"
"2265","cq_龙门城墙001_004_HD","npc.json","data\source\maps_source\城墙\cq_龙门城墙001_004_hd.mesh","149863.109375","6703.267578","26992.162109"
"2266","st_mj戈壁碎石003_001_HD","npc.json","data\source\maps_source\门派\明教\st_mj戈壁碎石003_001_hd.mesh","141206.984375","194.901733","31987.509765"
"2267","SD_崖壁狱门fb_001.Mesh","npc.json","data\source\maps_source\山洞\sd_崖壁狱门fb_001_hd.mesh","105460.875","1154.874023","6719.735351"
"2268","cq_龙门城墙001_009_HD","npc.json","data\source\maps_source\城墙\cq_龙门城墙001_009_hd.mesh","147835.546875","7622.768554","27985.849609"
"2269","WJ_木箱004_001.Mesh","npc.json","data\source\maps_source\小物件\木箱\wj_木箱004_001_hd.mesh","121016.320312","1718.393066","20469.617187"
"2270","ST_xb龙门荒漠石001_004.Mesh","npc.json","data\source\maps_source\石头\st_xb龙门荒漠石001_004_hd.mesh","114407.023437","1082.381591","51023.058593"
"2271","WJ_火堆001_001_HD","npc.json","data\source\maps_source\小物件\灯\wj_火堆001_001_hd.mesh","122668.289062","-1080.460937","41737.5"
"2272","wj_bd矿洞支架001_009_HD","npc.json","data\source\maps_source\门派\霸刀\wj_bd矿洞支架001_009_hd.mesh","106973.429687","2955.894287","10626.529296"
"2273","WJ_火堆001_002.Mesh","npc.json","data\source\maps_source\小物件\灯\wj_火堆001_002_hd.mesh","113323.335937","727.899169","456.643218"
"2274","st_mj戈壁碎石001_002_HD","npc.json","data\source\maps_source\门派\明教\st_mj戈壁碎石001_002_hd.mesh","137541.0625","492.039855","30763.351562"
"2275","st_mj戈壁碎石002_002.mesh","npc.json","data\source\maps_source\门派\明教\st_mj戈壁碎石002_002_hd.mesh","115158.765625","2234.040283","9140.55957"
"2276","JZ_xb楼兰哨台001_005.Mesh","npc.json","data\source\maps_source\建筑\jz_xb楼兰哨台001_005_hd.mesh","113216.390625","1416.640625","6829.454101"
"2277","SD_崖壁狱门fb_001.Mesh","npc.json","data\source\maps_source\山洞\sd_崖壁狱门fb_001_hd.mesh","112485.242187","1360.81726","23160.345703"
"2278","WJ_dxc草垛001_003","npc.json","data\source\maps_source\小物件\草垛\wj_dxc草垛001_003_hd.mesh","150739.671875","2008.873046","40800.398437"
"2279","JZ_xb楼兰三间房001_003.Mesh","npc.json","data\source\maps_source\建筑\jz_xb楼兰三间房001_003_hd.mesh","123119.90625","1497.810913","21473.179687"
"2280","XWJ_xb墓地木栏001_002.Mesh","npc.json","data\source\maps_source\小物件\栏杆\xwj_xb墓地木栏001_002_hd.mesh","142830.1875","1565.277099","11980.192382"
"2281","st_xb龙门荒漠石001_003_HD","npc.json","data\source\maps_source\石头\st_xb龙门荒漠石001_003_hd.mesh","140878.21875","1707.843261","28992.867187"
"2282","jz_xb玉门关建筑002_001.mesh","npc.json","data\source\maps_source\建筑\jz_xb玉门关建筑002_001_hd.mesh","139484.609375","1826.087158","9990.387695"
"2283","ST_mj戈壁碎石003_002.Mesh","npc.json","data\source\maps_source\门派\明教\st_mj戈壁碎石003_002_hd.mesh","148895.0625","4647.819824","17619.662109"
"2284","JZ_xb楼兰三间房001_001.Mesh","npc.json","data\source\maps_source\建筑\jz_xb楼兰三间房001_001_hd.mesh","109069.296875","815.802001","1419.83081"
"2285","XWJ_骷髅堆001_004.Mesh","npc.json","data\source\maps_source\小物件\坟地物件\xwj_骷髅堆001_004_hd.mesh","130021.625","865.789794","26711.871093"
"2286","WJ_官货车001.Mesh","npc.json","data\source\maps_source\小物件\车\wj_官货车001_hd.mesh","139879.6875","1535.347778","11473.58789"
"2287","WJ_木箱堆001.Mesh","npc.json","data\source\maps_source\小物件\木箱\wj_木箱堆001_hd.mesh","113767.695312","720.865539","637.84436"
"2288","ST_xb龙门荒漠石001_011.Mesh","npc.json","data\source\maps_source\石头\st_xb龙门荒漠石001_011_hd.mesh","139003.84375","-575.258178","38933.640625"
"2289","WJ_dhg脚手架001_003_HD","npc.json","data\source\maps_source\小物件\工地物件\wj_dhg脚手架001_003_hd.mesh","112989.664062","2611.597656","11569.381835"
"2290","ST_mj石头002_003.Mesh","npc.json","data\source\maps_source\门派\明教\st_mj石头002_003_hd.mesh","119596.234375","1814.096069","17053.300781"
"2291","WJ_官货车001.Mesh","npc.json","data\source\maps_source\小物件\车\wj_官货车001_hd.mesh","110882.15625","761.387329","632.864746"
"2292","st_mj戈壁碎石003_003_HD","npc.json","data\source\maps_source\门派\明教\st_mj戈壁碎石003_003_hd.mesh","152630.421875","7237.782714","34209.726562"
"2293","XWJ_xb墓地木栏001_002.Mesh","npc.json","data\source\maps_source\小物件\栏杆\xwj_xb墓地木栏001_002_hd.mesh","143491.015625","1578.003662","11514.74414"
"2294","S_bd崖壁树001_003.Mesh","npc.json","data\source\maps_source\小物件\工地物件\wj_dhg栈道001_007_hd.mesh","153134.984375","7756.141601","35181.167968"
"2295","S_xb多枝枯树003_007.Mesh","speedtree.json","Data\source\maps_source\树\S_xb多枝枯树003_007.srt","111552.640625","1398.784301","31929.982421"
"2296","PJ_玉门草棚001.Mesh","npc.json","data\source\maps_source\建筑配套\pj_玉门草棚001_hd.mesh","115518.40625","1607.000854","27923.224609"
"2297","cq_龙门城墙001_004_HD","npc.json","data\source\maps_source\城墙\cq_龙门城墙001_004_hd.mesh","150496.375","6982.52539","25154.859375"
"2298","JZ_xb楼兰哨台001_006.Mesh","npc.json","data\source\maps_source\建筑\jz_xb楼兰哨台001_006_hd.mesh","118236.414062","1596.961669","18440.488281"
"2299","st_mj戈壁碎石002_002_HD","npc.json","data\source\maps_source\门派\明教\st_mj戈壁碎石002_002_hd.mesh","126752.40625","3156.397216","19349.939453"
"2300","WJ_木箱004_002.Mesh","npc.json","data\source\maps_source\小物件\木箱\wj_木箱004_002_hd.mesh","134503.5","2920.642333","14677.394531"
"2301","JZ_xb楼兰哨台001_004.Mesh","npc.json","data\source\maps_source\建筑\jz_xb楼兰哨台001_004_hd.mesh","151278.234375","1756.61499","36984.238281"
"2302","ST_xb龙门荒漠石001_002.Mesh","npc.json","data\source\maps_source\石头\st_xb龙门荒漠石001_002_hd.mesh","119047.625","1215.356079","33013.40625"
"2303","ST_mj石拱001.Mesh","npc.json","data\source\maps_source\门派\明教\st_mj石拱001_hd.mesh","144574.65625","-150.350585","24156.515625"
"2304","JZ_mj中型民居001_002_HD","npc.json","data\source\maps_source\门派\明教\jz_mj中型民居001_002_hd.mesh","143611.671875","1857.904418","15168.635742"
"2305","JZ_xb楼兰三间房001_003.Mesh","npc.json","data\source\maps_source\建筑\jz_xb楼兰三间房001_003_hd.mesh","111961.75","751.635864","10399.292968"
"2306","WJ_灯007A_HD","npc.json","data\source\maps_source\小物件\灯\wj_灯007a_hd.mesh","142622.09375","1624.3125","11847.21875"
"2307","S_xb多枝枯树003_005.Mesh","speedtree.json","Data\source\maps_source\树\S_xb多枝枯树003_005.srt","128929.289062","794.424438","38268.292968"
"2308","WD_加沙巨像_001_HD","npc.json","data\source\maps_source\门派\五毒\wd_加沙巨像_001_hd.mesh","138992.0625","-90.73352","37866.238281"
"2309","S_xb多枝枯树003_001.Mesh","speedtree.json","Data\source\maps_source\树\S_xb多枝枯树003_001.srt","118312.0625","1170.454833","25942.416015"
"2310","st_mj戈壁碎石003_005_HD","npc.json","data\source\maps_source\门派\明教\st_mj戈壁碎石003_005_hd.mesh","134249.609375","3405.22705","20451.505859"
"2311","cq_龙门城墙001_004_HD","npc.json","data\source\maps_source\城墙\cq_龙门城墙001_004_hd.mesh","150300.515625","6671.541992","27347.626953"
"2312","wj_木围墙007_001.Mesh","npc.json","data\source\maps_source\小物件\栏杆\wj_木围墙007_001_hd.mesh","120455.726562","1750.042236","19374.054687"
"2313","S_xb多枝枯树003_005.Mesh","speedtree.json","Data\source\maps_source\树\S_xb多枝枯树003_005.srt","114460.25","1134.991821","45913.8125"
"2314","st_mj戈壁碎石003_003_HD","npc.json","data\source\maps_source\门派\明教\st_mj戈壁碎石003_003_hd.mesh","146616.359375","7315.599121","4414.895507"
"2315","st_mj戈壁碎石002_003_HD","npc.json","data\source\maps_source\门派\明教\st_mj戈壁碎石002_003_hd.mesh","108101.164062","723.06958","5454.743164"
"2316","WJ_官货车001.Mesh","npc.json","data\source\maps_source\小物件\车\wj_官货车001_hd.mesh","103139.234375","1220.070068","46833.429687"
"2317","jz_mj古战场001_002_HD","npc.json","data\source\maps_source\建筑\jz_mj古战场001_002_hd.mesh","152341.671875","5717.618164","17086.955078"
"2318","WJ_dhg脚手架001_002_HD","npc.json","data\source\maps_source\小物件\工地物件\wj_dhg脚手架001_002_hd.mesh","113978.21875","4258.367675","12888.71875"
"2319","JZ_mj中型民居001_006_HD","npc.json","data\source\maps_source\门派\明教\jz_mj中型民居001_006_hd.mesh","143457.90625","2361.550292","36988.832031"
"2320","xwj_破石马001_002_HD","npc.json","data\source\maps_source\小物件\雕像\xwj_破石马001_002_hd.mesh","147171.9375","7455.969238","28310.103515"
"2321","st_mj戈壁碎石003_003_HD","npc.json","data\source\maps_source\门派\明教\st_mj戈壁碎石003_003_hd.mesh","152492.203125","6327.749511","34785.144531"
"2322","st_mj戈壁碎石003_002_HD","npc.json","data\source\maps_source\门派\明教\st_mj戈壁碎石003_002_hd.mesh","124964.367187","2980.377929","16998.533203"
"2323","XWJ_xb楼兰墓地001_001.Mesh","npc.json","data\source\maps_source\小物件\坟地物件\xwj_xb楼兰墓地001_001_hd.mesh","109095.984375","2348.788574","5670.689453"
"2324","ST_mj戈壁碎石003_005.Mesh","npc.json","data\source\maps_source\门派\明教\st_mj戈壁碎石003_005_hd.mesh","135020.0625","4405.583496","7293.67041"
"2325","XWJ_坛子002_001.Mesh","npc.json","data\source\maps_source\小物件\坛罐\xwj_坛子002_001_hd.mesh","104541.757812","1193.802612","47808.503906"
"2326","st_mj戈壁碎石002_002.mesh","npc.json","data\source\maps_source\门派\明教\st_mj戈壁碎石002_002_hd.mesh","115062.328125","4486.636718","9054.12207"
"2327","q_mj光明顶吊桥001_002_HD","npc.json","data\source\maps_source\门派\明教\q_mj光明顶吊桥001_002_hd.mesh","137521.203125","430.056152","28993.089843"
"2328","ST_xb龙门荒漠石001_004.Mesh","npc.json","data\source\maps_source\石头\st_xb龙门荒漠石001_004_hd.mesh","119176.1875","1160.260131","23612.039062"
"2329","st_mj中层石头001_003_HD","npc.json","data\source\maps_source\门派\明教\st_mj中层石头001_003_hd.mesh","128283.679687","1519.403076","21326.605468"
"2330","S_xb多枝枯树003_006.Mesh","speedtree.json","Data\source\maps_source\树\S_xb多枝枯树003_006.srt","128992.851562","724.420166","40636.164062"
"2331","XWJ_xb楼兰墓地001_005.Mesh","npc.json","data\source\maps_source\小物件\坟地物件\xwj_xb楼兰墓地001_005_hd.mesh","105465.320312","1229.861206","46519.707031"
"2332","WJ_木箱002.Mesh","npc.json","data\source\maps_source\小物件\木箱\wj_木箱002_hd.mesh","108375.773437","852.283447","12760.59375"
"2333","st_xb龙门荒漠石001_012_HD","npc.json","data\source\maps_source\石头\st_xb龙门荒漠石001_012_hd.mesh","140763.265625","394.083618","29168.43164"
"2334","JZ_xb楼兰哨台001_007.Mesh","npc.json","data\source\maps_source\建筑\jz_xb楼兰哨台001_007_hd.mesh","119542.367187","1137.58789","11948.507812"
"2335","ST_mj石拱001.Mesh","npc.json","data\source\maps_source\门派\明教\st_mj石拱001_hd.mesh","108032.210937","682.244873","4588.483398"
"2336","S_西北枯树001_003.Mesh","speedtree.json","Data\source\maps_source\树\S_西北枯树001_003.srt","119629.046875","1438.453369","20288.755859"
"2337","WJ_工地物件001_011.Mesh","npc.json","data\source\maps_source\小物件\工地物件\wj_工地物件001_011_hd.mesh","150727.859375","1991.839111","39796.625"
"2338","S_bd崖壁树001_003.Mesh","npc.json","data\source\maps_source\小物件\工地物件\wj_dhg栈道001_007_hd.mesh","127778.585937","3318.406982","15039.971679"
"2339","XWJ_xb楼兰墓地001_005.Mesh","npc.json","data\source\maps_source\小物件\坟地物件\xwj_xb楼兰墓地001_005_hd.mesh","135956.234375","407.849121","35257.566406"
"2340","st_mj戈壁碎石002_002_HD","npc.json","data\source\maps_source\门派\明教\st_mj戈壁碎石002_002_hd.mesh","125853.5625","3954.160156","15713.418945"
"2341","JZ_xb楼兰哨台001_004.Mesh","npc.json","data\source\maps_source\建筑\jz_xb楼兰哨台001_004_hd.mesh","147602.140625","5104.845214","22045.523437"
"2342","ST_mj石头002_002.Mesh","npc.json","data\source\maps_source\门派\明教\st_mj石头002_002_hd.mesh","137341.5625","431.540161","34398.054687"
"2343","JZ_xb楼兰哨台001_006.Mesh","npc.json","data\source\maps_source\建筑\jz_xb楼兰哨台001_006_hd.mesh","126182.867187","1622.384643","12755.243164"
"2344","WJ_dhg脚手架001_001_HD","npc.json","data\source\maps_source\小物件\工地物件\wj_dhg脚手架001_001_hd.mesh","112734.914062","1289.116577","9036.832031"
"2345","XWJ_火盆002_001_HD","npc.json","data\source\maps_source\小物件\灯\xwj_火盆002_001_hd.mesh","113535.617187","1195.078125","13816.84375"
"2346","st_mj戈壁碎石002_004_HD","npc.json","data\source\maps_source\门派\明教\st_mj戈壁碎石002_004_hd.mesh","128867.359375","1489.132934","22525.345703"
"2347","WJ_mj篝火001_002.Mesh","npc.json","data\source\maps_source\门派\明教\wj_mj篝火001_002_hd.mesh","129322.3125","1491.360351","44365.910156"
"2348","XWJ_cj木梯001.Mesh","npc.json","data\source\maps_source\小物件\工地物件\xwj_cj木梯001_hd.mesh","106501.609375","1460.776123","13403.730468"
"2349","cq_龙门城墙001_007_HD","npc.json","data\source\maps_source\城墙\cq_龙门城墙001_007_hd.mesh","150317.453125","6608.905273","29140.964843"
"2350","st_mj石拱003_HD","npc.json","data\source\maps_source\门派\明教\st_mj石拱003_hd.mesh","145171.125","2412.35498","37330.542968"
"2351","WJ_木箱004_002.Mesh","npc.json","data\source\maps_source\小物件\木箱\wj_木箱004_002_hd.mesh","133866.515625","2962.976074","14765.20996"
"2352","S_xb多枝枯树003_004.Mesh","speedtree.json","Data\source\maps_source\树\S_xb多枝枯树003_004.srt","128830.953125","794.60144","38563.746093"
"2353","wj_圆木桶001.Mesh","npc.json","data\source\maps_source\小物件\木箱\wj_圆木桶001_hd.mesh","134649.890625","2026.92871","11457.296875"
"2354","JZ_xb楼兰哨台001_004.Mesh","npc.json","data\source\maps_source\建筑\jz_xb楼兰哨台001_004_hd.mesh","109132.351562","715.23236","7119.929199"
"2355","ST_mj石拱001.Mesh","npc.json","data\source\maps_source\门派\明教\st_mj石拱001_hd.mesh","138365.984375","374.074279","34381.117187"
"2356","st_mj戈壁碎石003_002_HD","npc.json","data\source\maps_source\门派\明教\st_mj戈壁碎石003_002_hd.mesh","132112.453125","2466.991455","10648.376953"
"2357","JZ_xb楼兰哨台001_007.Mesh","npc.json","data\source\maps_source\建筑\jz_xb楼兰哨台001_007_hd.mesh","147541.703125","1378.341552","10448.80371"
"2358","st_mj戈壁碎石003_004_HD","npc.json","data\source\maps_source\门派\明教\st_mj戈壁碎石003_004_hd.mesh","132914.34375","5207.676269","20163.576171"
"2359","S_bd崖壁树001_003.Mesh","npc.json","data\source\maps_source\小物件\工地物件\wj_dhg栈道001_001_hd.mesh","148897.890625","6651.176757","31724.273437"
"2360","WJ_武器台001_001.Mesh","npc.json","data\source\maps_source\小物件\生活品\wj_武器台001_001_hd.mesh","110499.21875","758.535888","1035.538085"
"2361","XWJ_xb楼兰墓地001_001.Mesh","npc.json","data\source\maps_source\小物件\坟地物件\xwj_xb楼兰墓地001_001_hd.mesh","111729.351562","801.981994","11899.21875"
"2362","q_mj光明顶吊桥001_005_HD","npc.json","data\source\maps_source\门派\明教\q_mj光明顶吊桥001_005_hd.mesh","137413.046875","4110.606933","8387.560546"
"2363","st_mj戈壁碎石003_002_HD","npc.json","data\source\maps_source\门派\明教\st_mj戈壁碎石003_002_hd.mesh","136607.890625","2060.103027","10716.80664"
"2364","PJ_帐篷001_002.Mesh","npc.json","data\source\maps_source\建筑配套\pj_帐篷001_002_hd.mesh","129178.351562","1539.814453","45079.367187"
"2365","JZ_xb楼兰哨台001_006.Mesh","npc.json","data\source\maps_source\建筑\jz_xb楼兰哨台001_006_hd.mesh","137318.546875","1748.05725","13545.849609"
"2366","wj_木围墙007_003.Mesh","npc.json","data\source\maps_source\小物件\栏杆\wj_木围墙007_001_hd.mesh","121312.023437","1669.035766","20785.011718"
"2367","pj_mj廊柱001_004_HD","npc.json","data\source\maps_source\门派\明教\pj_mj廊柱001_004_hd.mesh","138166.046875","261.846527","30057.685546"
"2368","S_xb多枝枯树003_009.Mesh","speedtree.json","Data\source\maps_source\树\S_xb多枝枯树003_009.srt","136905.140625","498.260284","35089.253906"
"2369","ST_mj戈壁碎石002_004.Mesh","npc.json","data\source\maps_source\门派\明教\st_mj戈壁碎石002_004_hd.mesh","107732.921875","817.101074","13610.210937"
"2370","S_bd崖壁树001_003.Mesh","npc.json","data\source\maps_source\小物件\工地物件\wj_dhg栈道001_007_hd.mesh","151491.421875","7279.274414","34596.136718"
"2371","ST_xb龙门荒漠石001_012.Mesh","npc.json","data\source\maps_source\石头\st_xb龙门荒漠石001_012_hd.mesh","115091.203125","542.737915","45799.183593"
"2372","ST_mj石拱001.Mesh","npc.json","data\source\maps_source\门派\明教\st_mj石拱001_hd.mesh","145732.859375","-1023.299316","28422.714843"
"2373","st_mj中层石头001_002_HD","npc.json","data\source\maps_source\门派\明教\st_mj中层石头001_002_hd.mesh","126700.445312","1205.199218","21571.492187"
"2374","JZ_xb楼兰哨台001_007.Mesh","npc.json","data\source\maps_source\建筑\jz_xb楼兰哨台001_007_hd.mesh","135324.046875","247.766113","37356.8125"
"2375","WD_加沙巨像_001_HD","npc.json","data\source\maps_source\门派\五毒\wd_加沙巨像_001_hd.mesh","139559.59375","900.003051","27013.726562"
"2376","ST_mj石头003_003_HD","npc.json","data\source\maps_source\门派\明教\st_mj石头003_003_hd.mesh","135317.265625","-334.263793","30718.546875"
"2377","JZ_xb楼兰哨台001_003.Mesh","npc.json","data\source\maps_source\建筑\jz_xb楼兰哨台001_003_hd.mesh","149381.328125","1946.635986","39920.179687"
"2378","pj_mj石门001_01_HD","npc.json","data\source\maps_source\门派\明教\pj_mj石门001_01_hd.mesh","109064.507812","838.65332","10641.617187"
"2379","WJ_火堆001_003_HD","npc.json","data\source\maps_source\小物件\灯\wj_火堆001_003_hd.mesh","115913.210937","1601.523437","27989.75"
"2380","st_mj戈壁碎石002_004_HD","npc.json","data\source\maps_source\门派\明教\st_mj戈壁碎石002_004_hd.mesh","105804.710937","1485.449096","16433.076171"
"2381","ST_xb龙门荒漠石001_010.Mesh","npc.json","data\source\maps_source\石头\st_xb龙门荒漠石001_010_hd.mesh","147836.25","2822.098632","8286.850585"
"2382","s_mj树001_003_HD","npc.json","data\source\maps_source\门派\明教\s_mj树001_003_hd.mesh","147701.5","322.991577","46043.75"
"2383","S_bd崖壁树001_003.Mesh","npc.json","data\source\maps_source\小物件\工地物件\wj_dhg栈道001_001_hd.mesh","152097.515625","7580.314941","35082.183593"
"2384","st_mj戈壁碎石002_004_HD","npc.json","data\source\maps_source\门派\明教\st_mj戈壁碎石002_004_hd.mesh","132424.796875","2062.94873","20512.542968"
"2385","JZ_mj中型民居001_004_HD","npc.json","data\source\maps_source\门派\明教\jz_mj中型民居001_004_hd.mesh","150426.390625","6057.226562","14893.270507"
"2386","wj_mj石头门001_HD","npc.json","data\source\maps_source\门派\明教\wj_mj石头门001_hd.mesh","137883.140625","403.98114","34466.476562"
"2387","WD_加沙民居004_003_HD","npc.json","data\source\maps_source\门派\五毒\wd_加沙民居004_003_hd.mesh","141270.59375","900.003051","26553.505859"
"2388","SD_崖壁狱门fb_001.Mesh","npc.json","data\source\maps_source\山洞\sd_崖壁狱门fb_001_hd.mesh","115641.8125","225.724731","6256.544433"
"2389","S_bd崖壁树001_003.Mesh","npc.json","data\source\maps_source\小物件\工地物件\wj_dhg栈道001_007_hd.mesh","149420.390625","6726.650878","32612.609375"
"2390","wj_木围墙007_003.Mesh","npc.json","data\source\maps_source\小物件\栏杆\wj_木围墙007_003_hd.mesh","120891.351562","2032.592773","16213.535156"
"2391","WJ_木箱004_002.Mesh","npc.json","data\source\maps_source\小物件\木箱\wj_木箱004_002_hd.mesh","133953.265625","2959.332275","15476.814453"
"2392","ST_mj戈壁碎石003_002.Mesh","npc.json","data\source\maps_source\门派\明教\st_mj戈壁碎石003_002_hd.mesh","113608.375","1144.663574","33932.847656"
"2393","WJ_木箱004_002.Mesh","npc.json","data\source\maps_source\小物件\木箱\wj_木箱004_002_hd.mesh","135088.171875","2966.418457","14493.499023"
"2394","st_mj中层石头001_002_HD","npc.json","data\source\maps_source\门派\明教\st_mj中层石头001_002_hd.mesh","112393.757812","526.039672","8099.236816"
"2395","S_bd崖壁树001_003.Mesh","npc.json","data\source\maps_source\小物件\工地物件\wj_dhg栈道001_001_hd.mesh","127709.890625","3952.143798","16788.09375"
"2396","WJ_官货车001.Mesh","npc.json","data\source\maps_source\小物件\车\wj_官货车001_hd.mesh","140580.578125","1871.762084","10219.672851"
"2397","st_mj戈壁碎石001_002_HD","npc.json","data\source\maps_source\门派\明教\st_mj戈壁碎石001_002_hd.mesh","140974.640625","864.713378","27142.333984"
"2398","st_mj戈壁碎石003_002_HD","npc.json","data\source\maps_source\门派\明教\st_mj戈壁碎石003_002_hd.mesh","133784.046875","2242.850097","13533.922851"
"2399","SD_崖壁狱门fb_001.Mesh","npc.json","data\source\maps_source\山洞\sd_崖壁狱门fb_001_hd.mesh","120109.976562","1386.807617","7921.006835"
"2400","WJ_木箱004_001.Mesh","npc.json","data\source\maps_source\小物件\木箱\wj_木箱004_001_hd.mesh","133816.453125","2959.472656","15286.223632"
"2401","JZ_xb玉门关建筑001_004.Mesh","npc.json","data\source\maps_source\建筑\jz_xb玉门关建筑001_004_hd.mesh","153112.515625","1991.839111","43279.996093"
"2402","jz_xb玉门关建筑002_001.mesh","npc.json","data\source\maps_source\建筑\jz_xb玉门关建筑002_001_hd.mesh","122625.179687","1695.448608","20172.02539"
"2403","ST_xb龙门荒漠石001_005.Mesh","npc.json","data\source\maps_source\石头\st_xb龙门荒漠石001_005_hd.mesh","113063.96875","1046.320068","44121.578125"
"2404","jz_mj牌坊003_HD","npc.json","data\source\maps_source\门派\明教\jz_mj牌坊003_hd.mesh","150478.734375","6441.444335","18410.164062"
"2405","S_bd崖壁树001_003.Mesh","npc.json","data\source\maps_source\小物件\工地物件\wj_dhg栈道001_007_hd.mesh","151384.59375","4810.84082","13700.59082"
"2406","ST_mj底层石头001_002_HD","npc.json","data\source\maps_source\门派\明教\st_mj底层石头001_002_hd.mesh","142414.28125","1307.048217","34376.800781"
"2407","ST_mj戈壁碎石003_005.Mesh","npc.json","data\source\maps_source\门派\明教\st_mj戈壁碎石003_005_hd.mesh","139774.828125","1003.109252","23313.238281"
"2408","WJ_火堆001_003_HD","npc.json","data\source\maps_source\小物件\灯\wj_火堆001_003_hd.mesh","134068.78125","2948.0","14971.0625"
"2409","JZ_xb楼兰哨台001_005.Mesh","npc.json","data\source\maps_source\建筑\jz_xb楼兰哨台001_005_hd.mesh","133209.21875","5475.864746","18093.548828"
"2410","ST_mj戈壁碎石003_002.Mesh","npc.json","data\source\maps_source\门派\明教\st_mj戈壁碎石003_002_hd.mesh","121724.460937","-880.963012","47730.007812"
"2411","WJ_木箱004_002.Mesh","npc.json","data\source\maps_source\小物件\木箱\wj_木箱004_002_hd.mesh","140046.09375","1554.904663","11629.098632"
"2412","st_xb龙门荒漠石001_011_HD","npc.json","data\source\maps_source\石头\st_xb龙门荒漠石001_011_hd.mesh","141378.234375","196.209716","30017.988281"
"2413","WJ_火堆001_001_HD","npc.json","data\source\maps_source\小物件\灯\wj_火堆001_001_hd.mesh","151075.75","963.85791","10422.59375"
"2414","S_bd崖壁树001_003.Mesh","npc.json","data\source\maps_source\小物件\工地物件\wj_dhg栈道001_001_hd.mesh","149803.109375","4207.665527","13653.634765"
"2415","ST_mj底层石头001_001_HD","npc.json","data\source\maps_source\门派\明教\st_mj底层石头001_001_hd.mesh","139952.390625","-164.089965","35462.382812"
"2416","JZ_xb玉门关建筑001_004.Mesh","npc.json","data\source\maps_source\建筑\jz_xb玉门关建筑001_004_hd.mesh","151017.296875","965.19104","9532.923828"
"2417","S_xb多枝枯树003_007.Mesh","speedtree.json","Data\source\maps_source\树\S_xb多枝枯树003_007.srt","116396.835937","1556.707153","29953.453125"
"2418","WJ_官货车001.Mesh","npc.json","data\source\maps_source\小物件\车\wj_官货车001_hd.mesh","113153.6875","758.248901","2904.412841"
"2419","JZ_mj中型民居001_001_HD","npc.json","data\source\maps_source\门派\明教\jz_mj中型民居001_001_hd.mesh","145305.109375","6343.722656","29629.443359"
"2420","st_mj戈壁碎石003_002_HD","npc.json","data\source\maps_source\门派\明教\st_mj戈壁碎石003_002_hd.mesh","139818.328125","1823.336425","34173.101562"
"2421","ST_mj戈壁碎石003_002.Mesh","npc.json","data\source\maps_source\门派\明教\st_mj戈壁碎石003_002_hd.mesh","116941.859375","2110.166015","23809.539062"
"2422","st_mj戈壁碎石003_002_HD","npc.json","data\source\maps_source\门派\明教\st_mj戈壁碎石003_002_hd.mesh","113499.453125","1554.310424","12061.36621"
"2423","ST_xb龙门荒漠石001_011.Mesh","npc.json","data\source\maps_source\石头\st_xb龙门荒漠石001_011_hd.mesh","129706.84375","1501.058959","44119.894531"
"2424","st_mj戈壁碎石001_003_HD","npc.json","data\source\maps_source\门派\明教\st_mj戈壁碎石001_003_hd.mesh","127793.875","823.61145","27379.550781"
"2425","JZ_xb玉门关建筑002_006.Mesh","npc.json","data\source\maps_source\建筑\jz_xb玉门关建筑002_006_hd.mesh","133878.5","2029.258544","10840.453125"
"2426","ST_xb龙门荒漠石001_012.Mesh","npc.json","data\source\maps_source\石头\st_xb龙门荒漠石001_012_hd.mesh","115917.9375","3155.874511","1002.406494"
"2427","wj_木围墙007_003.Mesh","npc.json","data\source\maps_source\小物件\栏杆\wj_木围墙007_003_hd.mesh","121165.023437","1703.982421","20222.46875"
"2428","WJ_mj地板碎块001_002","npc.json","data\source\maps_source\门派\明教\wj_mj地板碎块001_002_hd.mesh","150403.46875","2001.878662","42380.261718"
"2429","Data\source\maps_source\建筑室内\JZ_xb玉门关建筑002_005酒店001.pvs","npc.json","data\source\maps_source\建筑室内\jz_xb玉门关建筑002_005sw_hd.mesh","151822.15625","6417.317382","22191.4375"
"2430","JZ_xb楼兰哨台001_006.Mesh","npc.json","data\source\maps_source\建筑\jz_xb楼兰哨台001_006_hd.mesh","113582.898437","752.505493","2527.758056"
"2431","WJ_火堆001_002.Mesh","npc.json","data\source\maps_source\小物件\灯\wj_火堆001_002_hd.mesh","110814.835937","764.84375","1215.034057"
"2432","st_mj戈壁碎石003_003_HD","npc.json","data\source\maps_source\门派\明教\st_mj戈壁碎石003_003_hd.mesh","127135.671875","210.039062","47611.492187"
"2433","JZ_xb玉门关建筑001_001.Mesh","npc.json","data\source\maps_source\建筑\jz_xb玉门关建筑001_001_hd.mesh","122768.835937","5325.287597","7970.096679"
"2434","XWJ_xb楼兰墓地001_001.Mesh","npc.json","data\source\maps_source\小物件\坟地物件\xwj_xb楼兰墓地001_001_hd.mesh","113133.296875","1316.672119","38741.632812"
"2435","ST_xb龙门荒漠石001_012.Mesh","npc.json","data\source\maps_source\石头\st_xb龙门荒漠石001_012_hd.mesh","129121.460937","2400.021484","3968.535156"
"2436","WD_加沙破石塔001_HD","npc.json","data\source\maps_source\门派\五毒\wd_加沙破石塔001_hd.mesh","136583.96875","1452.051269","28626.884765"
"2437","st_sczl龙门荒漠石001_008_HD","npc.json","data\source\maps_source\石头\st_sczl龙门荒漠石001_008_hd.mesh","107962.414062","914.624145","309.617004"
"2438","WJ_dhg脚手架001_001_HD","npc.json","data\source\maps_source\小物件\工地物件\wj_dhg脚手架001_001_hd.mesh","109554.289062","2504.328857","5273.561523"
"2439","WJ_木箱004_001.Mesh","npc.json","data\source\maps_source\小物件\木箱\wj_木箱004_001_hd.mesh","135903.40625","386.657714","35530.566406"
"2440","WJ_dhg脚手架001_001_HD","npc.json","data\source\maps_source\小物件\工地物件\wj_dhg脚手架001_001_hd.mesh","108977.203125","889.265625","8100.774902"
"2441","S_xb多枝枯树003_008.Mesh","speedtree.json","Data\source\maps_source\树\S_xb多枝枯树003_008.srt","105421.085937","1300.026367","34750.902343"
"2442","cq_龙门城墙001_003_HD","npc.json","data\source\maps_source\城墙\cq_龙门城墙001_003_hd.mesh","150397.125","6953.229003","24553.154296"
"2443","ST_mj戈壁碎石003_002.Mesh","npc.json","data\source\maps_source\门派\明教\st_mj戈壁碎石003_002_hd.mesh","140742.0625","992.442382","39472.847656"
"2444","WJ_动物骸骨001_003.Mesh","npc.json","data\source\maps_source\小物件\遗骸\wj_动物骸骨001_003_hd.mesh","127698.921875","682.885742","29875.347656"
"2445","XWJ_骷髅堆001_003.Mesh","npc.json","data\source\maps_source\小物件\坟地物件\xwj_骷髅堆001_003_hd.mesh","109301.882812","2205.032226","5777.474609"
"2446","cq_龙门城墙001_003_HD","npc.json","data\source\maps_source\城墙\cq_龙门城墙001_003_hd.mesh","153091.578125","6238.782226","28835.25"
"2447","st_mj光明顶001_005_HD","npc.json","data\source\maps_source\门派\明教\st_mj光明顶001_005_hd.mesh","143604.3125","-1642.436035","16598.734375"
"2448","ST_mj戈壁碎石003_002.Mesh","npc.json","data\source\maps_source\门派\明教\st_mj戈壁碎石003_002_hd.mesh","123798.375","3497.230468","7702.110351"
"2449","WJ_mj地板碎块001_001","npc.json","data\source\maps_source\门派\明教\wj_mj地板碎块001_001_hd.mesh","149689.65625","1986.904541","43177.117187"
"2450","ST_mj戈壁碎石001_004_HD","npc.json","data\source\maps_source\门派\明教\st_mj戈壁碎石001_004_hd.mesh","127442.601562","1132.690429","24709.255859"
"2451","S_xb多枝枯树003_009.Mesh","speedtree.json","Data\source\maps_source\树\S_xb多枝枯树003_009.srt","105228.445312","1170.044799","47833.738281"
"2452","WD_加沙祝融神殿废墟001_002_HD","npc.json","data\source\maps_source\门派\五毒\wd_加沙祝融神殿废墟001_002_hd.mesh","139949.609375","897.531127","25408.328125"
"2453","wj_bd矿洞支架001_005_HD","npc.json","data\source\maps_source\门派\霸刀\wj_bd矿洞支架001_005_hd.mesh","114858.023437","1442.319824","12973.141601"
"2454","PJ_玉门草棚001","npc.json","data\source\maps_source\建筑配套\pj_玉门草棚001_hd.mesh","150462.109375","2004.547119","40654.082031"
"2455","wj_木围墙007_001.Mesh","npc.json","data\source\maps_source\小物件\栏杆\wj_木围墙007_001_hd.mesh","116802.375","1464.944458","12877.881835"
"2456","pj_mj廊柱001_005_HD","npc.json","data\source\maps_source\门派\明教\pj_mj廊柱001_005_hd.mesh","140019.609375","236.408996","31536.003906"
"2457","ST_mj石头002_002_HD","npc.json","data\source\maps_source\门派\明教\st_mj石头002_002_hd.mesh","141856.390625","-263.889373","28494.193359"
"2458","JZ_xb玉门关建筑002_006.Mesh","npc.json","data\source\maps_source\建筑\jz_xb玉门关建筑002_006_hd.mesh","134731.34375","2957.803222","15236.05371"
"2459","XWJ_xb楼兰墓地001_001.Mesh","npc.json","data\source\maps_source\小物件\坟地物件\xwj_xb楼兰墓地001_001_hd.mesh","107212.710937","1029.607055","12316.138671"
"2460","JZ_mj中型民居001_002_HD","npc.json","data\source\maps_source\门派\明教\jz_mj中型民居001_002_hd.mesh","149210.03125","6433.91748","20253.701171"
"2461","JZ_xb楼兰三间房001_002.Mesh","npc.json","data\source\maps_source\建筑\jz_xb楼兰三间房001_002_hd.mesh","120411.960937","1726.186401","18157.179687"
"2462","WJ_官货车001.Mesh","npc.json","data\source\maps_source\小物件\车\wj_官货车001_hd.mesh","103743.203125","1190.652832","47289.578125"
"2463","XWJ_火盆002_001_HD","npc.json","data\source\maps_source\小物件\灯\xwj_火盆002_001_hd.mesh","151374.59375","6415.0625","21046.78125"
"2464","st_mj戈壁碎石002_002_HD","npc.json","data\source\maps_source\门派\明教\st_mj戈壁碎石002_002_hd.mesh","126627.632812","7299.80371","3000.216308"
"2465","WJ_动物遗骨001_004.Mesh","npc.json","data\source\maps_source\小物件\遗骸\wj_动物遗骨001_004_hd.mesh","117058.851562","1471.600341","12625.05371"
"2466","st_mj戈壁碎石002_002_HD","npc.json","data\source\maps_source\门派\明教\st_mj戈壁碎石002_002_hd.mesh","131455.46875","1919.287109","22426.722656"
"2467","st_mj戈壁碎石003_003_HD","npc.json","data\source\maps_source\门派\明教\st_mj戈壁碎石003_003_hd.mesh","143681.28125","5797.811035","7179.5083"
"2468","JZ_xb楼兰三间房001_003.Mesh","npc.json","data\source\maps_source\建筑\jz_xb楼兰三间房001_003_hd.mesh","122206.921875","1797.5354","17242.710937"
"2469","wj_bd矿洞支架001_011_HD","npc.json","data\source\maps_source\门派\霸刀\wj_bd矿洞支架001_011_hd.mesh","109456.359375","1508.861083","6302.243652"
"2470","WJ_mj遮阳棚001_002.Mesh","npc.json","data\source\maps_source\门派\明教\wj_mj遮阳棚001_002_hd.mesh","123047.140625","-1056.407714","41329.492187"
"2471","cq_龙门城墙001_003_HD","npc.json","data\source\maps_source\城墙\cq_龙门城墙001_003_hd.mesh","149229.953125","6749.670898","25563.201171"
"2472","SD_崖壁狱门fb_001.Mesh","npc.json","data\source\maps_source\山洞\sd_崖壁狱门fb_001_hd.mesh","116656.328125","213.206298","10002.30664"
"2473","WJ_动物骸骨001_004.Mesh","npc.json","data\source\maps_source\小物件\遗骸\wj_动物骸骨001_004_hd.mesh","131608.0625","659.524536","28482.607421"
"2474","S_bd崖壁树001_003.Mesh","npc.json","data\source\maps_source\小物件\工地物件\wj_dhg栈道001_001_hd.mesh","127995.34375","3712.068603","15984.220703"
"2475","XWJ_火盆002_001_HD","npc.json","data\source\maps_source\小物件\灯\xwj_火盆002_001_hd.mesh","122220.226562","1692.78125","20654.054687"
"2476","WJ_dhg脚手架001_001_HD","npc.json","data\source\maps_source\小物件\工地物件\wj_dhg脚手架001_001_hd.mesh","112614.21875","1134.778076","6510.027343"
"2477","q_mj光明顶吊桥001_002_HD","npc.json","data\source\maps_source\门派\明教\q_mj光明顶吊桥001_002_hd.mesh","135764.984375","4534.908691","7774.052734"
"2478","WJ_土匪物件001_008.Mesh","npc.json","data\source\maps_source\小物件\武器\wj_土匪物件001_008_hd.mesh","110454.492187","759.332031","1436.598754"
"2479","S_xb多枝枯树003_010.Mesh","speedtree.json","Data\source\maps_source\树\S_xb多枝枯树003_010.srt","116206.289062","1584.921264","29764.785156"
"2480","JZ_hgb地下遗迹001_001sw.Mesh","npc.json","data\source\maps_source\建筑室内\jz_hgb地下遗迹001_001sw_hd.mesh","150986.9375","5884.02246","29540.136718"
"2481","WJ_木箱堆001.Mesh","npc.json","data\source\maps_source\小物件\木箱\wj_木箱堆001_hd.mesh","108142.320312","877.222412","12885.856445"
"2482","JZ_xb楼兰哨台001_006.Mesh","npc.json","data\source\maps_source\建筑\jz_xb楼兰哨台001_006_hd.mesh","112632.46875","1554.019165","18545.878906"
"2483","JZ_mj中型民居001_001_HD","npc.json","data\source\maps_source\门派\明教\jz_mj中型民居001_001_hd.mesh","145924.4375","4060.951416","34078.347656"
"2484","XWJ_破草垛001_002","npc.json","data\source\maps_source\小物件\草垛\xwj_破草垛001_002_hd.mesh","149664.03125","1991.808837","40801.484375"
"2485","st_mj戈壁碎石002_003_HD","npc.json","data\source\maps_source\门派\明教\st_mj戈壁碎石002_003_hd.mesh","133609.890625","304.731079","31911.597656"
"2486","st_mj光明顶001_005_HD","npc.json","data\source\maps_source\门派\明教\st_mj光明顶001_005_hd.mesh","127399.023437","1942.879638","20207.904296"
"2487","st_mj戈壁碎石002_003_HD","npc.json","data\source\maps_source\门派\明教\st_mj戈壁碎石002_003_hd.mesh","128418.1875","2263.956298","19151.480468"
"2488","cq_龙门城墙001_005_HD","npc.json","data\source\maps_source\城墙\cq_龙门城墙001_005_hd.mesh","147984.4375","7073.982421","27631.75"
"2489","S_西北枯树001_001.Mesh","npc.json","data\source\maps_source\树\s_西北枯树001_001_hd.mesh","117524.679687","1173.176879","26945.849609"
"2490","S_xb多枝枯树003_001.Mesh","speedtree.json","Data\source\maps_source\树\S_xb多枝枯树003_001.srt","141651.53125","1708.59375","10723.08496"
"2491","wj_木围墙007_001.Mesh","npc.json","data\source\maps_source\小物件\栏杆\wj_木围墙007_001_hd.mesh","107047.804687","1076.052856","13587.909179"
"2492","st_mj戈壁碎石002_002_HD","npc.json","data\source\maps_source\门派\明教\st_mj戈壁碎石002_002_hd.mesh","146787.21875","3908.118164","21215.93164"
"2493","ST_xb龙门荒漠石001_002.Mesh","npc.json","data\source\maps_source\石头\st_xb龙门荒漠石001_002_hd.mesh","114396.507812","1351.611328","49834.808593"
"2494","WJ_木车002.Mesh","npc.json","data\source\maps_source\小物件\车\wj_木车002_hd.mesh","136006.421875","1725.771606","13343.113281"
"2495","wj_bd矿洞支架001_005_HD","npc.json","data\source\maps_source\门派\霸刀\wj_bd矿洞支架001_005_hd.mesh","107543.1875","1456.537109","9464.738281"
"2496","WJ_dhg脚手架001_002_HD","npc.json","data\source\maps_source\小物件\工地物件\wj_dhg脚手架001_002_hd.mesh","113255.03125","3916.876953","11439.390625"
"2497","S_xb多枝枯树003_001.Mesh","speedtree.json","Data\source\maps_source\树\S_xb多枝枯树003_001.srt","133028.8125","268.832397","40278.328125"
"2498","ST_xb龙门荒漠石001_002.Mesh","npc.json","data\source\maps_source\石头\st_xb龙门荒漠石001_002_hd.mesh","103652.242187","1082.405395","48637.03125"
"2499","ST_mj石头002_003_HD","npc.json","data\source\maps_source\门派\明教\st_mj石头002_003_hd.mesh","135986.53125","291.510009","33548.542968"
"2500","wj_木围墙007_001.Mesh","npc.json","data\source\maps_source\小物件\栏杆\wj_木围墙007_003_hd.mesh","118314.84375","1693.91101","15487.594726"
"2501","ST_xb龙门荒漠石001_012.Mesh","npc.json","data\source\maps_source\石头\st_xb龙门荒漠石001_012_hd.mesh","140978.21875","4139.169433","28057.074218"
"2502","WJ_火堆001_001_HD","npc.json","data\source\maps_source\小物件\灯\wj_火堆001_001_hd.mesh","123190.929687","1391.9375","23047.34375"
"2503","st_mj戈壁碎石003_003_HD","npc.json","data\source\maps_source\门派\明教\st_mj戈壁碎石003_003_hd.mesh","145957.609375","2971.663574","9278.18457"
"2504","st_mj戈壁碎石003_003_HD","npc.json","data\source\maps_source\门派\明教\st_mj戈壁碎石003_003_hd.mesh","130263.484375","6454.92871","9118.871093"
"2505","JZ_xb楼兰哨台001_004.Mesh","npc.json","data\source\maps_source\建筑\jz_xb楼兰哨台001_004_hd.mesh","106105.59375","1252.141845","12961.853515"
"2506","XWJ_xb楼兰墓地001_005.Mesh","npc.json","data\source\maps_source\小物件\坟地物件\xwj_xb楼兰墓地001_005_hd.mesh","134645.046875","280.761718","35438.933593"
"2507","WJ_动物骸骨001_006.Mesh","npc.json","data\source\maps_source\小物件\遗骸\wj_动物骸骨001_006_hd.mesh","131637.609375","704.797363","28138.919921"
"2508","WJ_木箱004_001.Mesh","npc.json","data\source\maps_source\小物件\木箱\wj_木箱004_001_hd.mesh","121048.828125","1704.281738","20614.134765"
"2509","q_mj光明顶吊桥001_005_HD","npc.json","data\source\maps_source\门派\明教\q_mj光明顶吊桥001_005_hd.mesh","138036.75","3912.163574","8665.764648"
"2510","WJ_xy火把001_001_HD","npc.json","data\source\maps_source\交互表现\协议动画\wj_xy火把001_001_hd.mesh","142375.59375","1897.84375","15359.1875"
"2511","ST_mj石拱001_HD","npc.json","data\source\maps_source\门派\明教\st_mj石拱001_hd.mesh","138736.921875","1651.179077","14563.675781"
"2512","ST_mj戈壁碎石003_002.Mesh","npc.json","data\source\maps_source\门派\明教\st_mj戈壁碎石003_002_hd.mesh","153551.40625","5841.498535","15887.257812"
"2513","JZ_xb玉门关建筑001_004.Mesh","npc.json","data\source\maps_source\建筑\jz_xb玉门关建筑001_004_hd.mesh","125394.109375","4019.129882","18896.535156"
"2514","WJ_木车002.Mesh","npc.json","data\source\maps_source\小物件\车\wj_木车002_hd.mesh","104502.851562","1249.06372","46694.5"
"2515","WJ_动物骸骨001_001.Mesh","npc.json","data\source\maps_source\小物件\遗骸\wj_动物骸骨001_001_hd.mesh","130560.117187","856.878662","26826.453125"
"2516","S_bd崖壁树001_003.Mesh","npc.json","data\source\maps_source\小物件\工地物件\wj_dhg栈道001_001_hd.mesh","153205.953125","3938.848876","13463.125976"
"2517","XWJ_火盆002_001_HD","npc.json","data\source\maps_source\小物件\灯\xwj_火盆002_001_hd.mesh","144274.09375","2264.398437","19077.84375"
"2518","CQ_龙门城墙001_002.Mesh","npc.json","data\source\maps_source\城墙\cq_龙门城墙001_002_hd.mesh","149860.59375","2008.56958","40285.386718"
"2519","WJ_mj雕像002_HD","npc.json","data\source\maps_source\副本室内\光明顶密道\wj_mj雕像002_hd.mesh","141562.765625","1384.857421","25665.728515"
"2520","JZ_mj中型民居001_005_HD","npc.json","data\source\maps_source\门派\明教\jz_mj中型民居001_005_hd.mesh","141181.0625","-331.958007","46615.269531"
"2521","q_mj光明顶吊桥001_005_HD","npc.json","data\source\maps_source\门派\明教\q_mj光明顶吊桥001_005_hd.mesh","138712.859375","3694.161376","8734.163085"
"2522","wj_木围墙007_003.Mesh","npc.json","data\source\maps_source\小物件\栏杆\wj_木围墙007_003_hd.mesh","120926.742187","1894.440551","17795.314453"
"2523","WJ_mj遮阳棚001_002.Mesh","npc.json","data\source\maps_source\门派\明教\wj_mj遮阳棚001_002_hd.mesh","140204.140625","-249.931152","51042.558593"
"2524","S_xb多枝枯树003_006.Mesh","speedtree.json","Data\source\maps_source\树\S_xb多枝枯树003_006.srt","118557.09375","1335.220336","11674.713867"
"2525","JZ_xb楼兰三间房001_002.Mesh","npc.json","data\source\maps_source\建筑\jz_xb楼兰三间房001_002_hd.mesh","121436.789062","1348.157958","21584.046875"
"2526","st_mj戈壁碎石003_003_HD","npc.json","data\source\maps_source\门派\明教\st_mj戈壁碎石003_003_hd.mesh","147868.5625","3066.864013","35755.011718"
"2527","SD_崖壁狱门fb_001.Mesh","npc.json","data\source\maps_source\山洞\sd_崖壁狱门fb_001_hd.mesh","114360.960937","1598.753173","35430.894531"
"2528","WJ_mj地板碎块001_003","npc.json","data\source\maps_source\门派\明教\wj_mj地板碎块001_003_hd.mesh","150052.84375","1995.11975","42762.324218"
"2529","WJ_动物骸骨001_005.Mesh","npc.json","data\source\maps_source\小物件\遗骸\wj_动物骸骨001_005_hd.mesh","119634.960937","1260.275268","32157.08789"
"2530","ST_mj底层石头001_001_HD","npc.json","data\source\maps_source\门派\明教\st_mj底层石头001_001_hd.mesh","129874.84375","1770.362792","11007.199218"
"2531","XWJ_xb墓地木栏001_002.Mesh","npc.json","data\source\maps_source\小物件\栏杆\xwj_xb墓地木栏001_002_hd.mesh","140202.859375","1751.849365","10569.932617"
"2532","xwj_破石马001_001_HD","npc.json","data\source\maps_source\小物件\雕像\xwj_破石马001_001_hd.mesh","146564.71875","7703.329101","26770.089843"
"2533","JZ_xb楼兰哨台001_005.Mesh","npc.json","data\source\maps_source\建筑\jz_xb楼兰哨台001_005_hd.mesh","110190.15625","867.487792","6672.79541"
"2534","st_mj戈壁碎石003_002_HD","npc.json","data\source\maps_source\门派\明教\st_mj戈壁碎石003_002_hd.mesh","141736.75","6795.722656","90635.40625"
"2535","ST_xb龙门荒漠石001_011.Mesh","npc.json","data\source\maps_source\石头\st_xb龙门荒漠石001_011_hd.mesh","140241.484375","6231.09375","94072.109375"
"2536","WJ_破木板002_001.Mesh","npc.json","data\source\maps_source\小物件\木箱\wj_破木板002_001_hd.mesh","123068.648437","-1127.090454","62956.53125"
"2537","st_mj戈壁碎石003_002_HD","npc.json","data\source\maps_source\门派\明教\st_mj戈壁碎石003_002_hd.mesh","112289.585937","2333.507812","95900.304687"
"2538","ST_mj石头002_002_HD","npc.json","data\source\maps_source\门派\明教\st_mj石头002_002_hd.mesh","120456.851562","2694.238281","91455.179687"
"2539","ST_xb龙门荒漠石001_012.Mesh","npc.json","data\source\maps_source\石头\st_xb龙门荒漠石001_012_hd.mesh","140198.265625","1974.14331","70063.796875"
"2540","ST_mj戈壁碎石003_002.Mesh","npc.json","data\source\maps_source\门派\明教\st_mj戈壁碎石003_002_hd.mesh","119225.609375","6295.099609","93565.429687"
"2541","ST_mj戈壁碎石003_002.Mesh","npc.json","data\source\maps_source\门派\明教\st_mj戈壁碎石003_002_hd.mesh","123475.875","8127.159179","90433.851562"
"2542","ST_xb龙门荒漠石001_003.Mesh","npc.json","data\source\maps_source\石头\st_xb龙门荒漠石001_003_hd.mesh","121882.453125","6779.885742","95171.15625"
"2543","WD_加沙巨像_001_HD","npc.json","data\source\maps_source\门派\五毒\wd_加沙巨像_001_hd.mesh","147194.03125","-268.377868","55998.601562"
"2544","WJ_动物骸骨001_002.Mesh","npc.json","data\source\maps_source\小物件\遗骸\wj_动物骸骨001_002_hd.mesh","103122.25","810.116394","86159.546875"
"2545","ST_mj石头002_001_HD","npc.json","data\source\maps_source\门派\明教\st_mj石头002_001_hd.mesh","153424.625","2723.098144","79548.96875"
"2546","ST_xb龙门荒漠石001_012.Mesh","npc.json","data\source\maps_source\石头\st_xb龙门荒漠石001_012_hd.mesh","142608.234375","-502.180664","79612.453125"
"2547","xwj_火盆001_002_hd","npc.json","data\source\maps_source\小物件\灯\xwj_火盆001_002_hd.mesh","112461.148437","1625.171875","88379.632812"
"2548","st_mj光明顶001_005_HD","npc.json","data\source\maps_source\门派\明教\st_mj光明顶001_005_hd.mesh","118263.625","12.87207","91801.796875"
"2549","st_mj戈壁碎石003_003_HD","npc.json","data\source\maps_source\门派\明教\st_mj戈壁碎石003_003_hd.mesh","133182.5","203.863525","68100.140625"
"2550","S_xb多枝枯树003_004.Mesh","speedtree.json","Data\source\maps_source\树\S_xb多枝枯树003_004.srt","131012.59375","-539.980957","63562.875"
"2551","ST_xb龙门荒漠石001_001.Mesh","npc.json","data\source\maps_source\石头\st_xb龙门荒漠石001_001_hd.mesh","140741.1875","6855.205078","92202.882812"
"2552","ST_xb龙门荒漠石001_001.Mesh","npc.json","data\source\maps_source\石头\st_xb龙门荒漠石001_001_hd.mesh","127954.59375","976.337036","61479.9375"
"2553","ST_mj戈壁碎石003_002.Mesh","npc.json","data\source\maps_source\门派\明教\st_mj戈壁碎石003_002_hd.mesh","117623.414062","3784.574218","85795.226562"
"2554","HYJ_红衣教圣火柱001.Mesh","npc.json","data\source\maps_source\门派\红衣教\hyj_红衣教圣火柱001_hd.mesh","130384.65625","6726.287109","95819.46875"
"2555","ST_mj戈壁碎石003_002.Mesh","npc.json","data\source\maps_source\门派\明教\st_mj戈壁碎石003_002_hd.mesh","127425.679687","-636.40393","66273.835937"
"2556","WJ_动物骸骨001_004.Mesh","npc.json","data\source\maps_source\小物件\遗骸\wj_动物骸骨001_004_hd.mesh","111300.679687","1374.248168","80962.382812"
"2557","ST_mj石头002_002_HD","npc.json","data\source\maps_source\门派\明教\st_mj石头002_002_hd.mesh","116310.945312","-866.915039","85338.820312"
"2558","st_mj戈壁碎石003_003_HD","npc.json","data\source\maps_source\门派\明教\st_mj戈壁碎石003_003_hd.mesh","147308.765625","2034.085083","61502.976562"
"2559","S_xb多枝枯树003_010.Mesh","speedtree.json","Data\source\maps_source\树\S_xb多枝枯树003_010.srt","115970.132812","1117.301025","73750.0"
"2560","WJ_动物骸骨001_005.Mesh","npc.json","data\source\maps_source\小物件\遗骸\wj_动物骸骨001_005_hd.mesh","122958.742187","-1109.766601","62544.019531"
"2561","WJ_火堆001_005_HD","npc.json","data\source\maps_source\小物件\灯\wj_火堆001_005_hd.mesh","107373.648437","1208.304687","52212.125"
"2562","s_mj树002_006_HD","npc.json","data\source\maps_source\门派\明教\s_mj树002_006_hd.mesh","150057.34375","2528.8833","62667.148437"
"2563","S_xb多枝枯树003_005.Mesh","speedtree.json","Data\source\maps_source\树\S_xb多枝枯树003_005.srt","128242.460937","-1323.527343","70788.671875"
"2564","st_sczl石桥001_001_HD","npc.json","data\source\maps_source\石头\st_sczl石桥001_001_hd.mesh","119580.554687","1359.228027","80739.484375"
"2565","ST_xb龙门荒漠石001_012.Mesh","npc.json","data\source\maps_source\石头\st_xb龙门荒漠石001_012_hd.mesh","141453.0","1507.937744","63487.308593"
"2566","st_mj戈壁碎石003_003_HD","npc.json","data\source\maps_source\门派\明教\st_mj戈壁碎石003_003_hd.mesh","148842.390625","2897.298828","71732.578125"
"2567","ST_xb龙门荒漠石001_012.Mesh","npc.json","data\source\maps_source\石头\st_xb龙门荒漠石001_012_hd.mesh","145121.3125","3668.024414","82194.132812"
"2568","XWJ_xb楼兰墓地001_005.Mesh","npc.json","data\source\maps_source\小物件\坟地物件\xwj_xb楼兰墓地001_005_hd.mesh","120030.757812","-733.468261","54665.042968"
"2569","ST_mj中层石头001_004_HD","npc.json","data\source\maps_source\门派\明教\st_mj中层石头001_004_hd.mesh","153405.8125","11884.205078","95766.757812"
"2570","xwj_火盆001_002_hd","npc.json","data\source\maps_source\小物件\灯\xwj_火盆001_002_hd.mesh","126863.46875","6147.27539","86608.773437"
"2571","st_mj戈壁碎石003_002_HD","npc.json","data\source\maps_source\门派\明教\st_mj戈壁碎石003_002_hd.mesh","138280.78125","2729.84375","86792.171875"
"2572","S_xb多枝枯树003_004.Mesh","speedtree.json","Data\source\maps_source\树\S_xb多枝枯树003_004.srt","121605.539062","-740.705932","75894.648437"
"2573","WJ_破木板002_001.Mesh","npc.json","data\source\maps_source\小物件\木箱\wj_破木板002_001_hd.mesh","127079.875","-1100.528808","74456.570312"
"2574","WJ_动物骸骨001_004.Mesh","npc.json","data\source\maps_source\小物件\遗骸\wj_动物骸骨001_004_hd.mesh","113846.953125","-647.721679","83787.570312"
"2575","st_mj戈壁碎石003_002_HD","npc.json","data\source\maps_source\门派\明教\st_mj戈壁碎石003_002_hd.mesh","115716.085937","6388.173828","95569.84375"
"2576","ST_mj戈壁碎石003_002.Mesh","npc.json","data\source\maps_source\门派\明教\st_mj戈壁碎石003_002_hd.mesh","153572.734375","-784.397888","52470.117187"
"2577","WJ_动物骸骨001_006.Mesh","npc.json","data\source\maps_source\小物件\遗骸\wj_动物骸骨001_006_hd.mesh","113963.0","-675.34082","83565.5625"
"2578","ST_xb龙门荒漠石001_002.Mesh","npc.json","data\source\maps_source\石头\st_xb龙门荒漠石001_002_hd.mesh","111471.882812","1110.463012","71283.382812"
"2579","st_mj戈壁碎石003_003_HD","npc.json","data\source\maps_source\门派\明教\st_mj戈壁碎石003_003_hd.mesh","152868.515625","12115.208984","98784.46875"
"2580","ST_xb龙门荒漠石001_002.Mesh","npc.json","data\source\maps_source\石头\st_xb龙门荒漠石001_002_hd.mesh","108111.46875","911.01593","85882.164062"
"2581","ST_xb龙门荒漠石001_012.Mesh","npc.json","data\source\maps_source\石头\st_xb龙门荒漠石001_012_hd.mesh","127287.179687","5718.788574","89325.828125"
"2582","WJ_mj篝火001_001.Mesh","npc.json","data\source\maps_source\门派\明教\wj_mj篝火001_001_hd.mesh","136010.828125","-545.346191","79496.039062"
"2583","ST_xb龙门荒漠石001_012.Mesh","npc.json","data\source\maps_source\石头\st_xb龙门荒漠石001_012_hd.mesh","148032.40625","7335.168945","85594.1875"
"2584","ST_xb龙门荒漠石001_002.Mesh","npc.json","data\source\maps_source\石头\st_xb龙门荒漠石001_002_hd.mesh","111902.648437","1362.319335","86884.335937"
"2585","XWJ_破石柱004_01.Mesh","npc.json","data\source\maps_source\小物件\破柱子\xwj_破石柱004_01_hd.mesh","132998.390625","6781.414062","92283.0625"
"2586","ST_xb龙门荒漠石001_008.Mesh","npc.json","data\source\maps_source\石头\st_xb龙门荒漠石001_008_hd.mesh","109676.179687","944.296875","86628.234375"
"2587","ST_mj戈壁碎石003_002.Mesh","npc.json","data\source\maps_source\门派\明教\st_mj戈壁碎石003_002_hd.mesh","126946.335937","8952.18164","91464.171875"
"2588","S_西北枯树001_002.Mesh","speedtree.json","Data\source\maps_source\树\S_西北枯树001_002.srt","108596.609375","996.827148","86765.203125"
"2589","HYJ_红衣教圣火柱001.Mesh","npc.json","data\source\maps_source\门派\红衣教\hyj_红衣教圣火柱001_hd.mesh","139330.90625","6725.02246","92106.976562"
"2590","st_mj戈壁碎石003_003_HD","npc.json","data\source\maps_source\门派\明教\st_mj戈壁碎石003_003_hd.mesh","134537.75","264.838745","60818.214843"
"2591","ST_xb龙门荒漠石001_008.Mesh","npc.json","data\source\maps_source\石头\st_xb龙门荒漠石001_008_hd.mesh","114688.28125","1082.381591","51621.578125"
"2592","WJ_龙门荒漠路标001.Mesh","npc.json","data\source\maps_source\小物件\路标\wj_龙门荒漠路标001_hd.mesh","132712.046875","6839.996093","92034.6875"
"2593","st_mj戈壁碎石002_002_HD","npc.json","data\source\maps_source\门派\明教\st_mj戈壁碎石002_002_hd.mesh","124251.390625","8379.938476","91958.757812"
"2594","S_xb多枝枯树003_005.Mesh","speedtree.json","Data\source\maps_source\树\S_xb多枝枯树003_005.srt","111494.625","1278.573242","86670.617187"
"2595","st_mj戈壁碎石003_003_HD","npc.json","data\source\maps_source\门派\明教\st_mj戈壁碎石003_003_hd.mesh","147471.421875","12731.606445","92344.484375"
"2596","SD_崖壁狱门fb_001.Mesh","npc.json","data\source\maps_source\山洞\sd_崖壁狱门fb_001_hd.mesh","135388.921875","-1199.456787","64710.195312"
"2597","ST_mj戈壁碎石003_002.Mesh","npc.json","data\source\maps_source\门派\明教\st_mj戈壁碎石003_002_hd.mesh","137151.734375","8545.992187","67431.125"
"2598","st_mj戈壁碎石003_003_HD","npc.json","data\source\maps_source\门派\明教\st_mj戈壁碎石003_003_hd.mesh","119630.546875","6004.833007","93952.710937"
"2599","XWJ_骷髅堆001_003.Mesh","npc.json","data\source\maps_source\小物件\坟地物件\xwj_骷髅堆001_003_hd.mesh","108121.789062","965.013671","84390.0"
"2600","SD_崖壁狱门fb_001.Mesh","npc.json","data\source\maps_source\山洞\sd_崖壁狱门fb_001_hd.mesh","125274.507812","-2191.335449","82025.476562"
"2601","st_mj戈壁碎石003_003_HD","npc.json","data\source\maps_source\门派\明教\st_mj戈壁碎石003_003_hd.mesh","125915.6875","-415.645629","61354.285156"
"2602","ST_xb龙门荒漠石001_012.Mesh","npc.json","data\source\maps_source\石头\st_xb龙门荒漠石001_012_hd.mesh","145790.265625","3525.469726","79487.929687"
"2603","st_mj戈壁碎石002_002_HD","npc.json","data\source\maps_source\门派\明教\st_mj戈壁碎石002_002_hd.mesh","153104.828125","6338.444335","66047.421875"
"2604","SD_崖壁狱门fb_001.Mesh","npc.json","data\source\maps_source\山洞\sd_崖壁狱门fb_001_hd.mesh","125870.5","4012.773437","92620.289062"
"2605","ST_mj戈壁碎石003_002.Mesh","npc.json","data\source\maps_source\门派\明教\st_mj戈壁碎石003_002_hd.mesh","145928.078125","11134.009765","91013.046875"
"2606","WJ_动物骸骨001_001.Mesh","npc.json","data\source\maps_source\小物件\遗骸\wj_动物骸骨001_001_hd.mesh","104688.914062","934.374877","84452.664062"
"2607","st_mj戈壁碎石003_003_HD","npc.json","data\source\maps_source\门派\明教\st_mj戈壁碎石003_003_hd.mesh","119164.289062","-592.736083","79405.6875"
"2608","ST_mj石头002_002_HD","npc.json","data\source\maps_source\门派\明教\st_mj石头002_002_hd.mesh","134939.203125","-498.777343","85957.648437"
"2609","S_xb多枝枯树003_004.Mesh","speedtree.json","Data\source\maps_source\树\S_xb多枝枯树003_004.srt","127166.445312","1325.616577","63947.042968"
"2610","ST_mj戈壁碎石003_002.Mesh","npc.json","data\source\maps_source\门派\明教\st_mj戈壁碎石003_002_hd.mesh","125533.296875","-424.036621","56194.316406"
"2611","ST_xb龙门荒漠石001_003.Mesh","npc.json","data\source\maps_source\石头\st_xb龙门荒漠石001_003_hd.mesh","144745.25","10000.225585","89817.734375"
"2612","WJ_动物骸骨001_006.Mesh","npc.json","data\source\maps_source\小物件\遗骸\wj_动物骸骨001_006_hd.mesh","125108.15625","-688.882324","79692.867187"
"2613","ST_xb龙门荒漠石001_001.Mesh","npc.json","data\source\maps_source\石头\st_xb龙门荒漠石001_001_hd.mesh","111059.820312","923.388793","65116.933593"
"2614","WJ_破木桶001_005.Mesh","npc.json","data\source\maps_source\小物件\木箱\wj_破木桶001_005_hd.mesh","111101.445312","1403.109008","82557.6875"
"2615","SD_崖壁狱门fb_001.Mesh","npc.json","data\source\maps_source\山洞\sd_崖壁狱门fb_001_hd.mesh","151521.34375","6857.909179","85952.046875"
"2616","WJ_木箱004_001.Mesh","npc.json","data\source\maps_source\小物件\木箱\wj_木箱004_001_hd.mesh","121141.921875","-848.41333","52719.21875"
"2617","st_mj戈壁碎石003_003_HD","npc.json","data\source\maps_source\门派\明教\st_mj戈壁碎石003_003_hd.mesh","136261.5","6201.735351","87766.125"
"2618","XWJ_xb楼兰墓地001_001.Mesh","npc.json","data\source\maps_source\小物件\坟地物件\xwj_xb楼兰墓地001_001_hd.mesh","105888.78125","1197.731689","51332.605468"
"2619","PJ_帐篷001_002.Mesh","npc.json","data\source\maps_source\建筑配套\pj_帐篷001_002_hd.mesh","136944.203125","-537.061035","80381.015625"
"2620","PJ_玉门草棚001.Mesh","npc.json","data\source\maps_source\建筑配套\pj_玉门草棚001_hd.mesh","137321.34375","-414.024414","78128.101562"
"2621","Q_断桥001_001_HD","npc.json","data\source\maps_source\桥\q_断桥001_001_hd.mesh","152666.46875","769.95581","57494.222656"
"2622","st_mj戈壁碎石003_003_HD","npc.json","data\source\maps_source\门派\明教\st_mj戈壁碎石003_003_hd.mesh","128716.296875","198.235595","56313.242187"
"2623","XWJ_xb楼兰墓地001_001.Mesh","npc.json","data\source\maps_source\小物件\坟地物件\xwj_xb楼兰墓地001_001_hd.mesh","105888.78125","1250.612915","69155.671875"
"2624","SD_崖壁狱门fb_001.Mesh","npc.json","data\source\maps_source\山洞\sd_崖壁狱门fb_001_hd.mesh","111501.578125","549.662109","97711.007812"
"2625","st_mj戈壁碎石002_002_HD","npc.json","data\source\maps_source\门派\明教\st_mj戈壁碎石002_002_hd.mesh","127888.320312","7555.28125","97155.320312"
"2626","ST_xb龙门荒漠石001_012.Mesh","npc.json","data\source\maps_source\石头\st_xb龙门荒漠石001_012_hd.mesh","145974.25","2397.08789","77694.390625"
"2627","ST_mj戈壁碎石003_002.Mesh","npc.json","data\source\maps_source\门派\明教\st_mj戈壁碎石003_002_hd.mesh","153326.921875","11653.251953","97094.710937"
"2628","XWJ_xb楼兰墓地001_003.Mesh","npc.json","data\source\maps_source\小物件\坟地物件\xwj_xb楼兰墓地001_003_hd.mesh","110509.484375","1338.006103","82254.335937"
"2629","ST_mj戈壁碎石003_002.Mesh","npc.json","data\source\maps_source\门派\明教\st_mj戈壁碎石003_002_hd.mesh","119868.609375","4660.326171","85283.109375"
"2630","ST_xb龙门荒漠石001_012.Mesh","npc.json","data\source\maps_source\石头\st_xb龙门荒漠石001_012_hd.mesh","107441.023437","524.278564","66967.1875"
"2631","S_xb多枝枯树003_010.Mesh","speedtree.json","Data\source\maps_source\树\S_xb多枝枯树003_010.srt","111003.515625","1270.968994","74453.882812"
"2632","st_mj戈壁碎石003_002_HD","npc.json","data\source\maps_source\门派\明教\st_mj戈壁碎石003_002_hd.mesh","140798.203125","7173.257812","90289.515625"
"2633","ST_mj戈壁碎石003_002.Mesh","npc.json","data\source\maps_source\门派\明教\st_mj戈壁碎石003_002_hd.mesh","150003.6875","1093.951171","60321.0625"
"2634","ST_mj戈壁碎石003_002.Mesh","npc.json","data\source\maps_source\门派\明教\st_mj戈壁碎石003_002_hd.mesh","119509.054687","3804.019531","83226.375"
"2635","st_mj戈壁碎石003_003_HD","npc.json","data\source\maps_source\门派\明教\st_mj戈壁碎石003_003_hd.mesh","115509.007812","4889.471679","95025.8125"
"2636","ST_mj戈壁碎石003_002.Mesh","npc.json","data\source\maps_source\门派\明教\st_mj戈壁碎石003_002_hd.mesh","137725.984375","249.469238","71317.109375"
"2637","xwj_火盆001_002_hd","npc.json","data\source\maps_source\小物件\灯\xwj_火盆001_002_hd.mesh","120424.453125","3888.18457","86470.390625"
"2638","S_xb多枝枯树003_006.Mesh","speedtree.json","Data\source\maps_source\树\S_xb多枝枯树003_006.srt","109209.578125","1366.685424","60546.761718"
"2639","st_mj戈壁碎石003_002_HD","npc.json","data\source\maps_source\门派\明教\st_mj戈壁碎石003_002_hd.mesh","116557.4375","3497.341796","95059.679687"
"2640","ST_mj戈壁碎石003_002.Mesh","npc.json","data\source\maps_source\门派\明教\st_mj戈壁碎石003_002_hd.mesh","152438.375","13536.323242","90929.992187"
"2641","ST_mj戈壁碎石003_002.Mesh","npc.json","data\source\maps_source\门派\明教\st_mj戈壁碎石003_002_hd.mesh","117551.898437","4545.893554","85039.9375"
"2642","S_xb多枝枯树003_006.Mesh","speedtree.json","Data\source\maps_source\树\S_xb多枝枯树003_006.srt","114771.585937","1076.858154","66680.171875"
"2643","WJ_动物骸骨001_001.Mesh","npc.json","data\source\maps_source\小物件\遗骸\wj_动物骸骨001_001_hd.mesh","113630.21875","-680.751953","83535.1875"
"2644","WJ_火堆001_002.Mesh","npc.json","data\source\maps_source\小物件\灯\wj_火堆001_002_hd.mesh","121433.867187","-828.99353","53145.890625"
"2645","st_mj戈壁碎石003_003_HD","npc.json","data\source\maps_source\门派\明教\st_mj戈壁碎石003_003_hd.mesh","151346.53125","3950.651123","76402.359375"
"2646","S_xb多枝枯树003_004.Mesh","speedtree.json","Data\source\maps_source\树\S_xb多枝枯树003_004.srt","106090.25","1027.810302","69346.078125"
"2647","JZ_xb楼兰哨台001_007.Mesh","npc.json","data\source\maps_source\建筑\jz_xb楼兰哨台001_007_hd.mesh","120569.96875","7084.203125","100867.601562"
"2648","S_xb多枝枯树003_006.Mesh","speedtree.json","Data\source\maps_source\树\S_xb多枝枯树003_006.srt","133890.78125","-687.207519","82663.304687"
"2649","ST_xb龙门荒漠石001_012.Mesh","npc.json","data\source\maps_source\石头\st_xb龙门荒漠石001_012_hd.mesh","113074.078125","11386.298828","97547.335937"
"2650","st_mj戈壁碎石003_003_HD","npc.json","data\source\maps_source\门派\明教\st_mj戈壁碎石003_003_hd.mesh","151316.328125","8652.21582","99492.46875"
"2651","ST_mj石头002_002_HD","npc.json","data\source\maps_source\门派\明教\st_mj石头002_002_hd.mesh","132053.4375","618.693359","84148.523437"
"2652","PJ_帐篷001_002.Mesh","npc.json","data\source\maps_source\建筑配套\pj_帐篷001_002_hd.mesh","106601.1875","1268.711425","52959.21875"
"2653","WJ_木箱004_001.Mesh","npc.json","data\source\maps_source\小物件\木箱\wj_木箱004_001_hd.mesh","120961.148437","-828.799682","52812.609375"
"2654","JZ_xb楼兰哨台001_007.Mesh","npc.json","data\source\maps_source\建筑\jz_xb楼兰哨台001_007_hd.mesh","111585.1875","1910.283203","94578.382812"
"2655","SD_崖壁狱门fb_001.Mesh","npc.json","data\source\maps_source\山洞\sd_崖壁狱门fb_001_hd.mesh","141952.375","-3251.80371","76471.3125"
"2656","ST_mj戈壁碎石003_002.Mesh","npc.json","data\source\maps_source\门派\明教\st_mj戈壁碎石003_002_hd.mesh","121807.640625","7806.80371","92296.539062"
"2657","ST_xb龙门荒漠石001_012.Mesh","npc.json","data\source\maps_source\石头\st_xb龙门荒漠石001_012_hd.mesh","107023.617187","1236.523437","94627.953125"
"2658","ST_xb龙门荒漠石001_008.Mesh","npc.json","data\source\maps_source\石头\st_xb龙门荒漠石001_008_hd.mesh","113563.914062","1147.79956","76914.015625"
"2659","st_mj戈壁碎石003_003_HD","npc.json","data\source\maps_source\门派\明教\st_mj戈壁碎石003_003_hd.mesh","147750.375","12815.769531","88713.601562"
"2660","WJ_木箱004_002.Mesh","npc.json","data\source\maps_source\小物件\木箱\wj_木箱004_002_hd.mesh","136240.0625","-556.146484","79045.460937"
"2661","WJ_动物骸骨001_003.Mesh","npc.json","data\source\maps_source\小物件\遗骸\wj_动物骸骨001_003_hd.mesh","111448.914062","1390.837036","81277.539062"
"2662","ST_xb龙门荒漠石001_001.Mesh","npc.json","data\source\maps_source\石头\st_xb龙门荒漠石001_001_hd.mesh","110907.132812","1303.791015","81893.875"
"2663","st_mj戈壁碎石003_003_HD","npc.json","data\source\maps_source\门派\明教\st_mj戈壁碎石003_003_hd.mesh","129482.617187","6875.18164","96986.226562"
"2664","XWJ_xb楼兰墓地001_005.Mesh","npc.json","data\source\maps_source\小物件\坟地物件\xwj_xb楼兰墓地001_005_hd.mesh","109300.484375","1075.249023","85509.570312"
"2665","st_mj戈壁碎石003_002_HD","npc.json","data\source\maps_source\门派\明教\st_mj戈壁碎石003_002_hd.mesh","151015.78125","5301.451171","66514.078125"
"2666","S_xb多枝枯树003_009.Mesh","speedtree.json","Data\source\maps_source\树\S_xb多枝枯树003_009.srt","112309.882812","930.954101","71138.5625"
"2667","ST_xb龙门荒漠石001_012.Mesh","npc.json","data\source\maps_source\石头\st_xb龙门荒漠石001_012_hd.mesh","145056.9375","2712.595703","75003.15625"
"2668","st_mj戈壁碎石003_003_HD","npc.json","data\source\maps_source\门派\明教\st_mj戈壁碎石003_003_hd.mesh","151856.109375","11220.355468","83510.578125"
"2669","ST_mj戈壁碎石003_002.Mesh","npc.json","data\source\maps_source\门派\明教\st_mj戈壁碎石003_002_hd.mesh","149280.671875","12117.15039","95167.0"
"2670","S_xb多枝枯树003_003.Mesh","speedtree.json","Data\source\maps_source\树\S_xb多枝枯树003_003.srt","106542.078125","944.444335","69171.882812"
"2671","st_mj戈壁碎石003_003_HD","npc.json","data\source\maps_source\门派\明教\st_mj戈壁碎石003_003_hd.mesh","129966.875","-713.482666","76618.609375"
"2672","ST_xb龙门荒漠石001_010.Mesh","npc.json","data\source\maps_source\石头\st_xb龙门荒漠石001_010_hd.mesh","127579.773437","301.323852","63937.496093"
"2673","JZ_xb楼兰哨台001_005.Mesh","npc.json","data\source\maps_source\建筑\jz_xb楼兰哨台001_005_hd.mesh","143377.453125","6843.674804","94244.539062"
"2674","st_mj戈壁碎石003_003_HD","npc.json","data\source\maps_source\门派\明教\st_mj戈壁碎石003_003_hd.mesh","146870.421875","5659.610839","77206.3125"
"2675","ST_mj光明顶001_006_HD","npc.json","data\source\maps_source\门派\明教\st_mj光明顶001_006_hd.mesh","150825.609375","9973.719726","97962.898437"
"2676","ST_xb龙门荒漠石001_008.Mesh","npc.json","data\source\maps_source\石头\st_xb龙门荒漠石001_008_hd.mesh","139678.5625","7101.396484","91325.523437"
"2677","ST_mj戈壁碎石003_002.Mesh","npc.json","data\source\maps_source\门派\明教\st_mj戈壁碎石003_002_hd.mesh","116626.195312","6834.567382","95514.054687"
"2678","ST_xb龙门荒漠石001_012.Mesh","npc.json","data\source\maps_source\石头\st_xb龙门荒漠石001_012_hd.mesh","141331.359375","1361.459472","71600.5"
"2679","ST_xb龙门荒漠石001_002.Mesh","npc.json","data\source\maps_source\石头\st_xb龙门荒漠石001_002_hd.mesh","113445.65625","1031.69812","66951.695312"
"2680","st_mj戈壁碎石002_002_HD","npc.json","data\source\maps_source\门派\明教\st_mj戈壁碎石002_002_hd.mesh","150976.15625","11921.454101","97314.921875"
"2681","ST_mj戈壁碎石003_002.Mesh","npc.json","data\source\maps_source\门派\明教\st_mj戈壁碎石003_002_hd.mesh","150240.75","12567.805664","91527.195312"
"2682","S_xb多枝枯树003_007.Mesh","speedtree.json","Data\source\maps_source\树\S_xb多枝枯树003_007.srt","102697.234375","1169.718383","70676.695312"
"2683","ST_xb龙门荒漠石001_013.Mesh","npc.json","data\source\maps_source\石头\st_xb龙门荒漠石001_013_hd.mesh","102754.90625","1103.357788","71541.734375"
"2684","ST_xb龙门荒漠石001_011.Mesh","npc.json","data\source\maps_source\石头\st_xb龙门荒漠石001_011_hd.mesh","123355.335937","6721.331054","94563.484375"
"2685","s_mj树002_005_HD","npc.json","data\source\maps_source\门派\明教\s_mj树002_005_hd.mesh","140657.203125","1247.388305","60932.386718"
"2686","ST_mj戈壁碎石003_002.Mesh","npc.json","data\source\maps_source\门派\明教\st_mj戈壁碎石003_002_hd.mesh","131169.9375","5581.421875","84940.523437"
"2687","WJ_动物骸骨001_006.Mesh","npc.json","data\source\maps_source\小物件\遗骸\wj_动物骸骨001_006_hd.mesh","111141.007812","1396.629638","81284.6875"
"2688","WJ_动物骸骨001_004.Mesh","npc.json","data\source\maps_source\小物件\遗骸\wj_动物骸骨001_004_hd.mesh","125465.367187","-774.002929","77254.609375"
"2689","XWJ_火盆001_002.Mesh","npc.json","data\source\maps_source\小物件\灯\xwj_火盆001_002_hd.mesh","129081.820312","6726.361328","86035.882812"
"2690","WJ_木箱004_002.Mesh","npc.json","data\source\maps_source\小物件\木箱\wj_木箱004_002_hd.mesh","136447.0","-537.323242","79169.578125"
"2691","ST_xb龙门荒漠石001_002.Mesh","npc.json","data\source\maps_source\石头\st_xb龙门荒漠石001_002_hd.mesh","111441.789062","2015.081054","95624.617187"
"2692","S_xb多枝枯树003_003.Mesh","speedtree.json","Data\source\maps_source\树\S_xb多枝枯树003_003.srt","103349.1875","869.920104","85048.992187"
"2693","st_mj戈壁碎石003_002_HD","npc.json","data\source\maps_source\门派\明教\st_mj戈壁碎石003_002_hd.mesh","125508.546875","7784.488281","89787.203125"
"2694","S_xb多枝枯树003_001.Mesh","speedtree.json","Data\source\maps_source\树\S_xb多枝枯树003_001.srt","117110.796875","1016.766357","75465.03125"
"2695","CQ_龙门城墙001_006.Mesh","npc.json","data\source\maps_source\城墙\cq_龙门城墙001_006_hd.mesh","129879.710937","7777.301757","130176.328125"
"2696","ST_mj戈壁碎石003_002.Mesh","npc.json","data\source\maps_source\门派\明教\st_mj戈壁碎石003_002_hd.mesh","140301.828125","8443.503906","118760.054687"
"2697","CQ_龙门城墙001_011.Mesh","npc.json","data\source\maps_source\城墙\cq_龙门城墙001_011_hd.mesh","124230.078125","7725.799804","137236.15625"
"2698","ST_xb龙门荒漠石001_004.Mesh","npc.json","data\source\maps_source\石头\st_xb龙门荒漠石001_004_hd.mesh","128020.28125","6513.924804","110780.976562"
"2699","HYJ_红衣教圣火柱001.Mesh","npc.json","data\source\maps_source\门派\红衣教\hyj_红衣教圣火柱001_hd.mesh","131052.46875","6561.269531","107369.28125"
"2700","CQ_龙门城墙001_006.Mesh","npc.json","data\source\maps_source\城墙\cq_龙门城墙001_006_hd.mesh","135500.765625","7777.301757","130187.21875"
"2701","CQ_龙门城墙001_011.Mesh","npc.json","data\source\maps_source\城墙\cq_龙门城墙001_011_hd.mesh","142361.96875","7758.474609","137110.90625"
"2702","CQ_龙门城墙001_006.Mesh","npc.json","data\source\maps_source\城墙\cq_龙门城墙001_006_hd.mesh","121830.1875","7777.302734","137197.8125"
"2703","CQ_龙门城墙001_006.Mesh","npc.json","data\source\maps_source\城墙\cq_龙门城墙001_006_hd.mesh","125434.148437","7777.302734","126728.234375"
"2704","ST_xb龙门荒漠石001_003.Mesh","npc.json","data\source\maps_source\石头\st_xb龙门荒漠石001_003_hd.mesh","119003.164062","7515.853515","119379.867187"
"2705","CQ_龙门城墙001_007.Mesh","npc.json","data\source\maps_source\城墙\cq_龙门城墙001_007_hd.mesh","135085.40625","7689.469726","134347.21875"
"2706","CQ_龙门城墙001_007.Mesh","npc.json","data\source\maps_source\城墙\cq_龙门城墙001_007_hd.mesh","140883.859375","7777.302734","129910.859375"
"2707","CQ_龙门城墙001_006.Mesh","npc.json","data\source\maps_source\城墙\cq_龙门城墙001_006_hd.mesh","123333.289062","7777.302734","133152.015625"
"2708","CQ_龙门城墙001_006.Mesh","npc.json","data\source\maps_source\城墙\cq_龙门城墙001_006_hd.mesh","123059.414062","7777.302734","128719.648437"
"2709","CQ_龙门城墙001_011.Mesh","npc.json","data\source\maps_source\城墙\cq_龙门城墙001_011_hd.mesh","140435.015625","7703.833984","130312.515625"
"2710","XWJ_落雪火盆002_001_HD","npc.json","data\source\maps_source\小物件\灯\xwj_火盆002_001_hd.mesh","146885.4375","10255.179687","116497.40625"
"2711","ST_xb龙门荒漠石001_011.Mesh","npc.json","data\source\maps_source\石头\st_xb龙门荒漠石001_011_hd.mesh","107707.890625","3109.118164","146416.328125"
"2712","CQ_龙门城墙001_007.Mesh","npc.json","data\source\maps_source\城墙\cq_龙门城墙001_007_hd.mesh","141569.21875","7777.302734","136211.109375"
"2713","CQ_龙门城墙001_006.Mesh","npc.json","data\source\maps_source\城墙\cq_龙门城墙001_006_hd.mesh","132114.5","7716.727539","133166.34375"
"2714","CQ_龙门城墙001_011.Mesh","npc.json","data\source\maps_source\城墙\cq_龙门城墙001_011_hd.mesh","142088.71875","7715.132812","135706.75"
"2715","st_mj戈壁碎石003_003_HD","npc.json","data\source\maps_source\门派\明教\st_mj戈壁碎石003_003_hd.mesh","119996.21875","7653.234375","121901.960937"
"2716","SD_崖壁狱门fb_001.Mesh","npc.json","data\source\maps_source\山洞\sd_崖壁狱门fb_001_hd.mesh","138141.921875","6298.643554","115458.046875"
"2717","CQ_龙门城墙001_006.Mesh","npc.json","data\source\maps_source\城墙\cq_龙门城墙001_006_hd.mesh","142084.28125","7772.320312","131733.453125"
"2718","CQ_龙门城墙001_011.Mesh","npc.json","data\source\maps_source\城墙\cq_龙门城墙001_011_hd.mesh","141124.15625","7797.250976","134612.140625"
"2719","CQ_龙门城墙001_006.Mesh","npc.json","data\source\maps_source\城墙\cq_龙门城墙001_006_hd.mesh","141182.625","7775.58789","133734.703125"
"2720","st_mj戈壁碎石003_003_HD","npc.json","data\source\maps_source\门派\明教\st_mj戈壁碎石003_003_hd.mesh","112092.773437","4826.445312","145053.34375"
"2721","ST_mj戈壁碎石003_002.Mesh","npc.json","data\source\maps_source\门派\明教\st_mj戈壁碎石003_002_hd.mesh","117893.007812","8758.423828","128426.0625"
"2722","ST_xb龙门荒漠石001_012.Mesh","npc.json","data\source\maps_source\石头\st_xb龙门荒漠石001_012_hd.mesh","107297.28125","405.848632","125200.398437"
"2723","CQ_龙门城墙001_006.Mesh","npc.json","data\source\maps_source\城墙\cq_龙门城墙001_006_hd.mesh","143035.875","7777.302734","127796.085937"
"2724","CQ_龙门城墙001_006.Mesh","npc.json","data\source\maps_source\城墙\cq_龙门城墙001_006_hd.mesh","122516.335937","7777.302734","128755.90625"
"2725","S_tql黄叶树001_001_HD","npc.json","data\source\maps_source\树\s_tql黄叶树001_001_hd.mesh","128034.445312","9130.93457","145468.921875"
"2726","CQ_龙门城墙001_009.Mesh","npc.json","data\source\maps_source\城墙\cq_龙门城墙001_009_hd.mesh","122291.820312","7774.014648","126087.367187"
"2727","WJ_mj旗帜001_002A_HD","npc.json","data\source\maps_source\门派\明教\wj_mj旗帜001_002a_hd.mesh","150639.75","8042.929687","140811.3125"
"2728","ST_mj戈壁碎石003_002.Mesh","npc.json","data\source\maps_source\门派\明教\st_mj戈壁碎石003_002_hd.mesh","145912.25","7228.080078","145955.359375"
"2729","st_mj戈壁碎石003_001_HD","npc.json","data\source\maps_source\门派\明教\st_mj戈壁碎石003_001_hd.mesh","141637.828125","7630.142578","153014.09375"
"2730","WJ_大鱼骨头001_006.Mesh","npc.json","data\source\maps_source\小物件\遗骸\wj_大鱼骨头001_006_hd.mesh","122395.992187","7972.381835","138033.046875"
"2731","CQ_龙门城墙001_006.Mesh","npc.json","data\source\maps_source\城墙\cq_龙门城墙001_006_hd.mesh","143029.265625","7782.838867","137959.703125"
"2732","CQ_龙门城墙001_006.Mesh","npc.json","data\source\maps_source\城墙\cq_龙门城墙001_006_hd.mesh","143029.265625","7779.734375","139363.953125"
"2733","ST_xb龙门荒漠石001_011.Mesh","npc.json","data\source\maps_source\石头\st_xb龙门荒漠石001_011_hd.mesh","114246.085937","3109.118164","140628.546875"
"2734","st_mj光明顶001_005_HD","npc.json","data\source\maps_source\门派\明教\st_mj光明顶001_005_hd.mesh","127624.765625","5085.565429","107370.757812"
"2735","CQ_龙门城墙001_006.Mesh","npc.json","data\source\maps_source\城墙\cq_龙门城墙001_006_hd.mesh","123329.210937","7777.302734","132099.1875"
"2736","CQ_龙门城墙001_007.Mesh","npc.json","data\source\maps_source\城墙\cq_龙门城墙001_007_hd.mesh","136696.578125","7633.124023","134393.765625"
"2737","CQ_龙门城墙001_006.Mesh","npc.json","data\source\maps_source\城墙\cq_龙门城墙001_006_hd.mesh","125225.085937","7777.304687","139188.703125"
"2738","CQ_龙门城墙001_006.Mesh","npc.json","data\source\maps_source\城墙\cq_龙门城墙001_006_hd.mesh","132114.5","7716.727539","134301.421875"
"2739","ST_xb龙门荒漠石001_005.Mesh","npc.json","data\source\maps_source\石头\st_xb龙门荒漠石001_005_hd.mesh","127466.179687","6288.34082","105078.125"
"2740","CQ_龙门城墙001_011.Mesh","npc.json","data\source\maps_source\城墙\cq_龙门城墙001_011_hd.mesh","138129.296875","7690.737304","130218.84375"
"2741","CQ_龙门城墙001_006.Mesh","npc.json","data\source\maps_source\城墙\cq_龙门城墙001_006_hd.mesh","142046.28125","7777.541015","126804.8125"
"2742","CQ_龙门城墙001_006.Mesh","npc.json","data\source\maps_source\城墙\cq_龙门城墙001_006_hd.mesh","123326.867187","7777.302734","134466.09375"
"2743","CQ_龙门城墙001_006.Mesh","npc.json","data\source\maps_source\城墙\cq_龙门城墙001_006_hd.mesh","122081.429687","7777.302734","131319.953125"
"2744","CQ_龙门城墙001_006.Mesh","npc.json","data\source\maps_source\城墙\cq_龙门城墙001_006_hd.mesh","135180.703125","7777.302734","136559.859375"
"2745","CQ_龙门城墙001_006.Mesh","npc.json","data\source\maps_source\城墙\cq_龙门城墙001_006_hd.mesh","141182.625","7775.58789","132230.3125"
"2746","ST_mj石头003_003.Mesh","npc.json","data\source\maps_source\门派\明教\st_mj石头003_003_hd.mesh","145610.21875","4316.543945","141483.4375"
"2747","st_mj戈壁碎石002_002_HD","npc.json","data\source\maps_source\门派\明教\st_mj戈壁碎石002_002_hd.mesh","117652.445312","7999.138671","142136.421875"
"2748","CQ_龙门城墙001_006.Mesh","npc.json","data\source\maps_source\城墙\cq_龙门城墙001_006_hd.mesh","126084.648437","7777.302734","142149.34375"
"2749","XWJ_火盆001_002.Mesh","npc.json","data\source\maps_source\小物件\灯\xwj_火盆001_002_hd.mesh","132797.578125","7765.941406","129657.945312"
"2750","jz_xb玉门关建筑002_006_HD","npc.json","data\source\maps_source\建筑\jz_xb玉门关建筑002_006_hd.mesh","144414.859375","10055.426757","117251.5625"
"2751","CQ_龙门城墙001_006.Mesh","npc.json","data\source\maps_source\城墙\cq_龙门城墙001_006_hd.mesh","140427.09375","7791.013671","129487.78125"
"2752","ST_mj戈壁碎石003_002.Mesh","npc.json","data\source\maps_source\门派\明教\st_mj戈壁碎石003_002_hd.mesh","119316.523437","7490.790039","119176.375"
"2753","ST_mj石头002_001_HD","npc.json","data\source\maps_source\门派\明教\st_mj石头002_001_hd.mesh","137954.5625","3012.842773","149172.5"
"2754","CQ_龙门城墙001_006.Mesh","npc.json","data\source\maps_source\城墙\cq_龙门城墙001_006_hd.mesh","143035.875","7777.302734","134846.71875"
"2755","CQ_龙门城墙001_006.Mesh","npc.json","data\source\maps_source\城墙\cq_龙门城墙001_006_hd.mesh","124745.34375","7774.58789","128210.585937"
"2756","st_mj石拱002_HD","npc.json","data\source\maps_source\门派\明教\st_mj石拱002_hd.mesh","121717.992187","6166.004882","151811.421875"
"2757","CQ_龙门城墙001_006.Mesh","npc.json","data\source\maps_source\城墙\cq_龙门城墙001_006_hd.mesh","127296.226562","7777.302734","133136.984375"
"2758","WJ_水寨栏杆001_HD","npc.json","data\source\maps_source\小物件\栏杆\wj_水寨栏杆001_hd.mesh","127537.710937","9365.65625","146461.25"
"2759","ST_mj戈壁碎石003_002.Mesh","npc.json","data\source\maps_source\门派\明教\st_mj戈壁碎石003_002_hd.mesh","147604.28125","8330.996093","138643.25"
"2760","ST_xb龙门荒漠石001_011.Mesh","npc.json","data\source\maps_source\石头\st_xb龙门荒漠石001_011_hd.mesh","115005.507812","6042.514648","105023.929687"
"2761","CQ_龙门城墙001_006.Mesh","npc.json","data\source\maps_source\城墙\cq_龙门城墙001_006_hd.mesh","143035.875","7777.302734","136307.28125"
"2762","CQ_龙门城墙001_007.Mesh","npc.json","data\source\maps_source\城墙\cq_龙门城墙001_007_hd.mesh","140609.328125","7775.58789","134259.8125"
"2763","st_mj戈壁碎石003_003_HD","npc.json","data\source\maps_source\门派\明教\st_mj戈壁碎石003_003_hd.mesh","148885.203125","12106.179687","108190.492187"
"2764","CQ_龙门城墙001_006.Mesh","npc.json","data\source\maps_source\城墙\cq_龙门城墙001_006_hd.mesh","138010.015625","7777.302734","136239.40625"
"2765","CQ_龙门城墙001_006.Mesh","npc.json","data\source\maps_source\城墙\cq_龙门城墙001_006_hd.mesh","130796.796875","7777.301757","130187.21875"
"2766","CQ_龙门城墙001_006.Mesh","npc.json","data\source\maps_source\城墙\cq_龙门城墙001_006_hd.mesh","120780.945312","7777.302734","133392.515625"
"2767","CQ_龙门城墙001_006.Mesh","npc.json","data\source\maps_source\城墙\cq_龙门城墙001_006_hd.mesh","129216.664062","7718.233398","135003.859375"
"2768","CQ_龙门城墙001_011.Mesh","npc.json","data\source\maps_source\城墙\cq_龙门城墙001_011_hd.mesh","136132.71875","7633.414062","133959.703125"
"2769","XWJ_火盆001_002.Mesh","npc.json","data\source\maps_source\小物件\灯\xwj_火盆001_002_hd.mesh","135178.40625","6693.364257","109557.539062"
"2770","CQ_龙门城墙001_006.Mesh","npc.json","data\source\maps_source\城墙\cq_龙门城墙001_006_hd.mesh","124696.578125","7777.302734","133806.90625"
"2771","st_mj底层石头001_003_HD","npc.json","data\source\maps_source\门派\明教\st_mj底层石头001_003_hd.mesh","111391.5625","6843.579589","146348.5625"
"2772","CQ_龙门城墙001_006.Mesh","npc.json","data\source\maps_source\城墙\cq_龙门城墙001_006_hd.mesh","121992.179687","7777.304687","141099.609375"
"2773","CQ_龙门城墙001_006.Mesh","npc.json","data\source\maps_source\城墙\cq_龙门城墙001_006_hd.mesh","142068.28125","7777.305664","134707.703125"
"2774","ST_mj戈壁碎石003_002.Mesh","npc.json","data\source\maps_source\门派\明教\st_mj戈壁碎石003_002_hd.mesh","118324.585937","14417.923828","151075.5"
"2775","CQ_龙门城墙001_011.Mesh","npc.json","data\source\maps_source\城墙\cq_龙门城墙001_011_hd.mesh","133117.71875","7690.737304","136013.25"
"2776","CQ_龙门城墙001_006.Mesh","npc.json","data\source\maps_source\城墙\cq_龙门城墙001_006_hd.mesh","127292.179687","7777.302734","134191.78125"
"2777","CQ_龙门城墙001_011.Mesh","npc.json","data\source\maps_source\城墙\cq_龙门城墙001_011_hd.mesh","120819.117187","7909.17871","137123.375"
"2778","CQ_龙门城墙001_006.Mesh","npc.json","data\source\maps_source\城墙\cq_龙门城墙001_006_hd.mesh","138867.578125","7777.302734","137186.171875"
"2779","ST_mj石头003_001.Mesh","npc.json","data\source\maps_source\门派\明教\st_mj石头003_001_hd.mesh","105810.921875","359.180175","149883.953125"
"2780","ST_xb龙门荒漠石001_011.Mesh","npc.json","data\source\maps_source\石头\st_xb龙门荒漠石001_011_hd.mesh","116312.476562","7842.226562","117365.359375"
"2781","CQ_龙门城墙001_011.Mesh","npc.json","data\source\maps_source\城墙\cq_龙门城墙001_011_hd.mesh","124247.851562","7725.799804","132586.0625"
"2782","CQ_龙门城墙001_006.Mesh","npc.json","data\source\maps_source\城墙\cq_龙门城墙001_006_hd.mesh","130073.484375","7777.302734","133995.5625"
"2783","SD_崖壁狱门fb_001.Mesh","npc.json","data\source\maps_source\山洞\sd_崖壁狱门fb_001_hd.mesh","108821.125","-151.946289","151437.046875"
"2784","CQ_龙门城墙001_006.Mesh","npc.json","data\source\maps_source\城墙\cq_龙门城墙001_006_hd.mesh","140514.546875","7777.541015","126804.8125"
"2785","ST_xb龙门荒漠石001_004.Mesh","npc.json","data\source\maps_source\石头\st_xb龙门荒漠石001_004_hd.mesh","136422.28125","7754.881835","137867.0"
"2786","CQ_龙门城墙001_006.Mesh","npc.json","data\source\maps_source\城墙\cq_龙门城墙001_006_hd.mesh","126259.914062","7777.302734","134350.78125"
"2787","jz_xb玉门关建筑002_001_HD","npc.json","data\source\maps_source\建筑\jz_xb玉门关建筑002_001_hd.mesh","147263.6875","10226.010742","117411.976562"
"2788","CQ_龙门城墙001_006.Mesh","npc.json","data\source\maps_source\城墙\cq_龙门城墙001_006_hd.mesh","120771.546875","7779.500976","142474.515625"
"2789","JZ_xb楼兰哨台001_005.Mesh","npc.json","data\source\maps_source\建筑\jz_xb楼兰哨台001_005_hd.mesh","127420.15625","7569.458984","143744.703125"
"2790","st_mj戈壁碎石003_003_HD","npc.json","data\source\maps_source\门派\明教\st_mj戈壁碎石003_003_hd.mesh","119537.140625","8297.189453","125497.640625"
"2791","ST_xb龙门荒漠石001_013.Mesh","npc.json","data\source\maps_source\石头\st_xb龙门荒漠石001_013_hd.mesh","130532.320312","7450.185546","108064.0625"
"2792","JZ_mj中型民居001_002_HD","npc.json","data\source\maps_source\门派\明教\jz_mj中型民居001_002_hd.mesh","150999.078125","13170.232421","109869.242187"
"2793","st_mj戈壁碎石003_002_HD","npc.json","data\source\maps_source\门派\明教\st_mj戈壁碎石003_002_hd.mesh","119022.875","7379.862304","139656.59375"
"2794","CQ_龙门城墙001_006.Mesh","npc.json","data\source\maps_source\城墙\cq_龙门城墙001_006_hd.mesh","136645.8125","7777.302734","137183.484375"
"2795","SD_崖壁狱门fb_001.Mesh","npc.json","data\source\maps_source\山洞\sd_崖壁狱门fb_001_hd.mesh","113009.007812","-2173.360107","121304.726562"
"2796","st_mj戈壁碎石003_002_HD","npc.json","data\source\maps_source\门派\明教\st_mj戈壁碎石003_002_hd.mesh","119532.492187","7443.074218","140317.296875"
"2797","CQ_龙门城墙001_006.Mesh","npc.json","data\source\maps_source\城墙\cq_龙门城墙001_006_hd.mesh","121346.679687","7777.302734","126706.523437"
"2798","CQ_龙门城墙001_006.Mesh","npc.json","data\source\maps_source\城墙\cq_龙门城墙001_006_hd.mesh","120780.945312","7777.854492","136223.640625"
"2799","CQ_龙门城墙001_001.Mesh","npc.json","data\source\maps_source\城墙\cq_龙门城墙001_001_hd.mesh","125791.90625","7764.677734","127100.84375"
"2800","ST_xb龙门荒漠石001_009.Mesh","npc.json","data\source\maps_source\石头\st_xb龙门荒漠石001_009_hd.mesh","118662.054687","6358.736328","107411.09375"
"2801","ST_mj戈壁碎石003_002.Mesh","npc.json","data\source\maps_source\门派\明教\st_mj戈壁碎石003_002_hd.mesh","119019.59375","7990.142578","121416.664062"
"2802","st_mj戈壁碎石003_001_HD","npc.json","data\source\maps_source\门派\明教\st_mj戈壁碎石003_001_hd.mesh","149663.328125","7844.363281","141002.8125"
"2803","CQ_龙门城墙001_006.Mesh","npc.json","data\source\maps_source\城墙\cq_龙门城墙001_006_hd.mesh","138136.265625","7827.109375","130699.625"
"2804","CQ_龙门城墙001_006.Mesh","npc.json","data\source\maps_source\城墙\cq_龙门城墙001_006_hd.mesh","128221.953125","7693.690429","132534.25"
"2805","WJ_大鱼骨头001_006.Mesh","npc.json","data\source\maps_source\小物件\遗骸\wj_大鱼骨头001_006_hd.mesh","121476.429687","7817.095703","127243.140625"
"2806","ST_xb龙门荒漠石001_011.Mesh","npc.json","data\source\maps_source\石头\st_xb龙门荒漠石001_011_hd.mesh","118040.179687","6146.916015","110552.71875"
"2807","WJ_天一坟地001_HD","npc.json","data\source\maps_source\小物件\坟地物件\wj_天一坟地001_hd.mesh","138226.78125","7882.140625","137568.5625"
"2808","CQ_龙门城墙001_006.Mesh","npc.json","data\source\maps_source\城墙\cq_龙门城墙001_006_hd.mesh","125324.320312","7777.302734","136153.65625"
"2809","ST_mj戈壁碎石003_002.Mesh","npc.json","data\source\maps_source\门派\明教\st_mj戈壁碎石003_002_hd.mesh","131309.140625","8393.895507","115421.320312"
"2810","st_mj戈壁碎石002_002_HD","npc.json","data\source\maps_source\门派\明教\st_mj戈壁碎石002_002_hd.mesh","116742.367187","8760.910156","123302.71875"
"2811","ST_mj石拱002.Mesh","npc.json","data\source\maps_source\门派\明教\st_mj石拱002_hd.mesh","130108.695312","8161.264648","144201.53125"
"2812","ST_mj戈壁碎石003_002.Mesh","npc.json","data\source\maps_source\门派\明教\st_mj戈壁碎石003_002_hd.mesh","114967.5","7592.113281","122377.640625"
"2813","CQ_龙门城墙001_006.Mesh","npc.json","data\source\maps_source\城墙\cq_龙门城墙001_006_hd.mesh","120780.945312","7777.304687","134841.25"
"2814","XWJ_火盆001_002.Mesh","npc.json","data\source\maps_source\小物件\灯\xwj_火盆001_002_hd.mesh","137453.140625","7743.002929","128702.984375"
"2815","ST_mj底层石头001_001_HD","npc.json","data\source\maps_source\门派\明教\st_mj底层石头001_001_hd.mesh","106514.3125","-119.694824","142452.015625"
"2816","WJ_龙门大缸001.Mesh","npc.json","data\source\maps_source\小物件\坛罐\wj_龙门大缸001_hd.mesh","146296.609375","10303.02246","111323.242187"
"2817","SD_崖壁狱门fb_001.Mesh","npc.json","data\source\maps_source\山洞\sd_崖壁狱门fb_001_hd.mesh","114596.609375","-1106.765625","102786.953125"
"2818","XWJ_火盆002_001_HD","npc.json","data\source\maps_source\小物件\灯\xwj_火盆002_001_hd.mesh","145369.296875","10192.632812","117278.679687"
"2819","wj_mj遮阳棚001_002_HD","npc.json","data\source\maps_source\门派\明教\wj_mj遮阳棚001_002_hd.mesh","128922.820312","9142.921875","146018.09375"
"2820","CQ_龙门城墙001_011.Mesh","npc.json","data\source\maps_source\城墙\cq_龙门城墙001_011_hd.mesh","131107.4375","7713.159179","134013.765625"
"2821","ST_mj石头003_004_HD","npc.json","data\source\maps_source\门派\明教\st_mj石头003_004_hd.mesh","140333.046875","7764.264648","149423.65625"
"2822","ST_xb龙门荒漠石001_010.Mesh","npc.json","data\source\maps_source\石头\st_xb龙门荒漠石001_010_hd.mesh","115396.929687","5891.265625","110349.15625"
"2823","CQ_龙门城墙001_006.Mesh","npc.json","data\source\maps_source\城墙\cq_龙门城墙001_006_hd.mesh","139007.8125","7758.699218","134764.46875"
"2824","CQ_龙门城墙001_006.Mesh","npc.json","data\source\maps_source\城墙\cq_龙门城墙001_006_hd.mesh","121875.59375","7722.349609","143220.09375"
"2825","CQ_龙门城墙001_006.Mesh","npc.json","data\source\maps_source\城墙\cq_龙门城墙001_006_hd.mesh","139595.703125","7777.302734","135722.90625"
"2826","XWJ_火盆001_002.Mesh","npc.json","data\source\maps_source\小物件\灯\xwj_火盆001_002_hd.mesh","131288.0625","7765.941406","129657.945312"
"2827","ST_xb龙门荒漠石001_010.Mesh","npc.json","data\source\maps_source\石头\st_xb龙门荒漠石001_010_hd.mesh","129670.460937","7501.802734","142606.234375"
"2828","CQ_龙门城墙001_006.Mesh","npc.json","data\source\maps_source\城墙\cq_龙门城墙001_006_hd.mesh","124219.976562","7777.302734","131590.421875"
"2829","st_mj戈壁碎石003_003_HD","npc.json","data\source\maps_source\门派\明教\st_mj戈壁碎石003_003_hd.mesh","148533.859375","10713.694335","114443.726562"
"2830","ST_xb龙门荒漠石001_011.Mesh","npc.json","data\source\maps_source\石头\st_xb龙门荒漠石001_011_hd.mesh","115216.25","7681.259765","119142.5625"
"2831","CQ_龙门城墙001_006.Mesh","npc.json","data\source\maps_source\城墙\cq_龙门城墙001_006_hd.mesh","138309.59375","7779.370117","140981.484375"
"2832","CQ_龙门城墙001_006.Mesh","npc.json","data\source\maps_source\城墙\cq_龙门城墙001_006_hd.mesh","143035.875","7777.302734","133361.609375"
"2833","CQ_龙门城墙001_006.Mesh","npc.json","data\source\maps_source\城墙\cq_龙门城墙001_006_hd.mesh","123619.0","7777.302734","129575.59375"
"2834","CQ_龙门城墙001_006.Mesh","npc.json","data\source\maps_source\城墙\cq_龙门城墙001_006_hd.mesh","121968.820312","7777.302734","128218.492187"
"2835","CQ_龙门城墙001_006.Mesh","npc.json","data\source\maps_source\城墙\cq_龙门城墙001_006_hd.mesh","129675.335937","7756.072265","135931.8125"
"2836","WJ_灯007A_HD","npc.json","data\source\maps_source\小物件\灯\wj_灯007a_hd.mesh","145965.75","10325.78125","110975.34375"
"2837","ST_mj底层石头001_001_HD","npc.json","data\source\maps_source\门派\明教\st_mj底层石头001_001_hd.mesh","138146.078125","11337.327148","146919.609375"
"2838","SD_崖壁狱门fb_001.Mesh","npc.json","data\source\maps_source\山洞\sd_崖壁狱门fb_001_hd.mesh","135022.90625","6292.977539","151972.6875"
"2839","CQ_龙门城墙001_006.Mesh","npc.json","data\source\maps_source\城墙\cq_龙门城墙001_006_hd.mesh","135172.765625","7777.302734","137183.484375"
"2840","CQ_龙门城墙001_006.Mesh","npc.json","data\source\maps_source\城墙\cq_龙门城墙001_006_hd.mesh","126784.640625","7746.219726","135921.328125"
"2841","CQ_龙门城墙001_011.Mesh","npc.json","data\source\maps_source\城墙\cq_龙门城墙001_011_hd.mesh","139199.125","7690.737304","130218.84375"
"2842","CQ_龙门城墙001_007.Mesh","npc.json","data\source\maps_source\城墙\cq_龙门城墙001_007_hd.mesh","138704.640625","7777.302734","128375.96875"
"2843","ST_mj戈壁碎石003_002.Mesh","npc.json","data\source\maps_source\门派\明教\st_mj戈壁碎石003_002_hd.mesh","137894.484375","7999.414062","111445.460937"
"2844","CQ_龙门城墙001_011.Mesh","npc.json","data\source\maps_source\城墙\cq_龙门城墙001_011_hd.mesh","142089.4375","7690.737304","128525.335937"
"2845","CQ_龙门城墙001_006.Mesh","npc.json","data\source\maps_source\城墙\cq_龙门城墙001_006_hd.mesh","132439.65625","7777.302734","131560.734375"
"2846","CQ_龙门城墙001_006.Mesh","npc.json","data\source\maps_source\城墙\cq_龙门城墙001_006_hd.mesh","126357.164062","7777.302734","137084.875"
"2847","CQ_龙门城墙001_006.Mesh","npc.json","data\source\maps_source\城墙\cq_龙门城墙001_006_hd.mesh","122579.171875","7777.302734","126710.742187"
"2848","JZ_xb楼兰哨台001_007.Mesh","npc.json","data\source\maps_source\建筑\jz_xb楼兰哨台001_007_hd.mesh","127579.125","7725.30371","131305.6875"
"2849","CQ_龙门城墙001_006.Mesh","npc.json","data\source\maps_source\城墙\cq_龙门城墙001_006_hd.mesh","122133.609375","7777.302734","133603.0"
"2850","st_mj底层石头001_003_HD","npc.json","data\source\maps_source\门派\明教\st_mj底层石头001_003_hd.mesh","107653.179687","4878.545898","146525.46875"
"2851","CQ_龙门城墙001_011.Mesh","npc.json","data\source\maps_source\城墙\cq_龙门城墙001_011_hd.mesh","124222.960937","7778.105468","128195.023437"
"2852","XWJ_xb楼兰墓地001_002.Mesh","npc.json","data\source\maps_source\小物件\坟地物件\xwj_xb楼兰墓地001_002_hd.mesh","129625.851562","6587.364257","107468.453125"
"2853","CQ_龙门城墙001_006.Mesh","npc.json","data\source\maps_source\城墙\cq_龙门城墙001_006_hd.mesh","132281.015625","7777.302734","132674.3125"
"2854","wj_mj遮阳棚001_002_HD","npc.json","data\source\maps_source\门派\明教\wj_mj遮阳棚001_002_hd.mesh","138571.53125","7850.835937","137606.375"
"2855","CQ_龙门城墙001_006.Mesh","npc.json","data\source\maps_source\城墙\cq_龙门城墙001_006_hd.mesh","120771.546875","7779.104492","138022.40625"
"2856","CQ_龙门城墙001_011.Mesh","npc.json","data\source\maps_source\城墙\cq_龙门城墙001_011_hd.mesh","139199.125","7690.737304","131560.109375"
"2857","CQ_龙门城墙001_006.Mesh","npc.json","data\source\maps_source\城墙\cq_龙门城墙001_006_hd.mesh","141240.171875","7777.302734","128493.335937"
"2858","CQ_龙门城墙001_006.Mesh","npc.json","data\source\maps_source\城墙\cq_龙门城墙001_006_hd.mesh","126259.914062","7777.302734","128045.070312"
"2859","CQ_龙门城墙001_006.Mesh","npc.json","data\source\maps_source\城墙\cq_龙门城墙001_006_hd.mesh","124242.9375","7824.257812","135665.375"
"2860","st_mj戈壁碎石003_002_HD","npc.json","data\source\maps_source\门派\明教\st_mj戈壁碎石003_002_hd.mesh","107861.6875","2271.556152","141823.375"
"2861","CQ_龙门城墙001_006.Mesh","npc.json","data\source\maps_source\城墙\cq_龙门城墙001_006_hd.mesh","124509.992187","7760.375","140592.640625"
"2862","ST_mj石头003_001.Mesh","npc.json","data\source\maps_source\门派\明教\st_mj石头003_001_hd.mesh","141376.953125","6458.723632","145227.546875"
"2863","ST_mj戈壁碎石003_002.Mesh","npc.json","data\source\maps_source\门派\明教\st_mj戈壁碎石003_002_hd.mesh","146879.84375","7700.451171","144594.09375"
"2864","ST_mj石头003_003.Mesh","npc.json","data\source\maps_source\门派\明教\st_mj石头003_003_hd.mesh","146103.671875","1255.831054","135677.953125"
"2865","s_mj树001_002_HD","npc.json","data\source\maps_source\门派\明教\s_mj树001_002_hd.mesh","151169.3125","14727.443359","109222.90625"
"2866","CQ_龙门城墙001_006.Mesh","npc.json","data\source\maps_source\城墙\cq_龙门城墙001_006_hd.mesh","126259.882812","7777.302734","133530.0625"
"2867","st_mj戈壁碎石003_003_HD","npc.json","data\source\maps_source\门派\明教\st_mj戈壁碎石003_003_hd.mesh","133308.34375","8951.353515","118412.09375"
"2868","CQ_龙门城墙001_006.Mesh","npc.json","data\source\maps_source\城墙\cq_龙门城墙001_006_hd.mesh","123299.851562","7777.302734","131199.546875"
"2869","ST_mj石头002_002_HD","npc.json","data\source\maps_source\门派\明教\st_mj石头002_002_hd.mesh","115096.914062","-239.77246","142416.140625"
"2870","CQ_龙门城墙001_011.Mesh","npc.json","data\source\maps_source\城墙\cq_龙门城墙001_011_hd.mesh","126249.6875","7768.612304","126646.820312"
"2871","CQ_龙门城墙001_006.Mesh","npc.json","data\source\maps_source\城墙\cq_龙门城墙001_006_hd.mesh","142092.171875","7777.302734","129172.523437"
"2872","CQ_龙门城墙001_006.Mesh","npc.json","data\source\maps_source\城墙\cq_龙门城墙001_006_hd.mesh","122007.179687","7777.304687","138051.9375"
"2873","JZ_xb楼兰哨台001_006.Mesh","npc.json","data\source\maps_source\建筑\jz_xb楼兰哨台001_006_hd.mesh","129776.242187","6863.346679","113829.835937"
"2874","CQ_龙门城墙001_007.Mesh","npc.json","data\source\maps_source\城墙\cq_龙门城墙001_007_hd.mesh","133709.953125","7789.036132","135614.40625"
"2875","CQ_龙门城墙001_006.Mesh","npc.json","data\source\maps_source\城墙\cq_龙门城墙001_006_hd.mesh","126259.914062","7777.302734","127227.726562"
"2876","WJ_大鱼骨头001_006.Mesh","npc.json","data\source\maps_source\小物件\遗骸\wj_大鱼骨头001_006_hd.mesh","125559.445312","7830.109375","137794.546875"
"2877","CQ_龙门城墙001_007.Mesh","npc.json","data\source\maps_source\城墙\cq_龙门城墙001_007_hd.mesh","139949.453125","7763.142578","131976.671875"
"2878","wj_mj破碎宝物001_003_HD","npc.json","data\source\maps_source\门派\明教\wj_mj破碎宝物001_003_hd.mesh","149629.09375","8009.988281","141063.015625"
"2879","st_mj戈壁碎石003_001_HD","npc.json","data\source\maps_source\门派\明教\st_mj戈壁碎石003_001_hd.mesh","149392.671875","7900.640625","142538.046875"
"2880","CQ_龙门城墙002.Mesh","npc.json","data\source\maps_source\城墙\cq_龙门城墙002_hd.mesh","132171.640625","7777.301757","130169.984375"
"2881","ST_mj中层石头001_004_HD","npc.json","data\source\maps_source\门派\明教\st_mj中层石头001_004_hd.mesh","150592.421875","12226.982421","107715.59375"
"2882","st_mj石拱003_HD","npc.json","data\source\maps_source\门派\明教\st_mj石拱003_hd.mesh","143056.75","7678.642578","108365.257812"
"2883","CQ_龙门城墙001_006.Mesh","npc.json","data\source\maps_source\城墙\cq_龙门城墙001_006_hd.mesh","131138.359375","7777.302734","136156.625"
"2884","CQ_龙门城墙001_006.Mesh","npc.json","data\source\maps_source\城墙\cq_龙门城墙001_006_hd.mesh","136668.125","7777.302734","131560.625"
"2885","CQ_龙门城墙001_006.Mesh","npc.json","data\source\maps_source\城墙\cq_龙门城墙001_006_hd.mesh","123882.914062","7777.302734","133806.90625"
"2886","CQ_龙门城墙001_006.Mesh","npc.json","data\source\maps_source\城墙\cq_龙门城墙001_006_hd.mesh","142951.375","7783.546875","137136.171875"
"2887","CQ_龙门城墙001_006.Mesh","npc.json","data\source\maps_source\城墙\cq_龙门城墙001_006_hd.mesh","131328.109375","7777.302734","132674.3125"
"2888","ST_xb龙门荒漠石001_002.Mesh","npc.json","data\source\maps_source\石头\st_xb龙门荒漠石001_002_hd.mesh","128990.640625","7466.074218","113176.195312"
"2889","CQ_龙门城墙001_011.Mesh","npc.json","data\source\maps_source\城墙\cq_龙门城墙001_011_hd.mesh","120880.601562","7717.483398","143249.328125"
"2890","wj_mj篝火001_001_HD","npc.json","data\source\maps_source\门派\明教\wj_mj篝火001_001_hd.mesh","150770.390625","8021.035156","141451.78125"
"2891","wj_mj遮阳棚001_002_HD","npc.json","data\source\maps_source\门派\明教\wj_mj遮阳棚001_002_hd.mesh","150196.265625","7960.685546","141559.78125"
"2892","ST_xb龙门荒漠石001_003.Mesh","npc.json","data\source\maps_source\石头\st_xb龙门荒漠石001_003_hd.mesh","109535.171875","1060.936523","102968.039062"
"2893","st_mj石拱003_HD","npc.json","data\source\maps_source\门派\明教\st_mj石拱003_hd.mesh","150494.90625","12824.361328","115056.90625"
"2894","CQ_龙门城墙001_006.Mesh","npc.json","data\source\maps_source\城墙\cq_龙门城墙001_006_hd.mesh","138136.265625","7827.109375","131913.9375"
"2895","st_mj戈壁碎石003_001_HD","npc.json","data\source\maps_source\门派\明教\st_mj戈壁碎石003_001_hd.mesh","148322.515625","7845.86914","143469.828125"
"2896","CQ_龙门城墙001_006.Mesh","npc.json","data\source\maps_source\城墙\cq_龙门城墙001_006_hd.mesh","126259.914062","7777.302734","135315.78125"
"2897","CQ_龙门城墙001_011.Mesh","npc.json","data\source\maps_source\城墙\cq_龙门城墙001_011_hd.mesh","126229.132812","7690.737304","135914.796875"
"2898","ST_mj戈壁碎石003_002.Mesh","npc.json","data\source\maps_source\门派\明教\st_mj戈壁碎石003_002_hd.mesh","148929.734375","7948.010742","140051.90625"
"2899","CQ_龙门城墙001_006.Mesh","npc.json","data\source\maps_source\城墙\cq_龙门城墙001_006_hd.mesh","138010.0","7777.302734","134737.234375"
"2900","SD_崖壁狱门fb_001.Mesh","npc.json","data\source\maps_source\山洞\sd_崖壁狱门fb_001_hd.mesh","150376.109375","7193.4375","120051.101562"
"2901","CQ_龙门城墙001_006.Mesh","npc.json","data\source\maps_source\城墙\cq_龙门城墙001_006_hd.mesh","123254.0","7777.302734","136118.1875"
"2902","CQ_龙门城墙001_011.Mesh","npc.json","data\source\maps_source\城墙\cq_龙门城墙001_011_hd.mesh","126068.976562","7691.237304","143091.9375"
"2903","JZ_xb楼兰哨台001_007.Mesh","npc.json","data\source\maps_source\建筑\jz_xb楼兰哨台001_007_hd.mesh","137589.515625","6745.393554","107420.023437"
"2904","CQ_龙门城墙001_006.Mesh","npc.json","data\source\maps_source\城墙\cq_龙门城墙001_006_hd.mesh","122126.101562","7777.302734","135119.546875"
"2905","CQ_龙门城墙001_006.Mesh","npc.json","data\source\maps_source\城墙\cq_龙门城墙001_006_hd.mesh","133907.0625","7777.302734","133780.0625"
"2906","CQ_龙门城墙001_006.Mesh","npc.json","data\source\maps_source\城墙\cq_龙门城墙001_006_hd.mesh","126259.914062","7777.302734","131085.34375"
"2907","CQ_龙门城墙001_006.Mesh","npc.json","data\source\maps_source\城墙\cq_龙门城墙001_006_hd.mesh","130148.539062","7791.013671","135359.484375"
"2908","CQ_龙门城墙001_011.Mesh","npc.json","data\source\maps_source\城墙\cq_龙门城墙001_011_hd.mesh","141326.625","7758.474609","137167.9375"
"2909","CQ_龙门城墙001_006.Mesh","npc.json","data\source\maps_source\城墙\cq_龙门城墙001_006_hd.mesh","139724.0625","7777.302734","140981.484375"
"2910","ST_xb龙门荒漠石001_012.Mesh","npc.json","data\source\maps_source\石头\st_xb龙门荒漠石001_012_hd.mesh","129970.984375","6574.675781","111934.882812"
"2911","CQ_龙门城墙001_006.Mesh","npc.json","data\source\maps_source\城墙\cq_龙门城墙001_006_hd.mesh","120780.945312","7782.92871","127611.945312"
"2912","CQ_龙门城墙001_006.Mesh","npc.json","data\source\maps_source\城墙\cq_龙门城墙001_006_hd.mesh","129853.140625","7777.302734","132674.3125"
"2913","st_mj戈壁碎石002_002_HD","npc.json","data\source\maps_source\门派\明教\st_mj戈壁碎石002_002_hd.mesh","115739.164062","16147.568359","149001.40625"
"2914","ST_xb龙门荒漠石001_011.Mesh","npc.json","data\source\maps_source\石头\st_xb龙门荒漠石001_011_hd.mesh","112027.273437","2376.5625","121492.867187"
"2915","XWJ_火盆001_002.Mesh","npc.json","data\source\maps_source\小物件\灯\xwj_火盆001_002_hd.mesh","126781.984375","7764.67871","128800.851562"
"2916","CQ_龙门城墙001_006.Mesh","npc.json","data\source\maps_source\城墙\cq_龙门城墙001_006_hd.mesh","122940.007812","7722.351562","139540.875"
"2917","SD_崖壁狱门fb_001.Mesh","npc.json","data\source\maps_source\山洞\sd_崖壁狱门fb_001_hd.mesh","110530.851562","1861.430664","152522.125"
"2918","CQ_龙门城墙001_006.Mesh","npc.json","data\source\maps_source\城墙\cq_龙门城墙001_006_hd.mesh","125176.117187","7722.349609","143062.703125"
"2919","XWJ_火盆001_002.Mesh","npc.json","data\source\maps_source\小物件\灯\xwj_火盆001_002_hd.mesh","124212.929687","8123.305664","143830.6875"
"2920","CQ_龙门城墙001_006.Mesh","npc.json","data\source\maps_source\城墙\cq_龙门城墙001_006_hd.mesh","123059.453125","7777.302734","127674.226562"
"2921","ST_mj底层石头001_002_HD","npc.json","data\source\maps_source\门派\明教\st_mj底层石头001_002_hd.mesh","108436.5","1650.358398","144903.296875"
"2922","st_mj戈壁碎石003_003_HD","npc.json","data\source\maps_source\门派\明教\st_mj戈壁碎石003_003_hd.mesh","148775.953125","8749.078125","105857.617187"
"2923","st_mj石拱002_HD","npc.json","data\source\maps_source\门派\明教\st_mj石拱002_hd.mesh","120105.351562","7292.380859","152205.0"
"2924","CQ_龙门城墙001_006.Mesh","npc.json","data\source\maps_source\城墙\cq_龙门城墙001_006_hd.mesh","123244.757812","7777.302734","137197.8125"
"2925","st_mj戈壁碎石003_003_HD","npc.json","data\source\maps_source\门派\明教\st_mj戈壁碎石003_003_hd.mesh","119469.734375","7903.458007","122251.710937"
"2926","st_mj戈壁碎石003_002_HD","npc.json","data\source\maps_source\门派\明教\st_mj戈壁碎石003_002_hd.mesh","111461.328125","1770.26416","142785.421875"
"2927","ST_mj戈壁碎石003_002.Mesh","npc.json","data\source\maps_source\门派\明教\st_mj戈壁碎石003_002_hd.mesh","136652.84375","8651.09375","119412.960937"
"2928","jz_xb楼兰哨台001_001_HD","npc.json","data\source\maps_source\建筑\jz_xb楼兰哨台001_001_hd.mesh","145679.15625","10137.80371","118784.484375"
"2929","CQ_龙门城墙001_011.Mesh","npc.json","data\source\maps_source\城墙\cq_龙门城墙001_011_hd.mesh","133117.71875","7690.737304","137162.21875"
"2930","CQ_龙门城墙001_006.Mesh","npc.json","data\source\maps_source\城墙\cq_龙门城墙001_006_hd.mesh","133979.3125","7777.301757","130187.21875"
"2931","JZ_mj中型民居001_001_HD","npc.json","data\source\maps_source\门派\明教\jz_mj中型民居001_001_hd.mesh","152743.21875","12880.708984","111894.960937"
"2932","CQ_龙门城墙001_006.Mesh","npc.json","data\source\maps_source\城墙\cq_龙门城墙001_006_hd.mesh","129319.429687","7777.302734","131560.671875"
"2933","CQ_龙门城墙001_006.Mesh","npc.json","data\source\maps_source\城墙\cq_龙门城墙001_006_hd.mesh","129378.859375","7777.302734","137084.875"
"2934","CQ_龙门城墙001_011.Mesh","npc.json","data\source\maps_source\城墙\cq_龙门城墙001_011_hd.mesh","122199.96875","7785.302734","136107.296875"
"2935","ST_mj底层石头001_001_HD","npc.json","data\source\maps_source\门派\明教\st_mj底层石头001_001_hd.mesh","114286.40625","10145.644531","152468.140625"
"2936","CQ_龙门城墙001_006.Mesh","npc.json","data\source\maps_source\城墙\cq_龙门城墙001_006_hd.mesh","122090.65625","7777.302734","130266.0"
"2937","CQ_龙门城墙001_006.Mesh","npc.json","data\source\maps_source\城墙\cq_龙门城墙001_006_hd.mesh","125225.085937","7777.304687","140710.109375"
"2938","CQ_龙门城墙001_006.Mesh","npc.json","data\source\maps_source\城墙\cq_龙门城墙001_006_hd.mesh","143035.875","7777.302734","130397.804687"
"2939","CQ_龙门城墙002.Mesh","npc.json","data\source\maps_source\城墙\cq_龙门城墙002_hd.mesh","123542.742187","7818.166015","143190.703125"
"2940","CQ_龙门城墙001_006.Mesh","npc.json","data\source\maps_source\城墙\cq_龙门城墙001_006_hd.mesh","142093.640625","7777.302734","130214.007812"
"2941","st_mj戈壁碎石003_003_HD","npc.json","data\source\maps_source\门派\明教\st_mj戈壁碎石003_003_hd.mesh","149178.90625","12245.933593","112018.023437"
"2942","XWJ_破石柱005_01.Mesh","npc.json","data\source\maps_source\小物件\破柱子\xwj_破石柱005_01_hd.mesh","135013.296875","7761.339843","127020.398437"
"2943","st_mj光明顶001_005_HD","npc.json","data\source\maps_source\门派\明教\st_mj光明顶001_005_hd.mesh","114895.328125","-579.454101","125672.320312"
"2944","XWJ_xb楼兰墓地001_005.Mesh","npc.json","data\source\maps_source\小物件\坟地物件\xwj_xb楼兰墓地001_005_hd.mesh","129897.578125","6590.208007","107750.601562"
"2945","XWJ_破石柱004_01.Mesh","npc.json","data\source\maps_source\小物件\破柱子\xwj_破石柱004_01_hd.mesh","120508.828125","6850.419921","102519.84375"
"2946","ST_mj底层石头001_001_HD","npc.json","data\source\maps_source\门派\明教\st_mj底层石头001_001_hd.mesh","137435.15625","12981.64746","150138.59375"
"2947","CQ_龙门城墙001_011.Mesh","npc.json","data\source\maps_source\城墙\cq_龙门城墙001_011_hd.mesh","139015.734375","7703.833984","135704.765625"
"2948","CQ_龙门城墙001_011.Mesh","npc.json","data\source\maps_source\城墙\cq_龙门城墙001_011_hd.mesh","137718.65625","7711.560546","140932.359375"
"2949","CQ_龙门城墙001_006.Mesh","npc.json","data\source\maps_source\城墙\cq_龙门城墙001_006_hd.mesh","120780.945312","7777.302734","130457.328125"
"2950","CQ_龙门城墙001_006.Mesh","npc.json","data\source\maps_source\城墙\cq_龙门城墙001_006_hd.mesh","125366.835937","7809.603515","130080.203125"
"2951","CQ_龙门城墙001_006.Mesh","npc.json","data\source\maps_source\城墙\cq_龙门城墙001_006_hd.mesh","136109.0","7716.727539","132417.46875"
"2952","CQ_龙门城墙001_011.Mesh","npc.json","data\source\maps_source\城墙\cq_龙门城墙001_011_hd.mesh","125368.476562","7772.93164","128214.484375"
"2953","XWJ_破石柱004_01.Mesh","npc.json","data\source\maps_source\小物件\破柱子\xwj_破石柱004_01_hd.mesh","127364.15625","7709.214843","132268.171875"
"2954","CQ_龙门城墙001_006.Mesh","npc.json","data\source\maps_source\城墙\cq_龙门城墙001_006_hd.mesh","137687.890625","7777.302734","137799.0"
"2955","st_mj戈壁碎石003_003_HD","npc.json","data\source\maps_source\门派\明教\st_mj戈壁碎石003_003_hd.mesh","120083.609375","7457.304687","121251.65625"
"2956","CQ_龙门城墙001_011.Mesh","npc.json","data\source\maps_source\城墙\cq_龙门城墙001_011_hd.mesh","130135.679687","7690.737304","135914.796875"
"2957","st_mj戈壁碎石003_001_HD","npc.json","data\source\maps_source\门派\明教\st_mj戈壁碎石003_001_hd.mesh","113321.578125","5942.111328","143441.015625"
"2958","CQ_龙门城墙001_006.Mesh","npc.json","data\source\maps_source\城墙\cq_龙门城墙001_006_hd.mesh","126099.648437","7777.302734","140623.078125"
"2959","CQ_龙门城墙001_006.Mesh","npc.json","data\source\maps_source\城墙\cq_龙门城墙001_006_hd.mesh","127856.8125","7777.302734","137084.875"
"2960","ST_xb龙门荒漠石001_002.Mesh","npc.json","data\source\maps_source\石头\st_xb龙门荒漠石001_002_hd.mesh","119278.921875","7371.572265","117337.0625"
"2961","CQ_龙门城墙001_006.Mesh","npc.json","data\source\maps_source\城墙\cq_龙门城墙001_006_hd.mesh","126099.648437","7777.302734","139101.671875"
"2962","ST_xb龙门荒漠石001_003.Mesh","npc.json","data\source\maps_source\石头\st_xb龙门荒漠石001_003_hd.mesh","128039.679687","7783.401367","142326.875"
"2963","CQ_龙门城墙001_006.Mesh","npc.json","data\source\maps_source\城墙\cq_龙门城墙001_006_hd.mesh","139554.203125","7777.302734","133897.515625"
"2964","st_mj光明顶001_005_HD","npc.json","data\source\maps_source\门派\明教\st_mj光明顶001_005_hd.mesh","115223.40625","224.966796","128991.429687"
"2965","CQ_龙门城墙001_006.Mesh","npc.json","data\source\maps_source\城墙\cq_龙门城墙001_006_hd.mesh","138980.421875","7777.302734","126835.421875"
"2966","SD_崖壁狱门fb_001.Mesh","npc.json","data\source\maps_source\山洞\sd_崖壁狱门fb_001_hd.mesh","134494.609375","6550.404296","114140.867187"
"2967","ST_mj戈壁碎石003_002.Mesh","npc.json","data\source\maps_source\门派\明教\st_mj戈壁碎石003_002_hd.mesh","119409.164062","11915.435546","151190.0625"
"2968","CQ_龙门城墙001_006.Mesh","npc.json","data\source\maps_source\城墙\cq_龙门城墙001_006_hd.mesh","139228.28125","7791.013671","130931.570312"
"2969","CQ_龙门城墙001_006.Mesh","npc.json","data\source\maps_source\城墙\cq_龙门城墙001_006_hd.mesh","125368.476562","7809.039062","130967.03125"
"2970","ST_mj戈壁碎石003_002.Mesh","npc.json","data\source\maps_source\门派\明教\st_mj戈壁碎石003_002_hd.mesh","143933.484375","8909.162109","120496.578125"
"2971","jz_dhg大平台001_001_HD","npc.json","data\source\maps_source\门派\红衣教\jz_dhg大平台001_001_hd.mesh","132260.171875","7691.797851","125612.015625"
"2972","ST_xb龙门荒漠石001_005.Mesh","npc.json","data\source\maps_source\石头\st_xb龙门荒漠石001_005_hd.mesh","136181.703125","8417.08789","145146.734375"
"2973","ST_mj戈壁碎石003_002.Mesh","npc.json","data\source\maps_source\门派\明教\st_mj戈壁碎石003_002_hd.mesh","147304.921875","8970.044921","136585.203125"
"2974","ST_xb龙门荒漠石001_001.Mesh","npc.json","data\source\maps_source\石头\st_xb龙门荒漠石001_001_hd.mesh","136994.359375","6441.817382","107353.148437"
"2975","CQ_龙门城墙001_007.Mesh","npc.json","data\source\maps_source\城墙\cq_龙门城墙001_007_hd.mesh","134189.25","7754.811523","132993.984375"
"2976","CQ_龙门城墙001_006.Mesh","npc.json","data\source\maps_source\城墙\cq_龙门城墙001_006_hd.mesh","124219.9375","7777.302734","130194.953125"
"2977","CQ_龙门城墙001_006.Mesh","npc.json","data\source\maps_source\城墙\cq_龙门城墙001_006_hd.mesh","143035.875","7777.302734","131875.703125"
"2978","SD_崖壁狱门fb_001.Mesh","npc.json","data\source\maps_source\山洞\sd_崖壁狱门fb_001_hd.mesh","132565.328125","8062.081054","144978.828125"
"2979","XWJ_火盆001_002.Mesh","npc.json","data\source\maps_source\小物件\灯\xwj_火盆001_002_hd.mesh","132825.234375","8083.847656","137654.265625"
"2980","CQ_龙门城墙001_011.Mesh","npc.json","data\source\maps_source\城墙\cq_龙门城墙001_011_hd.mesh","129192.109375","7690.737304","135914.796875"
"2981","ST_mj戈壁碎石003_002.Mesh","npc.json","data\source\maps_source\门派\明教\st_mj戈壁碎石003_002_hd.mesh","135616.734375","8049.439453","144712.84375"
"2982","CQ_龙门城墙001_011.Mesh","npc.json","data\source\maps_source\城墙\cq_龙门城墙001_011_hd.mesh","126263.015625","7772.877929","128668.414062"
"2983","CQ_龙门城墙001_006.Mesh","npc.json","data\source\maps_source\城墙\cq_龙门城墙001_006_hd.mesh","125210.085937","7777.304687","142236.375"
"2984","ST_mj石头003_001.Mesh","npc.json","data\source\maps_source\门派\明教\st_mj石头003_001_hd.mesh","116724.976562","7383.74121","148904.421875"
"2985","WJ_龙门大缸001.Mesh","npc.json","data\source\maps_source\小物件\坛罐\wj_龙门大缸001_hd.mesh","146337.328125","10309.221679","111005.398437"
"2986","CQ_龙门城墙001_006.Mesh","npc.json","data\source\maps_source\城墙\cq_龙门城墙001_006_hd.mesh","124219.976562","7777.302734","128971.132812"
"2987","CQ_龙门城墙001_006.Mesh","npc.json","data\source\maps_source\城墙\cq_龙门城墙001_006_hd.mesh","124802.960937","7777.302734","135184.953125"
"2988","ST_xb龙门荒漠石001_003.Mesh","npc.json","data\source\maps_source\石头\st_xb龙门荒漠石001_003_hd.mesh","136200.359375","7410.447265","142345.6875"
"2989","ST_mj戈壁碎石003_002.Mesh","npc.json","data\source\maps_source\门派\明教\st_mj戈壁碎石003_002_hd.mesh","129832.539062","8458.27832","113212.09375"
"2990","CQ_龙门城墙001_006.Mesh","npc.json","data\source\maps_source\城墙\cq_龙门城墙001_006_hd.mesh","127805.703125","7777.302734","131555.90625"
"2991","CQ_龙门城墙001_006.Mesh","npc.json","data\source\maps_source\城墙\cq_龙门城墙001_006_hd.mesh","138454.703125","7777.301757","130187.21875"
"2992","ST_mj石头003_003.Mesh","npc.json","data\source\maps_source\门派\明教\st_mj石头003_003_hd.mesh","133000.875","5289.58789","150158.484375"
"2993","WJ_mj地板碎块001_001","npc.json","data\source\maps_source\门派\明教\wj_mj地板碎块001_001_hd.mesh","144494.9375","9970.126953","111935.453125"
"2994","ST_mj石头002_002_HD","npc.json","data\source\maps_source\门派\明教\st_mj石头002_002_hd.mesh","117362.101562","148.57373","135153.25"
"2995","CQ_龙门城墙001_006.Mesh","npc.json","data\source\maps_source\城墙\cq_龙门城墙001_006_hd.mesh","140356.5625","7777.302734","137186.171875"
"2996","XWJ_火盆001_002.Mesh","npc.json","data\source\maps_source\小物件\灯\xwj_火盆001_002_hd.mesh","131315.71875","8050.126953","137651.34375"
"2997","CQ_龙门城墙001_006.Mesh","npc.json","data\source\maps_source\城墙\cq_龙门城墙001_006_hd.mesh","133109.796875","7791.013671","134459.9375"
"2998","CQ_龙门城墙001_011.Mesh","npc.json","data\source\maps_source\城墙\cq_龙门城墙001_011_hd.mesh","140403.546875","7690.737304","128525.335937"
"2999","CQ_龙门城墙001_006.Mesh","npc.json","data\source\maps_source\城墙\cq_龙门城墙001_006_hd.mesh","120771.546875","7778.77246","141414.078125"
"3000","CQ_龙门城墙001_006.Mesh","npc.json","data\source\maps_source\城墙\cq_龙门城墙001_006_hd.mesh","142080.828125","7777.302734","133220.359375"
"3001","st_mj戈壁碎石003_003_HD","npc.json","data\source\maps_source\门派\明教\st_mj戈壁碎石003_003_hd.mesh","118346.820312","6849.086914","133831.28125"
"3002","st_mj石拱003_HD","npc.json","data\source\maps_source\门派\明教\st_mj石拱003_hd.mesh","145847.1875","7803.233398","106952.867187"
"3003","CQ_龙门城墙001_011.Mesh","npc.json","data\source\maps_source\城墙\cq_龙门城墙001_011_hd.mesh","138012.265625","7690.737304","126832.0"
"3004","JZ_xb玉门关建筑001_004_HD","npc.json","data\source\maps_source\建筑\jz_xb玉门关建筑001_004_hd.mesh","146842.25","10388.859375","109812.3125"
"3005","st_mj戈壁碎石003_003_HD","npc.json","data\source\maps_source\门派\明教\st_mj戈壁碎石003_003_hd.mesh","147643.828125","10722.95996","107770.882812"
"3006","XWJ_火盆001_002.Mesh","npc.json","data\source\maps_source\小物件\灯\xwj_火盆001_002_hd.mesh","122960.4375","7981.572265","143788.0"
"3007","CQ_龙门城墙001_006.Mesh","npc.json","data\source\maps_source\城墙\cq_龙门城墙001_006_hd.mesh","133912.59375","7777.302734","131560.625"
"3008","CQ_龙门城墙001_011.Mesh","npc.json","data\source\maps_source\城墙\cq_龙门城墙001_011_hd.mesh","125352.789062","7726.298828","137153.921875"
"3009","XWJ_破石柱004_01.Mesh","npc.json","data\source\maps_source\小物件\破柱子\xwj_破石柱004_01_hd.mesh","137411.546875","6802.863281","111885.507812"
"3010","CQ_龙门城墙001_006.Mesh","npc.json","data\source\maps_source\城墙\cq_龙门城墙001_006_hd.mesh","137687.890625","7777.30371","140530.421875"
"3011","CQ_龙门城墙001_006.Mesh","npc.json","data\source\maps_source\城墙\cq_龙门城墙001_006_hd.mesh","136965.609375","7777.301757","130187.21875"
"3012","CQ_龙门城墙001_006.Mesh","npc.json","data\source\maps_source\城墙\cq_龙门城墙001_006_hd.mesh","137700.71875","7777.302734","137183.484375"
"3013","CQ_龙门城墙001_006.Mesh","npc.json","data\source\maps_source\城墙\cq_龙门城墙001_006_hd.mesh","126884.554687","7777.301757","130176.328125"
"3014","JZ_xb楼兰哨台001_005.Mesh","npc.json","data\source\maps_source\建筑\jz_xb楼兰哨台001_005_hd.mesh","125998.585937","7939.633789","153028.171875"
"3015","HYJ_红衣教圣火柱001.Mesh","npc.json","data\source\maps_source\门派\红衣教\hyj_红衣教圣火柱001_hd.mesh","135920.15625","6551.833984","106239.429687"
"3016","CQ_龙门城墙001_007.Mesh","npc.json","data\source\maps_source\城墙\cq_龙门城墙001_007_hd.mesh","136707.53125","7703.987304","136388.21875"
"3017","ST_mj石头003_001.Mesh","npc.json","data\source\maps_source\门派\明教\st_mj石头003_001_hd.mesh","129270.710937","7814.208984","140716.34375"
"3018","CQ_龙门城墙001_006.Mesh","npc.json","data\source\maps_source\城墙\cq_龙门城墙001_006_hd.mesh","125366.875","7800.083984","128951.945312"
"3019","CQ_龙门城墙001_006.Mesh","npc.json","data\source\maps_source\城墙\cq_龙门城墙001_006_hd.mesh","123989.03125","7777.302734","126694.90625"
"3020","CQ_龙门城墙001_006.Mesh","npc.json","data\source\maps_source\城墙\cq_龙门城墙001_006_hd.mesh","135416.71875","7777.302734","131560.625"
"3021","SD_崖壁狱门fb_001.Mesh","npc.json","data\source\maps_source\山洞\sd_崖壁狱门fb_001_hd.mesh","132918.5625","5302.271484","153565.359375"
"3022","ST_xb龙门荒漠石001_012.Mesh","npc.json","data\source\maps_source\石头\st_xb龙门荒漠石001_012_hd.mesh","108666.03125","262.77539","133863.96875"
"3023","CQ_龙门城墙001_006.Mesh","npc.json","data\source\maps_source\城墙\cq_龙门城墙001_006_hd.mesh","130544.515625","7777.302734","137084.875"
"3024","JZ_dhg大平台001.Mesh","npc.json","data\source\maps_source\门派\红衣教\jz_dhg大平台001_hd.mesh","132193.0625","7536.010742","126079.59375"
"3025","st_mj戈壁碎石003_002_HD","npc.json","data\source\maps_source\门派\明教\st_mj戈壁碎石003_002_hd.mesh","118660.679687","3377.195312","138343.296875"
"3026","st_mj戈壁碎石003_003_HD","npc.json","data\source\maps_source\门派\明教\st_mj戈壁碎石003_003_hd.mesh","153215.671875","14046.78125","109054.492187"
"3027","s_mj树002_002_HD","npc.json","data\source\maps_source\门派\明教\s_mj树002_002_hd.mesh","151580.65625","13095.548828","105541.515625"
"3028","CQ_龙门城墙001_011.Mesh","npc.json","data\source\maps_source\城墙\cq_龙门城墙001_011_hd.mesh","140078.828125","7797.251953","133915.484375"
"3029","ST_mj戈壁碎石003_002.Mesh","npc.json","data\source\maps_source\门派\明教\st_mj戈壁碎石003_002_hd.mesh","119340.828125","12019.705078","150469.8125"
"3030","XWJ_破石柱005_01.Mesh","npc.json","data\source\maps_source\小物件\破柱子\xwj_破石柱005_01_hd.mesh","123561.335937","7700.727539","126209.445312"
"3031","CQ_龙门城墙001_006.Mesh","npc.json","data\source\maps_source\城墙\cq_龙门城墙001_006_hd.mesh","120771.546875","7777.333007","139414.6875"
"3032","CQ_龙门城墙001_006.Mesh","npc.json","data\source\maps_source\城墙\cq_龙门城墙001_006_hd.mesh","122754.296875","7777.302734","130645.0"
"3033","S_tql黄叶树001_001_HD","npc.json","data\source\maps_source\树\s_tql黄叶树001_001_hd.mesh","117913.640625","16249.783203","148173.5625"
"3034","CQ_龙门城墙001_011.Mesh","npc.json","data\source\maps_source\城墙\cq_龙门城墙001_011_hd.mesh","143009.1875","7690.737304","126832.0"
"3035","CQ_龙门城墙001_011.Mesh","npc.json","data\source\maps_source\城墙\cq_龙门城墙001_011_hd.mesh","126263.015625","7751.505859","130180.96875"
"3036","JZ_dhg大平台001_001.Mesh","npc.json","data\source\maps_source\门派\红衣教\jz_dhg大平台001_001_hd.mesh","132220.9375","7718.969726","126057.976562"
"3037","WJ_大鱼骨头001_009_HD","npc.json","data\source\maps_source\小物件\遗骸\wj_大鱼骨头001_009_hd.mesh","139085.375","7843.265625","137754.390625"
"3038","CQ_龙门城墙001_011.Mesh","npc.json","data\source\maps_source\城墙\cq_龙门城墙001_011_hd.mesh","129230.046875","7690.737304","134027.546875"
"3039","ST_mj石头002_003_HD","npc.json","data\source\maps_source\门派\明教\st_mj石头002_003_hd.mesh","137103.34375","8724.291015","151787.671875"
"3040","xwj_骷髅堆001_002_HD","npc.json","data\source\maps_source\小物件\坟地物件\xwj_骷髅堆001_002_hd.mesh","138120.34375","7877.414062","137809.453125"
"3041","WJ_mj遮阳扇001","npc.json","data\source\maps_source\门派\明教\wj_mj遮阳扇001_hd.mesh","146875.375","10310.114257","111656.484375"
"3042","CQ_龙门城墙001_006.Mesh","npc.json","data\source\maps_source\城墙\cq_龙门城墙001_006_hd.mesh","128379.875","7777.301757","130176.328125"
"3043","cq_龙门城墙001_002_HD","npc.json","data\source\maps_source\城墙\cq_龙门城墙001_002_hd.mesh","127283.835937","9070.25","146387.65625"
"3044","CQ_龙门城墙001_011.Mesh","npc.json","data\source\maps_source\城墙\cq_龙门城墙001_011_hd.mesh","138984.265625","7690.737304","133917.609375"
"3045","ST_xb龙门荒漠石001_008.Mesh","npc.json","data\source\maps_source\石头\st_xb龙门荒漠石001_008_hd.mesh","120625.210937","7564.902343","123800.34375"
"3046","ST_mj石头003_003.Mesh","npc.json","data\source\maps_source\门派\明教\st_mj石头003_003_hd.mesh","136474.296875","9498.727539","148122.078125"
"3047","CQ_龙门城墙001_006.Mesh","npc.json","data\source\maps_source\城墙\cq_龙门城墙001_006_hd.mesh","128229.007812","7693.690429","134086.75"
"3048","st_mj戈壁碎石002_004_HD","npc.json","data\source\maps_source\门派\明教\st_mj戈壁碎石002_004_hd.mesh","139979.875","7799.453125","138065.890625"
"3049","CQ_龙门城墙001_006.Mesh","npc.json","data\source\maps_source\城墙\cq_龙门城墙001_006_hd.mesh","126099.648437","7777.302734","137595.25"
"3050","CQ_龙门城墙001_006.Mesh","npc.json","data\source\maps_source\城墙\cq_龙门城墙001_006_hd.mesh","133728.203125","7777.302734","137183.484375"
"3051","XWJ_火盆001_002.Mesh","npc.json","data\source\maps_source\小物件\灯\xwj_火盆001_002_hd.mesh","132003.34375","6598.480468","109660.851562"
"3052","xwj_骷髅堆001_004_HD","npc.json","data\source\maps_source\小物件\坟地物件\xwj_骷髅堆001_004_hd.mesh","139151.375","7851.296875","137547.171875"
"3053","CQ_龙门城墙001_006.Mesh","npc.json","data\source\maps_source\城墙\cq_龙门城墙001_006_hd.mesh","143035.875","7777.302734","129312.835937"
"3054","CQ_龙门城墙001_006.Mesh","npc.json","data\source\maps_source\城墙\cq_龙门城墙001_006_hd.mesh","141200.09375","7777.302734","140981.484375"
"3055","ST_xb龙门荒漠石001_012.Mesh","npc.json","data\source\maps_source\石头\st_xb龙门荒漠石001_012_hd.mesh","116311.148437","7154.21289","107032.109375"
"3056","ST_xb龙门荒漠石001_003.Mesh","npc.json","data\source\maps_source\石头\st_xb龙门荒漠石001_003_hd.mesh","118531.65625","7657.201171","117327.617187"
"3057","WJ_CY加雪火堆001_003_HD","npc.json","data\source\maps_source\小物件\灯\wj_cy加雪火堆001_003_hd.mesh","128415.882812","9302.9375","146614.921875"
"3058","CQ_龙门城墙001_006.Mesh","npc.json","data\source\maps_source\城墙\cq_龙门城墙001_006_hd.mesh","138051.40625","7791.013671","127851.132812"
"3059","ST_mj戈壁碎石003_002.Mesh","npc.json","data\source\maps_source\门派\明教\st_mj戈壁碎石003_002_hd.mesh","118176.578125","9755.703125","124735.25"
"3060","CQ_龙门城墙001_006.Mesh","npc.json","data\source\maps_source\城墙\cq_龙门城墙001_006_hd.mesh","122007.179687","7777.304687","139573.34375"
"3061","CQ_龙门城墙001_011.Mesh","npc.json","data\source\maps_source\城墙\cq_龙门城墙001_011_hd.mesh","134700.4375","7690.737304","133747.296875"
"3062","CQ_龙门城墙001_011.Mesh","npc.json","data\source\maps_source\城墙\cq_龙门城墙001_011_hd.mesh","138043.734375","7703.833984","128759.53125"
"3063","st_mj戈壁碎石003_003_HD","npc.json","data\source\maps_source\门派\明教\st_mj戈壁碎石003_003_hd.mesh","150928.890625","11182.927734","105953.148437"
"3064","CQ_龙门城墙001_006.Mesh","npc.json","data\source\maps_source\城墙\cq_龙门城墙001_006_hd.mesh","130839.203125","7777.302734","132056.578125"
"3065","WJ_CY加雪火堆001_003_HD","npc.json","data\source\maps_source\小物件\灯\wj_cy加雪火堆001_003_hd.mesh","138612.96875","7862.9375","138103.875"
"3066","ST_xb龙门荒漠石001_009.Mesh","npc.json","data\source\maps_source\石头\st_xb龙门荒漠石001_009_hd.mesh","117790.695312","5637.980468","111768.703125"
"3067","xwj_骷髅堆001_003_HD","npc.json","data\source\maps_source\小物件\坟地物件\xwj_骷髅堆001_003_hd.mesh","138153.4375","7865.140625","138352.46875"
"3068","CQ_龙门城墙001_006.Mesh","npc.json","data\source\maps_source\城墙\cq_龙门城墙001_006_hd.mesh","125748.351562","7773.523437","132618.34375"
"3069","CQ_龙门城墙001_006.Mesh","npc.json","data\source\maps_source\城墙\cq_龙门城墙001_006_hd.mesh","120780.945312","7777.302734","131971.53125"
"3070","st_mj戈壁碎石003_003_HD","npc.json","data\source\maps_source\门派\明教\st_mj戈壁碎石003_003_hd.mesh","149156.75","11381.927734","118250.78125"
"3071","WJ_mj地板碎块001_002","npc.json","data\source\maps_source\门派\明教\wj_mj地板碎块001_002_hd.mesh","145238.390625","9982.506835","112704.773437"
"3072","ST_mj中层石头001_004_HD","npc.json","data\source\maps_source\门派\明教\st_mj中层石头001_004_hd.mesh","152326.421875","11970.833984","106433.03125"
"3073","XWJ_破石柱005_01.Mesh","npc.json","data\source\maps_source\小物件\破柱子\xwj_破石柱005_01_hd.mesh","129912.109375","6788.674804","113367.390625"
"3074","CQ_龙门城墙001_011.Mesh","npc.json","data\source\maps_source\城墙\cq_龙门城墙001_011_hd.mesh","131105.546875","7690.737304","137075.703125"
"3075","CQ_龙门城墙001_006.Mesh","npc.json","data\source\maps_source\城墙\cq_龙门城墙001_006_hd.mesh","124800.34375","7773.523437","132618.34375"
"3076","ST_mj中层石头001_004_HD","npc.json","data\source\maps_source\门派\明教\st_mj中层石头001_004_hd.mesh","134954.0","3255.717773","150092.875"
"3077","st_mj石拱003_HD","npc.json","data\source\maps_source\门派\明教\st_mj石拱003_hd.mesh","151514.078125","9404.986328","106609.007812"
"3078","CQ_龙门城墙001_011.Mesh","npc.json","data\source\maps_source\城墙\cq_龙门城墙001_011_hd.mesh","125368.476562","7759.793945","131522.59375"
"3079","CQ_龙门城墙001_006.Mesh","npc.json","data\source\maps_source\城墙\cq_龙门城墙001_006_hd.mesh","137687.890625","7777.302734","139090.234375"
"3080","CQ_龙门城墙001_006.Mesh","npc.json","data\source\maps_source\城墙\cq_龙门城墙001_006_hd.mesh","120771.546875","7777.302734","140458.5"
"3081","CQ_龙门城墙001_011.Mesh","npc.json","data\source\maps_source\城墙\cq_龙门城墙001_011_hd.mesh","133117.71875","7690.737304","133798.265625"
"3082","SD_崖壁狱门fb_001.Mesh","npc.json","data\source\maps_source\山洞\sd_崖壁狱门fb_001_hd.mesh","113791.359375","-2552.337402","105511.84375"
"3083","CQ_龙门城墙001_006.Mesh","npc.json","data\source\maps_source\城墙\cq_龙门城墙001_006_hd.mesh","120780.945312","7777.302734","129102.515625"
"3084","SD_崖壁狱门fb_001.Mesh","npc.json","data\source\maps_source\山洞\sd_崖壁狱门fb_001_hd.mesh","114626.273437","-590.311523","117356.945312"
"3085","cq_龙门城墙001_006_HD","npc.json","data\source\maps_source\城墙\cq_龙门城墙001_006_hd.mesh","129147.742187","3503.93164","176274.203125"
"3086","cq_龙门城墙001_004_HD","npc.json","data\source\maps_source\城墙\cq_龙门城墙001_004_hd.mesh","122059.625","3690.34375","169740.984375"
"3087","cq_龙门城墙001_003_HD","npc.json","data\source\maps_source\城墙\cq_龙门城墙001_003_hd.mesh","151304.515625","5858.592773","170818.46875"
"3088","st_mj戈壁碎石002_004_HD","npc.json","data\source\maps_source\门派\明教\st_mj戈壁碎石002_004_hd.mesh","150170.234375","5891.296875","176924.421875"
"3089","cq_龙门城墙001_007_HD","npc.json","data\source\maps_source\城墙\cq_龙门城墙001_007_hd.mesh","116367.140625","3344.189453","177367.9375"
"3090","cq_龙门城墙001_005_HD","npc.json","data\source\maps_source\城墙\cq_龙门城墙001_005_hd.mesh","110119.132812","3467.211914","162124.953125"
"3091","cq_龙门城墙001_003_HD","npc.json","data\source\maps_source\城墙\cq_龙门城墙001_003_hd.mesh","107064.28125","2455.296875","163979.078125"
"3092","wd_加沙石柱002_01_HD","npc.json","data\source\maps_source\门派\五毒\wd_加沙石柱002_01_hd.mesh","145143.78125","5549.579101","172824.875"
"3093","pj_mj石柱火盆001_001_HD","npc.json","data\source\maps_source\门派\明教\pj_mj石柱火盆001_001_hd.mesh","116881.617187","5533.925781","182529.125"
"3094","cq_龙门城墙001_006_HD","npc.json","data\source\maps_source\城墙\cq_龙门城墙001_006_hd.mesh","116922.296875","3526.698242","183837.5"
"3095","cq_龙门城墙001_003_HD","npc.json","data\source\maps_source\城墙\cq_龙门城墙001_003_hd.mesh","150734.46875","6618.552734","185887.140625"
"3096","jz_mj牌坊003_HD","npc.json","data\source\maps_source\门派\明教\jz_mj牌坊003_hd.mesh","153508.875","5898.644531","177521.703125"
"3097","CQ_玉门关城墙001_002.Mesh","npc.json","data\source\maps_source\城墙\cq_玉门关城墙001_002_hd.mesh","129170.789062","3308.623046","197094.984375"
"3098","jz_mj古战场001_002_HD","npc.json","data\source\maps_source\建筑\jz_mj古战场001_002_hd.mesh","140413.40625","6803.636718","168700.3125"
"3099","wj_破木箱003_001_HD","npc.json","data\source\maps_source\小物件\木箱\wj_破木箱003_001_hd.mesh","112377.960937","3580.171875","163954.296875"
"3100","WD_石柱002_01.Mesh","npc.json","data\source\maps_source\门派\五毒\wd_加沙石柱002_01_hd.mesh","124411.117187","4636.143554","169505.3125"
"3101","ST_xb龙门荒漠石001_011.Mesh","npc.json","data\source\maps_source\石头\st_xb龙门荒漠石001_011_hd.mesh","140394.828125","6330.84375","158690.0625"
"3102","wd_石柱004_01_HD","npc.json","data\source\maps_source\门派\五毒\wd_加沙石柱005_03_hd.mesh","141923.171875","6135.702148","181954.6875"
"3103","cq_龙门城墙001_004_HD","npc.json","data\source\maps_source\城墙\cq_龙门城墙001_004_hd.mesh","125029.328125","4022.949218","174427.8125"
"3104","cq_龙门城墙001_004_HD","npc.json","data\source\maps_source\城墙\cq_龙门城墙001_004_hd.mesh","113543.515625","4219.154296","191940.734375"
"3105","pj_mj中型围墙002_HD","npc.json","data\source\maps_source\门派\明教\pj_mj中型围墙002_hd.mesh","150522.09375","5928.658203","184928.5625"
"3106","WD_加沙围堤001_004_HD","npc.json","data\source\maps_source\门派\五毒\wd_加沙围堤001_004_hd.mesh","137290.078125","5303.033203","173787.671875"
"3107","CQ_玉门关城墙001_003.Mesh","npc.json","data\source\maps_source\城墙\cq_玉门关城墙001_003_hd.mesh","123148.71875","2874.265625","198438.40625"
"3108","JZ_xb楼兰哨台001_005.Mesh","npc.json","data\source\maps_source\建筑\jz_xb楼兰哨台001_005_hd.mesh","128259.023437","6362.472656","192259.703125"
"3109","cq_龙门城墙001_006_HD","npc.json","data\source\maps_source\城墙\cq_龙门城墙001_006_hd.mesh","119426.40625","3859.460937","190582.84375"
"3110","cq_龙门城墙001_011_HD","npc.json","data\source\maps_source\城墙\cq_龙门城墙001_011_hd.mesh","105376.6875","2250.068359","169295.25"
"3111","pj_mj中型围墙002_HD","npc.json","data\source\maps_source\门派\明教\pj_mj中型围墙002_hd.mesh","125468.984375","3548.791992","179090.265625"
"3112","wd_石柱004_01_HD","npc.json","data\source\maps_source\门派\五毒\wd_加沙石柱005_03_hd.mesh","136594.640625","5158.450195","175178.875"
"3113","wd_石柱004_01_HD","npc.json","data\source\maps_source\门派\五毒\wd_加沙石柱004_01_hd.mesh","144947.46875","5275.925781","177467.34375"
"3114","WJ_破罐001_003_HD","npc.json","data\source\maps_source\小物件\坛罐\wj_破罐001_003_hd.mesh","116839.882812","3722.433593","175436.265625"
"3115","JZ_mj中型民居001_002_HD","npc.json","data\source\maps_source\门派\明教\jz_mj中型民居001_002_hd.mesh","139771.15625","6768.625","165523.578125"
"3116","JZ_mj中型民居001_002_HD","npc.json","data\source\maps_source\门派\明教\jz_mj中型民居001_002_hd.mesh","149916.296875","8157.511718","192786.28125"
"3117","WD_加沙祝融神殿废墟001_002_HD","npc.json","data\source\maps_source\门派\五毒\wd_加沙祝融神殿废墟001_002_hd.mesh","139477.125","4740.697265","180563.09375"
"3118","jz_mj牌坊003_HD","npc.json","data\source\maps_source\门派\明教\jz_mj牌坊003_hd.mesh","119245.390625","3981.961914","182260.546875"
"3119","st_rubble001_005_HD","npc.json","data\source\maps_source\foliage\st_rubble001_005_hd.mesh","117032.023437","3683.291992","171892.484375"
"3120","cq_龙门城墙001_005_HD","npc.json","data\source\maps_source\城墙\cq_龙门城墙001_005_hd.mesh","152197.734375","4835.392578","171253.453125"
"3121","cq_龙门城墙001_003_HD","npc.json","data\source\maps_source\城墙\cq_龙门城墙001_003_hd.mesh","122092.070312","4218.606445","165189.0"
"3122","pj_mj廊柱001_002_HD","npc.json","data\source\maps_source\门派\明教\pj_mj廊柱001_002_hd.mesh","131968.0625","4775.161132","179037.53125"
"3123","st_mj戈壁碎石003_001_HD","npc.json","data\source\maps_source\门派\明教\st_mj戈壁碎石003_001_hd.mesh","109046.460937","3725.06958","159864.390625"
"3124","jz_z破庙房舍002_HD","npc.json","data\source\maps_source\建筑\jz_z破庙房舍002_hd.mesh","122422.484375","2996.738281","173915.84375"
"3125","WJ_mj登陆断柱001_HD","npc.json","data\source\maps_source\门派\明教\wj_mj登陆断柱001_hd.mesh","120024.640625","4191.642578","179618.3125"
"3126","WJ_破木板002_006_HD","npc.json","data\source\maps_source\小物件\木箱\wj_破木板002_006_hd.mesh","119014.507812","4041.899169","166607.171875"
"3127","cq_龙门城墙001_004_HD","npc.json","data\source\maps_source\城墙\cq_龙门城墙001_004_hd.mesh","112462.15625","3125.255859","164176.90625"
"3128","WJ_破罐001_003_HD","npc.json","data\source\maps_source\小物件\坛罐\wj_破罐001_003_hd.mesh","109853.617187","3159.765625","170564.3125"
"3129","pj_mj廊柱001_004_HD","npc.json","data\source\maps_source\门派\明教\pj_mj廊柱001_004_hd.mesh","129810.359375","4677.449218","176442.640625"
"3130","pj_mj石柱火盆001_001_HD","npc.json","data\source\maps_source\门派\明教\pj_mj石柱火盆001_001_hd.mesh","151089.265625","6509.418945","178197.859375"
"3131","cq_龙门城墙001_003_HD","npc.json","data\source\maps_source\城墙\cq_龙门城墙001_003_hd.mesh","128431.382812","3614.113281","182874.890625"
"3132","WJ_木堆001.Mesh","npc.json","data\source\maps_source\小物件\室内\wj_木堆001_hd.mesh","141065.34375","4437.050781","163293.4375"
"3133","xwj_破石马001_001_HD","npc.json","data\source\maps_source\小物件\雕像\xwj_破石马001_001_hd.mesh","119346.070312","4036.791015","168134.71875"
"3134","WJ_破罐001_002_HD","npc.json","data\source\maps_source\小物件\坛罐\wj_破罐001_002_hd.mesh","108271.265625","3240.794921","173891.453125"
"3135","wd_加沙祝融平台废墟001_002_HD","npc.json","data\source\maps_source\门派\五毒\wd_加沙祝融平台废墟001_002_hd.mesh","142828.390625","5313.264648","179515.125"
"3136","WD_石柱002_01.Mesh","npc.json","data\source\maps_source\门派\五毒\wd_加沙石柱002_01_hd.mesh","122110.25","4703.693359","162862.0625"
"3137","cq_龙门城墙001_004_HD","npc.json","data\source\maps_source\城墙\cq_龙门城墙001_004_hd.mesh","109412.71875","4627.611328","191058.28125"
"3138","S_hgb枯树001_003.Mesh","speedtree.json","Data\source\maps_source\树\S_hgb枯树001_003.srt","124586.515625","5391.46875","165018.21875"
"3139","cq_龙门城墙001_004_HD","npc.json","data\source\maps_source\城墙\cq_龙门城墙001_004_hd.mesh","110487.445312","4346.624023","191382.65625"
"3140","CQ_tc破废墟001_006_HD","npc.json","data\source\maps_source\门派\天策\cq_tc破废墟001_006_hd.mesh","117658.867187","3996.386718","179081.15625"
"3141","st_mj戈壁碎石002_004_HD","npc.json","data\source\maps_source\门派\明教\st_mj戈壁碎石002_004_hd.mesh","151060.03125","6650.508789","187579.171875"
"3142","s_mj树002_006_HD","npc.json","data\source\maps_source\门派\明教\s_mj树002_006_hd.mesh","116765.546875","3620.65039","177177.46875"
"3143","cq_龙门城墙001_011_HD","npc.json","data\source\maps_source\城墙\cq_龙门城墙001_011_hd.mesh","118471.6875","3747.007812","168083.8125"
"3144","cq_龙门城墙001_003_HD","npc.json","data\source\maps_source\城墙\cq_龙门城墙001_003_hd.mesh","119085.539062","3919.49414","178044.8125"
"3145","WJ_破木桶001_004_HD","npc.json","data\source\maps_source\小物件\木箱\wj_破木桶001_004_hd.mesh","116722.796875","3644.592773","171930.875"
"3146","cq_龙门城墙001_009_HD","npc.json","data\source\maps_source\城墙\cq_龙门城墙001_009_hd.mesh","117981.8125","3878.302734","165729.9375"
"3147","cq_龙门城墙001_006_HD","npc.json","data\source\maps_source\城墙\cq_龙门城墙001_006_hd.mesh","151168.421875","7162.206054","185764.265625"
"3148","pj_mj石柱火盆001_001_HD","npc.json","data\source\maps_source\门派\明教\pj_mj石柱火盆001_001_hd.mesh","125756.265625","5533.925781","179299.34375"
"3149","cq_龙门城墙001_002_HD","npc.json","data\source\maps_source\城墙\cq_龙门城墙001_002_hd.mesh","106394.21875","2845.529296","167899.0"
"3150","S_hgb枯树001_002.Mesh","speedtree.json","Data\source\maps_source\树\S_hgb枯树001_002.srt","108383.203125","3277.445312","174711.84375"
"3151","pj_中型围墙001_006_HD","npc.json","data\source\maps_source\门派\明教\pj_中型围墙001_006_hd.mesh","128045.6875","13824.396484","156364.65625"
"3152","CQ_玉门关城墙001_001.Mesh","npc.json","data\source\maps_source\城墙\cq_玉门关城墙001_001_hd.mesh","102879.289062","2766.311523","181465.09375"
"3153","ST_mj石头003_003.Mesh","npc.json","data\source\maps_source\门派\明教\st_mj石头003_003_hd.mesh","128332.835937","6296.585937","159931.53125"
"3154","st_mj戈壁碎石003_001_HD","npc.json","data\source\maps_source\门派\明教\st_mj戈壁碎石003_001_hd.mesh","132407.875","8649.236328","164108.875"
"3155","CQ_玉门关城墙001_007.Mesh","npc.json","data\source\maps_source\城墙\cq_玉门关城墙001_007_hd.mesh","106964.671875","4323.565429","189312.890625"
"3156","s_mj三生树001_HD","npc.json","data\source\maps_source\门派\明教\s_mj三生树001_hd.mesh","152225.046875","5879.564453","176431.734375"
"3157","wd_石柱004_01_HD","npc.json","data\source\maps_source\门派\五毒\wd_加沙石柱004_01_hd.mesh","137177.015625","5004.257812","177460.140625"
"3158","ST_xb龙门荒漠石001_011.Mesh","npc.json","data\source\maps_source\石头\st_xb龙门荒漠石001_011_hd.mesh","105212.109375","2363.341796","195480.296875"
"3159","cq_龙门城墙001_003_HD","npc.json","data\source\maps_source\城墙\cq_龙门城墙001_003_hd.mesh","150736.859375","7028.214843","187245.46875"
"3160","CQ_玉门关城墙001_008.Mesh","npc.json","data\source\maps_source\城墙\cq_玉门关城墙001_008_hd.mesh","104153.359375","2401.996093","185697.625"
"3161","WJ_灯007A_HD","npc.json","data\source\maps_source\小物件\灯\wj_灯007a_hd.mesh","147130.0","8436.901367","191658.171875"
"3162","wd_石柱004_01_HD","npc.json","data\source\maps_source\门派\五毒\wd_加沙石柱004_01_hd.mesh","135037.703125","4637.658203","182698.5625"
"3163","ST_mj石头003_004_HD","npc.json","data\source\maps_source\门派\明教\st_mj石头003_004_hd.mesh","139025.5","2215.67871","161358.734375"
"3164","WJ_破罐001_002_HD","npc.json","data\source\maps_source\小物件\坛罐\wj_破罐001_002_hd.mesh","107102.054687","3070.74414","167337.34375"
"3165","cq_龙门城墙001_005_HD","npc.json","data\source\maps_source\城墙\cq_龙门城墙001_005_hd.mesh","119712.382812","3408.716796","190546.5625"
"3166","cq_龙门城墙001_004_HD","npc.json","data\source\maps_source\城墙\cq_龙门城墙001_004_hd.mesh","110492.984375","2873.726562","163879.4375"
"3167","WD_石柱002_01.Mesh","npc.json","data\source\maps_source\门派\五毒\wd_加沙石柱002_01_hd.mesh","136303.46875","6749.987304","166102.203125"
"3168","st_mj戈壁碎石003_001_HD","npc.json","data\source\maps_source\门派\明教\st_mj戈壁碎石003_001_hd.mesh","132889.109375","6382.637695","167342.328125"
"3169","ST_mj石拱002.Mesh","npc.json","data\source\maps_source\门派\明教\st_mj石拱002_hd.mesh","126536.203125","6385.592773","162333.8125"
"3170","cq_龙门城墙001_004_HD","npc.json","data\source\maps_source\城墙\cq_龙门城墙001_004_hd.mesh","116625.179687","4399.972656","192345.578125"
"3171","XWJ_破军物件001_001.Mesh","npc.json","data\source\maps_source\小物件\武器\xwj_破军物件001_001_hd.mesh","152982.671875","9664.627929","192110.3125"
"3172","WJ_破罐001_002_HD","npc.json","data\source\maps_source\小物件\坛罐\wj_破罐001_002_hd.mesh","109949.9375","3317.46875","164324.0"
"3173","pj_mj中型围墙002_HD","npc.json","data\source\maps_source\门派\明教\pj_mj中型围墙002_hd.mesh","125468.664062","3616.496093","182800.671875"
"3174","ST_mj戈壁碎石003_002.Mesh","npc.json","data\source\maps_source\门派\明教\st_mj戈壁碎石003_002_hd.mesh","132480.75","8203.117187","166591.109375"
"3175","WJ_破木板002_006_HD","npc.json","data\source\maps_source\小物件\木箱\wj_破木板002_006_hd.mesh","108872.84375","3386.298828","174341.984375"
"3176","WJ_mj民居窗002_HD","npc.json","data\source\maps_source\门派\明教\wj_mj民居窗002_hd.mesh","103311.648437","8235.200195","181414.484375"
"3177","wd_石柱004_01_HD","npc.json","data\source\maps_source\门派\五毒\wd_加沙石柱004_01_hd.mesh","147093.328125","5319.749023","177557.40625"
"3178","Q_破木桥011_001_HD","npc.json","data\source\maps_source\桥\q_破木桥011_001_hd.mesh","143398.25","9292.661132","157068.421875"
"3179","jz_mj牌坊001_HD","npc.json","data\source\maps_source\门派\明教\jz_mj牌坊001_hd.mesh","151196.515625","5832.552734","181265.015625"
"3180","wd_加沙祝融平台废墟001_003_HD","npc.json","data\source\maps_source\门派\五毒\wd_加沙祝融平台废墟001_003_hd.mesh","135994.78125","4906.231445","180049.203125"
"3181","WJ_破罐001_002_HD","npc.json","data\source\maps_source\小物件\坛罐\wj_破罐001_002_hd.mesh","112792.867187","5031.99707","161255.5"
"3182","wj_mj石阶梯001_002_HD","npc.json","data\source\maps_source\门派\明教\wj_mj石阶梯001_002_hd.mesh","117563.867187","4002.865234","183467.203125"
"3183","cq_龙门城墙001_011_HD","npc.json","data\source\maps_source\城墙\cq_龙门城墙001_011_hd.mesh","117683.601562","3550.958007","164906.671875"
"3184","WJ_火堆001_002_HD","npc.json","data\source\maps_source\小物件\灯\wj_火堆001_002_hd.mesh","132147.96875","10071.186523","161432.234375"
"3185","st_mj戈壁碎石003_001_HD","npc.json","data\source\maps_source\门派\明教\st_mj戈壁碎石003_001_hd.mesh","150776.078125","5432.967773","164013.015625"
"3186","cq_龙门城墙001_003_HD","npc.json","data\source\maps_source\城墙\cq_龙门城墙001_003_hd.mesh","151186.34375","5973.103515","173857.625"
"3187","cq_龙门城墙001_005_HD","npc.json","data\source\maps_source\城墙\cq_龙门城墙001_005_hd.mesh","110036.507812","2977.907226","161921.65625"
"3188","st_mj戈壁碎石003_001_HD","npc.json","data\source\maps_source\门派\明教\st_mj戈壁碎石003_001_hd.mesh","107475.585937","2545.062744","162747.015625"
"3189","XWJ_驿站旗001_01A_HD","npc.json","data\source\maps_source\小物件\旗\xwj_驿站旗001_01a_hd.mesh","145976.578125","8161.794921","193604.296875"
"3190","cq_龙门城墙001_003_HD","npc.json","data\source\maps_source\城墙\cq_龙门城墙001_003_hd.mesh","105436.875","2544.460937","174867.109375"
"3191","CQ_玉门关城墙001_003.Mesh","npc.json","data\source\maps_source\城墙\cq_玉门关城墙001_003_hd.mesh","103395.398437","1793.769531","193972.78125"
"3192","CQ_玉门关城墙001_003.Mesh","npc.json","data\source\maps_source\城墙\cq_玉门关城墙001_003_hd.mesh","109977.328125","2966.611816","198670.484375"
"3193","st_mj戈壁碎石003_001_HD","npc.json","data\source\maps_source\门派\明教\st_mj戈壁碎石003_001_hd.mesh","142900.171875","9041.894531","158276.71875"
"3194","WJ_木堆001.Mesh","npc.json","data\source\maps_source\小物件\室内\wj_木堆001_hd.mesh","141048.484375","4440.0625","163324.875"
"3195","pj_mj中型围墙002_HD","npc.json","data\source\maps_source\门派\明教\pj_mj中型围墙002_hd.mesh","150782.90625","7653.440429","190620.8125"
"3196","st_mj戈壁碎石003_001_HD","npc.json","data\source\maps_source\门派\明教\st_mj戈壁碎石003_001_hd.mesh","105494.820312","3266.160156","178598.078125"
"3197","wd_加沙石柱002_01_HD","npc.json","data\source\maps_source\门派\五毒\wd_加沙石柱002_01_hd.mesh","151476.375","5603.255859","178487.65625"
"3198","pj_mj中型围墙001_004_HD","npc.json","data\source\maps_source\门派\明教\pj_mj中型围墙001_004_hd.mesh","123160.101562","3629.185546","182837.890625"
"3199","cq_龙门城墙001_003_HD","npc.json","data\source\maps_source\城墙\cq_龙门城墙001_003_hd.mesh","121802.671875","3021.679687","179211.125"
"3200","st_mj石拱003_HD","npc.json","data\source\maps_source\门派\明教\st_mj石拱003_hd.mesh","106597.757812","3233.0625","185715.21875"
"3201","cq_龙门城墙001_003_HD","npc.json","data\source\maps_source\城墙\cq_龙门城墙001_003_hd.mesh","118864.085937","3430.970703","165278.515625"
"3202","cq_龙门城墙001_003_HD","npc.json","data\source\maps_source\城墙\cq_龙门城墙001_003_hd.mesh","118017.859375","3169.098632","168551.5"
"3203","ST_xb龙门荒漠石001_011.Mesh","npc.json","data\source\maps_source\石头\st_xb龙门荒漠石001_011_hd.mesh","134574.265625","6988.379882","157086.90625"
"3204","s_mj三生树001_HD","npc.json","data\source\maps_source\门派\明教\s_mj三生树001_hd.mesh","120529.765625","3623.688476","178981.921875"
"3205","CQ_玉门关城墙001_008.Mesh","npc.json","data\source\maps_source\城墙\cq_玉门关城墙001_008_hd.mesh","102412.304687","2241.279296","177270.6875"
"3206","cq_龙门城墙001_003_HD","npc.json","data\source\maps_source\城墙\cq_龙门城墙001_003_hd.mesh","120402.695312","3481.46289","165743.796875"
"3207","ST_mj戈壁碎石003_005.Mesh","npc.json","data\source\maps_source\门派\明教\st_mj戈壁碎石003_005_hd.mesh","131454.5","6018.648437","162912.03125"
"3208","cq_龙门城墙001_005_HD","npc.json","data\source\maps_source\城墙\cq_龙门城墙001_005_hd.mesh","111054.703125","4388.830078","192442.515625"
"3209","WJ_破罐001_002_HD","npc.json","data\source\maps_source\小物件\坛罐\wj_破罐001_002_hd.mesh","106902.851562","3077.916992","168566.875"
"3210","cq_龙门城墙001_006_HD","npc.json","data\source\maps_source\城墙\cq_龙门城墙001_006_hd.mesh","116285.34375","4018.009765","189784.8125"
"3211","WJ_破罐001_002_HD","npc.json","data\source\maps_source\小物件\坛罐\wj_破罐001_002_hd.mesh","117749.289062","3781.605468","169846.1875"
"3212","wj_mj破碎宝物001_003_HD","npc.json","data\source\maps_source\门派\明教\wj_mj破碎宝物001_003_hd.mesh","116695.59375","4241.134765","187348.859375"
"3213","jz_xb楼兰哨台001_001_HD","npc.json","data\source\maps_source\建筑\jz_xb楼兰哨台001_001_hd.mesh","138287.3125","9532.886718","159987.0625"
"3214","JZ_mj中型民居001_003_HD","npc.json","data\source\maps_source\门派\明教\jz_mj中型民居001_003_hd.mesh","146401.109375","8111.45996","195982.359375"
"3215","WD_加沙围堤001_004_HD","npc.json","data\source\maps_source\门派\五毒\wd_加沙围堤001_004_hd.mesh","148020.796875","5340.755859","171897.0"
"3216","cq_龙门城墙001_004_HD","npc.json","data\source\maps_source\城墙\cq_龙门城墙001_004_hd.mesh","121671.609375","3905.273437","168257.40625"
"3217","cq_龙门城墙001_003_HD","npc.json","data\source\maps_source\城墙\cq_龙门城墙001_003_hd.mesh","118212.242187","3265.705078","177804.40625"
"3218","pj_mj石柱火盆001_001_HD","npc.json","data\source\maps_source\门派\明教\pj_mj石柱火盆001_001_hd.mesh","150766.375","6499.972656","181797.1875"
"3219","S_hgb枯树001_006.Mesh","speedtree.json","Data\source\maps_source\树\S_hgb枯树001_006.srt","108791.453125","3125.517578","171158.375"
"3220","WJ_破罐001_002_HD","npc.json","data\source\maps_source\小物件\坛罐\wj_破罐001_002_hd.mesh","112544.460937","3429.554687","165564.203125"
"3221","ST_mj石头003_003.Mesh","npc.json","data\source\maps_source\门派\明教\st_mj石头003_003_hd.mesh","128585.046875","1258.760742","166873.671875"
"3222","ST_mj戈壁碎石003_002.Mesh","npc.json","data\source\maps_source\门派\明教\st_mj戈壁碎石003_002_hd.mesh","131486.421875","8242.705078","165716.015625"
"3223","WJ_木堆001.Mesh","npc.json","data\source\maps_source\小物件\室内\wj_木堆001_hd.mesh","141027.3125","4417.46875","163491.40625"
"3224","pj_wts破墙001_007_HD","npc.json","data\source\maps_source\建筑配套\pj_wts破墙001_007_hd.mesh","112612.265625","3309.898437","170084.640625"
"3225","WJ_破木板002_006_HD","npc.json","data\source\maps_source\小物件\木箱\wj_破木板002_006_hd.mesh","107829.96875","3137.333007","165679.4375"
"3226","st_mj戈壁碎石003_001_HD","npc.json","data\source\maps_source\门派\明教\st_mj戈壁碎石003_001_hd.mesh","131585.34375","7088.855468","167827.265625"
"3227","wd_加沙祝融平台废墟001_002_HD","npc.json","data\source\maps_source\门派\五毒\wd_加沙祝融平台废墟001_002_hd.mesh","132270.03125","4447.378906","180282.46875"
"3228","cq_龙门城墙001_006_HD","npc.json","data\source\maps_source\城墙\cq_龙门城墙001_006_hd.mesh","152061.484375","5049.777343","174786.421875"
"3229","wj_圆木桶002.Mesh","npc.json","data\source\maps_source\小物件\木箱\wj_圆木桶002_hd.mesh","148928.59375","8270.730468","191592.0"
"3230","WJ_CY加雪动物遗骨001_002_HD","npc.json","data\source\maps_source\小物件\遗骸\wj_动物遗骨001_002_hd.mesh","111124.546875","5069.86621","190049.03125"
"3231","s_mj树001_002_HD","npc.json","data\source\maps_source\门派\明教\s_mj树001_002_hd.mesh","126209.101562","6403.96289","189682.484375"
"3232","WJ_破罐001_003_HD","npc.json","data\source\maps_source\小物件\坛罐\wj_破罐001_003_hd.mesh","107354.054687","3235.569335","175148.421875"
"3233","cq_龙门城墙001_005_HD","npc.json","data\source\maps_source\城墙\cq_龙门城墙001_005_hd.mesh","151779.546875","5122.11914","170071.3125"
"3234","wj_mj篝火001_003_HD","npc.json","data\source\maps_source\门派\明教\wj_mj篝火001_003_hd.mesh","106713.023437","4122.367187","188179.578125"
"3235","jz_破公堂001_HD","npc.json","data\source\maps_source\建筑\jz_破公堂001_hd.mesh","125862.820312","3246.673828","176832.578125"
"3236","ST_mj石头003_004_HD","npc.json","data\source\maps_source\门派\明教\st_mj石头003_004_hd.mesh","145814.8125","4554.792968","200710.125"
"3237","WJ_mj登陆断柱001_HD","npc.json","data\source\maps_source\门派\明教\wj_mj登陆断柱001_hd.mesh","125218.546875","3958.611328","181957.9375"
"3238","cq_龙门城墙001_003_HD","npc.json","data\source\maps_source\城墙\cq_龙门城墙001_003_hd.mesh","151118.53125","5768.721191","177378.609375"
"3239","cq_龙门城墙001_005_HD","npc.json","data\source\maps_source\城墙\cq_龙门城墙001_005_hd.mesh","104902.945312","2703.639648","171645.390625"
"3240","CQ_玉门关城墙001_008.Mesh","npc.json","data\source\maps_source\城墙\cq_玉门关城墙001_008_hd.mesh","103735.828125","6602.125976","182757.5"
"3241","cq_龙门城墙001_003_HD","npc.json","data\source\maps_source\城墙\cq_龙门城墙001_003_hd.mesh","124521.03125","3604.973632","178716.46875"
"3242","wj_货包包001_001.Mesh","npc.json","data\source\maps_source\小物件\生活品\wj_货包包001_001_hd.mesh","149334.578125","8239.764648","191505.359375"
"3243","cq_龙门城墙001_005_HD","npc.json","data\source\maps_source\城墙\cq_龙门城墙001_005_hd.mesh","106516.40625","2847.558593","163116.359375"
"3244","st_mj戈壁碎石003_001_HD","npc.json","data\source\maps_source\门派\明教\st_mj戈壁碎石003_001_hd.mesh","128729.914062","10388.780273","160864.328125"
"3245","st_mj戈壁碎石003_001_HD","npc.json","data\source\maps_source\门派\明教\st_mj戈壁碎石003_001_hd.mesh","127381.710937","7445.539062","155871.78125"
"3246","cq_龙门城墙001_003_HD","npc.json","data\source\maps_source\城墙\cq_龙门城墙001_003_hd.mesh","122513.695312","4092.320312","165930.5625"
"3247","cq_龙门城墙001_004_HD","npc.json","data\source\maps_source\城墙\cq_龙门城墙001_004_hd.mesh","119854.679687","3598.888671","188086.703125"
"3248","cq_龙门城墙001_006_HD","npc.json","data\source\maps_source\城墙\cq_龙门城墙001_006_hd.mesh","106362.117187","2905.594726","163146.671875"
"3249","cq_龙门城墙001_006_HD","npc.json","data\source\maps_source\城墙\cq_龙门城墙001_006_hd.mesh","104766.054687","3168.071289","173548.15625"
"3250","WJ_破木箱003_001.Mesh","npc.json","data\source\maps_source\小物件\木箱\wj_破木箱003_001_hd.mesh","139986.5","4423.449218","164370.125"
"3251","wj_cactus001_001_HD","npc.json","data\source\maps_source\foliage\wj_cactus001_001_hd.mesh","151148.078125","6042.202148","163301.828125"
"3252","cq_龙门城墙001_011_HD","npc.json","data\source\maps_source\城墙\cq_龙门城墙001_011_hd.mesh","114106.90625","3688.225585","164283.015625"
"3253","WJ_破罐001_003_HD","npc.json","data\source\maps_source\小物件\坛罐\wj_破罐001_003_hd.mesh","119066.671875","3997.124023","169259.359375"
"3254","wd_石柱004_01_HD","npc.json","data\source\maps_source\门派\五毒\wd_加沙石柱005_03_hd.mesh","136340.953125","5511.001953","182866.375"
"3255","WJ_CY加雪动物遗骨001_002_HD","npc.json","data\source\maps_source\小物件\遗骸\wj_动物遗骨001_002_hd.mesh","115139.375","3515.377929","173839.65625"
"3256","pj_mj中型围墙002_HD","npc.json","data\source\maps_source\门派\明教\pj_mj中型围墙002_hd.mesh","153571.296875","5471.936523","164772.15625"
"3257","S_hgb枯树001_005.Mesh","speedtree.json","Data\source\maps_source\树\S_hgb枯树001_005.srt","112398.929687","3307.664062","169924.875"
"3258","hqm_浩气坛入口001_002_HD","npc.json","data\source\maps_source\建筑\jz_z破庙殿001_hd.mesh","112632.023437","3102.570312","188713.09375"
"3259","pj_mj廊柱001_002_HD","npc.json","data\source\maps_source\门派\明教\pj_mj廊柱001_002_hd.mesh","131968.0625","4815.901367","181309.359375"
"3260","cq_龙门城墙001_003_HD","npc.json","data\source\maps_source\城墙\cq_龙门城墙001_003_hd.mesh","117296.929687","3465.418945","172587.703125"
"3261","cq_龙门城墙001_004_HD","npc.json","data\source\maps_source\城墙\cq_龙门城墙001_004_hd.mesh","119400.398437","3468.176757","189281.71875"
"3262","cq_龙门城墙001_005_HD","npc.json","data\source\maps_source\城墙\cq_龙门城墙001_005_hd.mesh","112204.992187","4102.102539","191943.296875"
"3263","cq_龙门城墙001_006_HD","npc.json","data\source\maps_source\城墙\cq_龙门城墙001_006_hd.mesh","126262.96875","3380.470703","178736.0625"
"3264","ST_mj石头003_003.Mesh","npc.json","data\source\maps_source\门派\明教\st_mj石头003_003_hd.mesh","116627.171875","3253.855468","153708.828125"
"3265","WJ_ms破碎石头001_003_HD","npc.json","data\source\maps_source\副本室内\光明顶密道\wj_ms破碎石头001_003_hd.mesh","119336.046875","4091.907226","169867.953125"
"3266","pj_mj中型围墙002_HD","npc.json","data\source\maps_source\门派\明教\pj_mj中型围墙002_hd.mesh","127993.976562","3516.100585","182572.875"
"3267","WJ_Brick001_005_HD","npc.json","data\source\maps_source\foliage\wj_brick001_005_hd.mesh","120625.257812","5280.5","160689.890625"
"3268","cq_龙门城墙001_004_HD","npc.json","data\source\maps_source\城墙\cq_龙门城墙001_004_hd.mesh","151374.953125","8235.478515","191013.875"
"3269","WJ_破罐001_002_HD","npc.json","data\source\maps_source\小物件\坛罐\wj_破罐001_002_hd.mesh","112693.851562","3309.070312","170230.09375"
"3270","pj_mj石柱火盆001_001_HD","npc.json","data\source\maps_source\门派\明教\pj_mj石柱火盆001_001_hd.mesh","116721.15625","5533.925781","179737.515625"
"3271","S_hgb枯树001_002.Mesh","speedtree.json","Data\source\maps_source\树\S_hgb枯树001_002.srt","118219.289062","3694.546875","170041.75"
"3272","wd_石柱004_01_HD","npc.json","data\source\maps_source\门派\五毒\wd_加沙石柱004_01_hd.mesh","136652.0625","5252.044921","185317.46875"
"3273","jz_mj牌坊001_HD","npc.json","data\source\maps_source\门派\明教\jz_mj牌坊001_hd.mesh","143815.4375","7623.804687","195081.828125"
"3274","st_mj底层石头001_003_HD","npc.json","data\source\maps_source\门派\明教\st_mj底层石头001_003_hd.mesh","126827.140625","3956.080078","179000.671875"
"3275","JZ_xb玉门关建筑001_004_HD","npc.json","data\source\maps_source\建筑\jz_xb玉门关建筑001_004_hd.mesh","135573.15625","11549.392578","156876.671875"
"3276","cq_龙门城墙001_004_HD","npc.json","data\source\maps_source\城墙\cq_龙门城墙001_004_hd.mesh","113680.242187","4617.066406","192282.609375"
"3277","cq_龙门城墙001_001_HD","npc.json","data\source\maps_source\城墙\cq_龙门城墙001_001_hd.mesh","152064.984375","9335.586914","193220.0625"
"3278","ST_mj石头003_003.Mesh","npc.json","data\source\maps_source\门派\明教\st_mj石头003_003_hd.mesh","107971.179687","903.945312","157833.84375"
"3279","CQ_玉门关城墙001_003.Mesh","npc.json","data\source\maps_source\城墙\cq_玉门关城墙001_003_hd.mesh","105059.234375","1632.354492","198070.78125"
"3280","st_mj底层石头001_003_HD","npc.json","data\source\maps_source\门派\明教\st_mj底层石头001_003_hd.mesh","129031.460937","4310.392578","182294.40625"
"3281","S_hgb枯树001_002.Mesh","speedtree.json","Data\source\maps_source\树\S_hgb枯树001_002.srt","122078.851562","4129.954101","167724.140625"
"3282","WJ_破木板002_001_HD","npc.json","data\source\maps_source\小物件\木箱\wj_破木板002_001_hd.mesh","110729.6875","3327.539062","173932.125"
"3283","WJ_mj遮阳棚001_002.Mesh","npc.json","data\source\maps_source\门派\明教\wj_mj遮阳棚001_002_hd.mesh","148657.96875","8234.055664","191307.296875"
"3284","pj_mj中型围墙002_HD","npc.json","data\source\maps_source\门派\明教\pj_mj中型围墙002_hd.mesh","150762.296875","8145.384765","193153.84375"
"3285","pj_wts破墙001_006_HD","npc.json","data\source\maps_source\建筑配套\pj_wts破墙001_006_hd.mesh","117913.140625","3868.793945","171252.9375"
"3286","cq_龙门城墙001_006_HD","npc.json","data\source\maps_source\城墙\cq_龙门城墙001_006_hd.mesh","111133.578125","4534.842773","192055.59375"
"3287","WD_石柱002_01.Mesh","npc.json","data\source\maps_source\门派\五毒\wd_加沙石柱002_01_hd.mesh","135516.96875","5585.666992","189266.65625"
"3288","WJ_破木板002_005_HD","npc.json","data\source\maps_source\小物件\木箱\wj_破木板002_005_hd.mesh","118081.648437","3839.203125","170306.765625"
"3289","st_mj石拱003_HD","npc.json","data\source\maps_source\门派\明教\st_mj石拱003_hd.mesh","114358.132812","6450.242187","157161.140625"
"3290","st_mj戈壁碎石003_001_HD","npc.json","data\source\maps_source\门派\明教\st_mj戈壁碎石003_001_hd.mesh","126981.328125","5254.068359","171875.984375"
"3291","s_mj树001_003_HD","npc.json","data\source\maps_source\门派\明教\s_mj树001_003_hd.mesh","128562.203125","4175.227539","178158.640625"
"3292","st_mj戈壁碎石002_004_HD","npc.json","data\source\maps_source\门派\明教\st_mj戈壁碎石002_004_hd.mesh","127794.75","5450.40625","170611.75"
"3293","cq_龙门城墙001_006_HD","npc.json","data\source\maps_source\城墙\cq_龙门城墙001_006_hd.mesh","107439.59375","2558.420898","174775.703125"
"3294","S_hgb枯树001_002.Mesh","speedtree.json","Data\source\maps_source\树\S_hgb枯树001_002.srt","111869.59375","3474.3125","164602.953125"
"3295","cq_龙门城墙001_006_HD","npc.json","data\source\maps_source\城墙\cq_龙门城墙001_006_hd.mesh","123181.585937","3744.098632","178753.453125"
"3296","cq_龙门城墙001_003_HD","npc.json","data\source\maps_source\城墙\cq_龙门城墙001_003_hd.mesh","107102.445312","3885.594726","188825.859375"
"3297","wd_加沙石柱002_01_HD","npc.json","data\source\maps_source\门派\五毒\wd_加沙石柱002_01_hd.mesh","142110.40625","5851.323242","171803.953125"
"3298","wj_mj石阶梯001_002_HD","npc.json","data\source\maps_source\门派\明教\wj_mj石阶梯001_002_hd.mesh","118321.625","4006.394531","183467.203125"
"3299","cq_龙门城墙001_005_HD","npc.json","data\source\maps_source\城墙\cq_龙门城墙001_005_hd.mesh","106855.078125","3317.878906","162734.0625"
"3300","CQ_玉门关城墙001_008.Mesh","npc.json","data\source\maps_source\城墙\cq_玉门关城墙001_008_hd.mesh","103187.914062","6475.597656","180084.09375"
"3301","cq_龙门城墙001_009_HD","npc.json","data\source\maps_source\城墙\cq_龙门城墙001_009_hd.mesh","122234.710937","4669.578125","169177.90625"
"3302","cq_龙门城墙001_003_HD","npc.json","data\source\maps_source\城墙\cq_龙门城墙001_003_hd.mesh","120358.953125","3670.089843","178343.03125"
"3303","WJ_mj登陆断柱001_HD","npc.json","data\source\maps_source\门派\明教\wj_mj登陆断柱001_hd.mesh","117416.054687","3760.558593","183661.28125"
"3304","JZ_xb楼兰哨台001_004.Mesh","npc.json","data\source\maps_source\建筑\jz_xb楼兰哨台001_004_hd.mesh","140454.84375","6144.552734","194484.15625"
"3305","CQ_玉门关城墙001_003.Mesh","npc.json","data\source\maps_source\城墙\cq_玉门关城墙001_003_hd.mesh","104699.734375","1634.371704","162747.890625"
"3306","ST_mj石头003_003.Mesh","npc.json","data\source\maps_source\门派\明教\st_mj石头003_003_hd.mesh","112038.851562","2153.30664","156053.46875"
"3307","jz_mj塔001_001_HD","npc.json","data\source\maps_source\门派\明教\jz_mj塔001_001_hd.mesh","151085.421875","8514.291015","194841.046875"
"3308","PJ_mvp瓦头001_001.Mesh","npc.json","data\source\maps_source\建筑配套\pj_mvp瓦头001_001_hd.mesh","151443.53125","7000.601562","184994.03125"
"3309","WJ_破木板002_007_HD","npc.json","data\source\maps_source\小物件\木箱\wj_破木板002_007_hd.mesh","118114.976562","3877.348632","168059.53125"
"3310","cq_龙门城墙001_003_HD","npc.json","data\source\maps_source\城墙\cq_龙门城墙001_003_hd.mesh","125571.679687","3850.667968","175453.203125"
"3311","wj_mj地板碎块001_003_HD","npc.json","data\source\maps_source\门派\明教\wj_mj地板碎块001_003_hd.mesh","106765.40625","4137.296875","186577.8125"
"3312","pj_mj中型围墙002_HD","npc.json","data\source\maps_source\门派\明教\pj_mj中型围墙002_hd.mesh","127993.976562","3516.100585","178883.015625"
"3313","st_mj石拱003_HD","npc.json","data\source\maps_source\门派\明教\st_mj石拱003_hd.mesh","152708.984375","5765.37207","183754.265625"
"3314","ST_mj石头003_001.Mesh","npc.json","data\source\maps_source\门派\明教\st_mj石头003_001_hd.mesh","133608.28125","4245.940429","158194.953125"
"3315","cq_龙门城墙001_005_HD","npc.json","data\source\maps_source\城墙\cq_龙门城墙001_005_hd.mesh","116673.296875","2963.335937","185183.296875"
"3316","cq_龙门城墙001_007_HD","npc.json","data\source\maps_source\城墙\cq_龙门城墙001_007_hd.mesh","122198.148437","3770.662109","176529.375"
"3317","cq_龙门城墙001_004_HD","npc.json","data\source\maps_source\城墙\cq_龙门城墙001_004_hd.mesh","114661.820312","4128.269531","191871.734375"
"3318","cq_龙门城墙001_001_HD","npc.json","data\source\maps_source\城墙\cq_龙门城墙001_001_hd.mesh","120877.515625","3763.80371","178775.09375"
"3319","cq_龙门城墙001_006_HD","npc.json","data\source\maps_source\城墙\cq_龙门城墙001_006_hd.mesh","106926.515625","3650.636718","186390.84375"
"3320","cq_龙门城墙001_004_HD","npc.json","data\source\maps_source\城墙\cq_龙门城墙001_004_hd.mesh","128785.515625","3112.867187","178770.0625"
"3321","WD_石柱002_01.Mesh","npc.json","data\source\maps_source\门派\五毒\wd_加沙石柱002_01_hd.mesh","135448.109375","4775.438476","172737.875"
"3322","cq_龙门城墙001_005_HD","npc.json","data\source\maps_source\城墙\cq_龙门城墙001_005_hd.mesh","151640.25","5233.302734","174097.21875"
"3323","WJ_破罐001_002_HD","npc.json","data\source\maps_source\小物件\坛罐\wj_破罐001_002_hd.mesh","108995.546875","3084.448242","170002.34375"
"3324","WD_石柱002_01.Mesh","npc.json","data\source\maps_source\门派\五毒\wd_加沙石柱002_01_hd.mesh","136502.984375","9990.255859","160556.96875"
"3325","cq_龙门城墙001_006_HD","npc.json","data\source\maps_source\城墙\cq_龙门城墙001_006_hd.mesh","116955.328125","3341.685546","185051.53125"
"3326","WJ_mj民居窗002_HD","npc.json","data\source\maps_source\门派\明教\wj_mj民居窗002_hd.mesh","103774.773437","8235.234375","181416.046875"
"3327","WJ_破罐001_002_HD","npc.json","data\source\maps_source\小物件\坛罐\wj_破罐001_002_hd.mesh","111000.023437","3574.30664","166773.046875"
"3328","pj_中型围墙001_005_HD","npc.json","data\source\maps_source\门派\明教\pj_中型围墙001_005_hd.mesh","129297.5625","4039.411132","181810.265625"
"3329","wj_mj地板碎块001_003_HD","npc.json","data\source\maps_source\门派\明教\wj_mj地板碎块001_003_hd.mesh","121459.359375","3990.542968","182295.0"
"3330","WJ_破罐001_002_HD","npc.json","data\source\maps_source\小物件\坛罐\wj_破罐001_002_hd.mesh","117354.039062","3812.432617","172172.578125"
"3331","cq_龙门城墙001_006_HD","npc.json","data\source\maps_source\城墙\cq_龙门城墙001_006_hd.mesh","151196.203125","5748.600585","175978.140625"
"3332","WJ_破罐001_003_HD","npc.json","data\source\maps_source\小物件\坛罐\wj_破罐001_003_hd.mesh","116366.992187","4182.43457","187177.921875"
"3333","cq_龙门城墙001_005_HD","npc.json","data\source\maps_source\城墙\cq_龙门城墙001_005_hd.mesh","117078.953125","3345.706054","188922.0625"
"3334","XWJ_破坛子001_001_HD","npc.json","data\source\maps_source\小物件\坛罐\xwj_破坛子001_001_hd.mesh","109610.023437","3332.455078","174299.625"
"3335","WD_石柱002_01.Mesh","npc.json","data\source\maps_source\门派\五毒\wd_加沙石柱002_01_hd.mesh","127836.757812","3799.248046","173945.9375"
"3336","CQ_玉门关城墙001_002_HD","npc.json","data\source\maps_source\城墙\cq_玉门关城墙001_002_hd.mesh","103446.773437","6804.972656","181443.921875"
"3337","s_mj树001_001_HD","npc.json","data\source\maps_source\门派\明教\s_mj树001_001_hd.mesh","124861.132812","4254.377929","183123.234375"
"3338","cq_龙门城墙001_003_HD","npc.json","data\source\maps_source\城墙\cq_龙门城墙001_003_hd.mesh","107044.507812","3124.945312","186195.828125"
"3339","CQ_玉门关城墙001_008.Mesh","npc.json","data\source\maps_source\城墙\cq_玉门关城墙001_008_hd.mesh","102777.210937","2401.996093","185779.96875"
"3340","wj_mj地板碎块001_003_HD","npc.json","data\source\maps_source\门派\明教\wj_mj地板碎块001_003_hd.mesh","106667.765625","4701.75","189708.84375"
"3341","wj_tc步兵雕像001_002_HD","npc.json","data\source\maps_source\门派\天策\wj_tc加沙步兵雕像001_002_hd.mesh","124074.445312","4536.77246","164848.6875"
"3342","ST_mj戈壁碎石003_002.Mesh","npc.json","data\source\maps_source\门派\明教\st_mj戈壁碎石003_002_hd.mesh","140291.453125","9292.78125","163960.015625"
"3343","PJ_玉门草棚001.Mesh","npc.json","data\source\maps_source\建筑配套\pj_玉门草棚001_hd.mesh","114270.28125","5137.870117","199159.703125"
"3344","jz_mj牌坊002_HD","npc.json","data\source\maps_source\门派\明教\jz_mj牌坊002_hd.mesh","145804.59375","6010.935546","169856.03125"
"3345","JZ_xb玉门关建筑001_003_HD","npc.json","data\source\maps_source\建筑\jz_xb玉门关建筑001_003_hd.mesh","130265.03125","4784.882812","184733.421875"
"3346","JZ_xb玉门关建筑001_003_HD","npc.json","data\source\maps_source\建筑\jz_xb玉门关建筑001_003_hd.mesh","140472.09375","9630.907226","159301.390625"
"3347","WD_加沙巨像_001_HD","npc.json","data\source\maps_source\门派\五毒\wd_加沙巨像_001_hd.mesh","115085.265625","2667.185058","180625.953125"
"3348","jz_mj牌坊001_HD","npc.json","data\source\maps_source\门派\明教\jz_mj牌坊001_hd.mesh","151196.515625","5832.552734","178712.6875"
"3349","hqm_浩气坛入口001_002_HD","npc.json","data\source\maps_source\建筑\jz_z破庙殿001_hd.mesh","108801.90625","2834.345703","168251.828125"
"3350","cq_龙门城墙001_003_HD","npc.json","data\source\maps_source\城墙\cq_龙门城墙001_003_hd.mesh","117107.1875","3465.418945","174134.203125"
"3351","st_mj中层石头001_002_HD","npc.json","data\source\maps_source\门派\明教\st_mj中层石头001_002_hd.mesh","107854.421875","4846.513671","190299.71875"
"3352","WD_石柱005_03.Mesh","npc.json","data\source\maps_source\门派\五毒\wd_加沙石柱005_03_hd.mesh","110428.125","3750.764648","161050.65625"
"3353","pj_mj中型围墙001_004_HD","npc.json","data\source\maps_source\门派\明教\pj_mj中型围墙001_004_hd.mesh","128847.429687","3709.206054","177045.296875"
"3354","WJ_mvp石墙装饰001_002.Mesh","npc.json","data\source\maps_source\建筑配套\wj_mvp石墙装饰001_002_hd.mesh","152034.25","7095.917968","185194.75"
"3355","WJ_破罐001_003_HD","npc.json","data\source\maps_source\小物件\坛罐\wj_破罐001_003_hd.mesh","112166.609375","3589.117187","163973.859375"
"3356","CQ_mvp城墙001_002.Mesh","npc.json","data\source\maps_source\城墙\cq_mvp城墙001_002_hd.mesh","147929.53125","7516.231445","187165.015625"
"3357","wj_mj地板碎块001_002_HD","npc.json","data\source\maps_source\门派\明教\wj_mj地板碎块001_002_hd.mesh","105767.148437","3481.973632","181175.546875"
"3358","cq_龙门城墙001_005_HD","npc.json","data\source\maps_source\城墙\cq_龙门城墙001_005_hd.mesh","121329.671875","3541.921875","165316.21875"
"3359","st_mj石拱003_HD","npc.json","data\source\maps_source\门派\明教\st_mj石拱003_hd.mesh","142194.890625","4134.43457","160363.453125"
"3360","cq_龙门城墙001_003_HD","npc.json","data\source\maps_source\城墙\cq_龙门城墙001_003_hd.mesh","151617.5","5626.390625","169067.140625"
"3361","CQ_玉门关城墙001_008.Mesh","npc.json","data\source\maps_source\城墙\cq_玉门关城墙001_008_hd.mesh","106047.296875","1840.057617","160312.421875"
"3362","cq_龙门城墙001_005_HD","npc.json","data\source\maps_source\城墙\cq_龙门城墙001_005_hd.mesh","105380.5625","2262.368164","173368.671875"
"3363","cq_龙门城墙001_006_HD","npc.json","data\source\maps_source\城墙\cq_龙门城墙001_006_hd.mesh","151233.453125","5756.832031","172370.859375"
"3364","cq_龙门城墙001_006_HD","npc.json","data\source\maps_source\城墙\cq_龙门城墙001_006_hd.mesh","107172.234375","2708.305664","173338.90625"
"3365","cq_龙门城墙001_003_HD","npc.json","data\source\maps_source\城墙\cq_龙门城墙001_003_hd.mesh","107123.367187","3825.695312","187483.609375"
"3366","wj_破木箱003_002_HD","npc.json","data\source\maps_source\小物件\木箱\wj_破木箱003_002_hd.mesh","113257.898437","4825.05371","161887.71875"
"3367","WD_加沙围堤001_004_HD","npc.json","data\source\maps_source\门派\五毒\wd_加沙围堤001_004_hd.mesh","142554.171875","5145.915039","172926.34375"
"3368","WJ_木栏杆002_002.Mesh","npc.json","data\source\maps_source\小物件\栏杆\wj_木栏杆002_002_hd.mesh","149767.671875","5824.701171","176500.3125"
"3369","pj_mj石柱火盆001_001_HD","npc.json","data\source\maps_source\门派\明教\pj_mj石柱火盆001_001_hd.mesh","151054.03125","6587.451171","178925.0625"
"3370","wj_mj破碎宝物001_003_HD","npc.json","data\source\maps_source\门派\明教\wj_mj破碎宝物001_003_hd.mesh","119139.328125","4035.672851","169746.40625"
"3371","WD_石柱002_01.Mesh","npc.json","data\source\maps_source\门派\五毒\wd_加沙石柱002_01_hd.mesh","125788.875","3829.216796","180719.296875"
"3372","WJ_破罐001_002_HD","npc.json","data\source\maps_source\小物件\坛罐\wj_破罐001_002_hd.mesh","117098.414062","3745.188476","170354.984375"
"3373","WJ_破木箱004_003_HD","npc.json","data\source\maps_source\小物件\木箱\wj_破木箱004_003_hd.mesh","117062.03125","3502.234375","171319.3125"
"3374","jz_xb玉门关建筑002_003_HD","npc.json","data\source\maps_source\建筑\jz_xb玉门关建筑002_003_hd.mesh","153272.234375","5734.691406","172876.078125"
"3375","XWJ_落雪火盆002_001_HD","npc.json","data\source\maps_source\小物件\灯\xwj_落雪火盆002_001_hd.mesh","132349.5","4802.109375","179624.09375"
"3376","CQ_玉门关城墙001_008.Mesh","npc.json","data\source\maps_source\城墙\cq_玉门关城墙001_008_hd.mesh","103159.296875","1824.21875","196850.296875"
"3377","cq_龙门城墙001_004_HD","npc.json","data\source\maps_source\城墙\cq_龙门城墙001_004_hd.mesh","109333.617187","3344.046875","163169.734375"
"3378","st_mj石拱003_HD","npc.json","data\source\maps_source\门派\明教\st_mj石拱003_hd.mesh","135195.859375","7034.297851","163129.28125"
"3379","CQ_玉门关城墙001_003.Mesh","npc.json","data\source\maps_source\城墙\cq_玉门关城墙001_003_hd.mesh","113921.007812","3213.416015","198684.0"
"3380","cq_龙门城墙001_005_HD","npc.json","data\source\maps_source\城墙\cq_龙门城墙001_005_hd.mesh","109030.484375","2847.558593","163580.890625"
"3381","cq_龙门城墙001_003_HD","npc.json","data\source\maps_source\城墙\cq_龙门城墙001_003_hd.mesh","115449.140625","3172.36914","175475.796875"
"3382","CQ_玉门关城墙001_003.Mesh","npc.json","data\source\maps_source\城墙\cq_玉门关城墙001_003_hd.mesh","103262.585937","1964.58496","174345.8125"
"3383","wd_加沙石柱002_01_HD","npc.json","data\source\maps_source\门派\五毒\wd_加沙石柱002_01_hd.mesh","145110.1875","5549.579101","171634.78125"
"3384","WJ_木堆001.Mesh","npc.json","data\source\maps_source\小物件\室内\wj_木堆001_hd.mesh","141097.125","4429.308593","163246.578125"
"3385","cq_龙门城墙001_004_HD","npc.json","data\source\maps_source\城墙\cq_龙门城墙001_004_hd.mesh","152107.375","4952.443359","172588.9375"
"3386","cq_龙门城墙001_006_HD","npc.json","data\source\maps_source\城墙\cq_龙门城墙001_006_hd.mesh","116660.617187","3341.685546","183649.609375"
"3387","cq_龙门城墙001_006_HD","npc.json","data\source\maps_source\城墙\cq_龙门城墙001_006_hd.mesh","120383.75","3814.697265","185360.15625"
"3388","CQ_玉门关城墙001_001.Mesh","npc.json","data\source\maps_source\城墙\cq_玉门关城墙001_001_hd.mesh","104083.4375","2766.311523","181332.109375"
"3389","pj_mj中型围墙001_004_HD","npc.json","data\source\maps_source\门派\明教\pj_mj中型围墙001_004_hd.mesh","123161.523437","3561.481445","178949.4375"
"3390","CQ_玉门关城墙001_008.Mesh","npc.json","data\source\maps_source\城墙\cq_玉门关城墙001_008_hd.mesh","135804.71875","5589.884765","196698.625"
"3391","WJ_破木板002_008_HD","npc.json","data\source\maps_source\小物件\木箱\wj_破木板002_008_hd.mesh","116075.429687","3949.117187","165172.015625"
"3392","pj_mj石柱火盆001_001_HD","npc.json","data\source\maps_source\门派\明教\pj_mj石柱火盆001_001_hd.mesh","125916.726562","5533.925781","182081.546875"
"3393","cq_龙门城墙001_003_HD","npc.json","data\source\maps_source\城墙\cq_龙门城墙001_003_hd.mesh","116950.226562","3169.098632","172706.28125"
"3394","jz_mj牌坊002_HD","npc.json","data\source\maps_source\门派\明教\jz_mj牌坊002_hd.mesh","146745.71875","6314.4375","161394.03125"
"3395","cq_龙门城墙001_004_HD","npc.json","data\source\maps_source\城墙\cq_龙门城墙001_004_hd.mesh","125914.375","3460.047851","178599.5625"
"3396","pj_mj塔衔接001_003_HD","npc.json","data\source\maps_source\门派\明教\pj_mj塔衔接001_003_hd.mesh","128611.132812","4319.27539","181839.34375"
"3397","pj_mj塔衔接001_004_HD","npc.json","data\source\maps_source\门派\明教\pj_mj塔衔接001_004_hd.mesh","135076.59375","4990.454101","179936.796875"
"3398","cq_龙门城墙001_006_HD","npc.json","data\source\maps_source\城墙\cq_龙门城墙001_006_hd.mesh","108338.882812","4664.955078","190966.71875"
"3399","WD_加沙围堤001_004_HD","npc.json","data\source\maps_source\门派\五毒\wd_加沙围堤001_004_hd.mesh","123049.640625","3289.657226","182230.0625"
"3400","WJ_破木板002_008_HD","npc.json","data\source\maps_source\小物件\木箱\wj_破木板002_008_hd.mesh","123219.601562","4380.921875","165579.15625"
"3401","cq_龙门城墙001_006_HD","npc.json","data\source\maps_source\城墙\cq_龙门城墙001_006_hd.mesh","151119.515625","7395.877929","188379.09375"
"3402","st_mj戈壁碎石003_001_HD","npc.json","data\source\maps_source\门派\明教\st_mj戈壁碎石003_001_hd.mesh","128211.984375","4138.415039","182494.15625"
"3403","ST_mj戈壁碎石003_002.Mesh","npc.json","data\source\maps_source\门派\明教\st_mj戈壁碎石003_002_hd.mesh","143663.390625","6386.791015","170158.578125"
"3404","wd_加沙石柱002_01_HD","npc.json","data\source\maps_source\门派\五毒\wd_加沙石柱002_01_hd.mesh","146856.9375","5735.748046","172901.203125"
"3405","cq_龙门城墙001_003_HD","npc.json","data\source\maps_source\城墙\cq_龙门城墙001_003_hd.mesh","153025.734375","5841.671875","164973.0625"
"3406","CQ_玉门关城墙001_008.Mesh","npc.json","data\source\maps_source\城墙\cq_玉门关城墙001_008_hd.mesh","103339.304687","1824.21875","171424.546875"
"3407","cq_龙门城墙001_008_HD","npc.json","data\source\maps_source\城墙\cq_龙门城墙001_008_hd.mesh","119677.171875","3876.816406","177625.65625"
"3408","WJ_破罐001_002_HD","npc.json","data\source\maps_source\小物件\坛罐\wj_破罐001_002_hd.mesh","116472.632812","3641.978515","175538.5625"
"3409","wj_mj旗帜003_HD","npc.json","data\source\maps_source\门派\明教\wj_mj旗帜003_hd.mesh","104784.59375","7004.967773","181475.828125"
"3410","CQ_玉门关城墙001_003.Mesh","npc.json","data\source\maps_source\城墙\cq_玉门关城墙001_003_hd.mesh","103575.40625","1793.769531","168547.03125"
"3411","WJ_ms破碎石头001_003_HD","npc.json","data\source\maps_source\副本室内\光明顶密道\wj_ms破碎石头001_003_hd.mesh","116636.367187","4315.481445","187786.515625"
"3412","cq_龙门城墙001_004_HD","npc.json","data\source\maps_source\城墙\cq_龙门城墙001_004_hd.mesh","108219.773437","3434.93164","163048.5"
"3413","cq_龙门城墙001_005_HD","npc.json","data\source\maps_source\城墙\cq_龙门城墙001_005_hd.mesh","104621.5","2620.601562","163801.0625"
"3414","WJ_mj登陆断柱001_HD","npc.json","data\source\maps_source\门派\明教\wj_mj登陆断柱001_hd.mesh","122574.835937","4276.205078","183212.34375"
"3415","ST_mj戈壁碎石003_002.Mesh","npc.json","data\source\maps_source\门派\明教\st_mj戈壁碎石003_002_hd.mesh","129872.421875","5838.916015","168772.78125"
"3416","WJ_火堆001_002_HD","npc.json","data\source\maps_source\小物件\灯\wj_火堆001_002_hd.mesh","147796.75","8253.78125","193665.1875"
"3417","pj_mj塔衔接001_005_HD","npc.json","data\source\maps_source\门派\明教\pj_mj塔衔接001_005_hd.mesh","150943.53125","5834.08789","179378.671875"
"3418","pj_mj石柱火盆001_001_HD","npc.json","data\source\maps_source\门派\明教\pj_mj石柱火盆001_001_hd.mesh","151047.28125","6599.234375","181055.046875"
"3419","wj_ca告示001_003a_HD","npc.json","data\source\maps_source\小物件\路标\wj_ca告示001_003a_hd.mesh","105494.445312","3862.61914","181889.21875"
"3420","WJ_破罐001_002_HD","npc.json","data\source\maps_source\小物件\坛罐\wj_破罐001_002_hd.mesh","120129.46875","4137.077148","166666.421875"
"3421","wd_加沙石柱002_01_HD","npc.json","data\source\maps_source\门派\五毒\wd_加沙石柱002_01_hd.mesh","145192.953125","7194.449218","185876.828125"
"3422","cq_龙门城墙001_009_HD","npc.json","data\source\maps_source\城墙\cq_龙门城墙001_009_hd.mesh","112957.007812","3290.519531","169541.03125"
"3423","CQ_玉门关城墙001_008.Mesh","npc.json","data\source\maps_source\城墙\cq_玉门关城墙001_008_hd.mesh","116021.554687","3605.463867","198538.9375"
"3424","cq_ca地台001_002_HD","npc.json","data\source\maps_source\城市\长安\cq_ca地台001_002_hd.mesh","123160.429687","593.024414","180884.046875"
"3425","st_mj石拱003_HD","npc.json","data\source\maps_source\门派\明教\st_mj石拱003_hd.mesh","150015.921875","4134.43457","168736.578125"
"3426","WJ_破罐001_002_HD","npc.json","data\source\maps_source\小物件\坛罐\wj_破罐001_002_hd.mesh","116608.773437","3659.297851","175444.484375"
"3427","WJ_破木箱003_001.Mesh","npc.json","data\source\maps_source\小物件\木箱\wj_破木箱003_001_hd.mesh","147997.421875","8364.354492","191021.25"
"3428","JZ_mj中型民居001_002_HD","npc.json","data\source\maps_source\门派\明教\jz_mj中型民居001_002_hd.mesh","132756.4375","10163.325195","159302.984375"
"3429","CQ_玉门关城墙001_008.Mesh","npc.json","data\source\maps_source\城墙\cq_玉门关城墙001_008_hd.mesh","103287.765625","6602.125976","182712.921875"
"3430","st_mj石拱003_HD","npc.json","data\source\maps_source\门派\明教\st_mj石拱003_hd.mesh","142081.328125","7052.985351","165176.359375"
"3431","CQ_玉门关城墙001_003.Mesh","npc.json","data\source\maps_source\城墙\cq_玉门关城墙001_003_hd.mesh","103545.953125","2451.876953","188728.4375"
"3432","WJ_破罐001_002_HD","npc.json","data\source\maps_source\小物件\坛罐\wj_破罐001_002_hd.mesh","114953.445312","3466.640625","175180.53125"
"3433","wj_破木箱003_001_HD","npc.json","data\source\maps_source\小物件\木箱\wj_破木箱003_001_hd.mesh","112185.085937","3383.642578","165664.28125"
"3434","cq_龙门城墙001_004_HD","npc.json","data\source\maps_source\城墙\cq_龙门城墙001_004_hd.mesh","111485.296875","2964.611328","164093.0625"
"3435","cq_龙门城墙001_003_HD","npc.json","data\source\maps_source\城墙\cq_龙门城墙001_003_hd.mesh","120124.195312","3882.852539","177473.890625"
"3436","WD_加沙围堤001_004_HD","npc.json","data\source\maps_source\门派\五毒\wd_加沙围堤001_004_hd.mesh","122764.28125","3230.879882","179480.828125"
"3437","wj_mj石阶梯001_002_HD","npc.json","data\source\maps_source\门派\明教\wj_mj石阶梯001_002_hd.mesh","119261.789062","4016.371093","183467.203125"
"3438","ST_mj石头003_003_HD","npc.json","data\source\maps_source\门派\明教\st_mj石头003_003_hd.mesh","136342.6875","3278.246093","193654.609375"
"3439","cq_龙门城墙001_003_HD","npc.json","data\source\maps_source\城墙\cq_龙门城墙001_003_hd.mesh","119061.65625","3544.289062","167975.484375"
"3440","s_mj三生树001_HD","npc.json","data\source\maps_source\门派\明教\s_mj三生树001_hd.mesh","151676.546875","9517.737304","196298.546875"
"3441","JZ_xb楼兰哨台001_005.Mesh","npc.json","data\source\maps_source\建筑\jz_xb楼兰哨台001_005_hd.mesh","109331.898437","4297.75","194177.203125"
"3442","xwj_破石马001_002_HD","npc.json","data\source\maps_source\小物件\雕像\xwj_破石马001_002_hd.mesh","115583.359375","3552.708007","173947.6875"
"3443","cq_龙门城墙001_005_HD","npc.json","data\source\maps_source\城墙\cq_龙门城墙001_005_hd.mesh","106276.679687","2509.0","164961.1875"
"3444","st_mj戈壁碎石001_002_HD","npc.json","data\source\maps_source\门派\明教\st_mj戈壁碎石001_002_hd.mesh","124706.8125","12478.325195","159369.40625"
"3445","jz_mj偏殿001_002_HD","npc.json","data\source\maps_source\门派\明教\jz_mj偏殿001_002_hd.mesh","152348.53125","5260.737304","179491.703125"
"3446","cq_龙门城墙001_003_HD","npc.json","data\source\maps_source\城墙\cq_龙门城墙001_003_hd.mesh","121883.398437","3490.46289","178704.0625"
"3447","st_mj戈壁碎石003_001_HD","npc.json","data\source\maps_source\门派\明教\st_mj戈壁碎石003_001_hd.mesh","105343.609375","3302.005859","176447.765625"
"3448","CQ_玉门关城墙001_008.Mesh","npc.json","data\source\maps_source\城墙\cq_玉门关城墙001_008_hd.mesh","120725.53125","2810.835937","198487.609375"
"3449","cq_龙门城墙001_006_HD","npc.json","data\source\maps_source\城墙\cq_龙门城墙001_006_hd.mesh","112368.953125","3374.858398","163383.03125"
"3450","cq_龙门城墙001_003_HD","npc.json","data\source\maps_source\城墙\cq_龙门城墙001_003_hd.mesh","108401.164062","2455.296875","164480.796875"
"3451","PJ_mvp瓦头001_001.Mesh","npc.json","data\source\maps_source\建筑配套\pj_mvp瓦头001_001_hd.mesh","152556.140625","7000.601562","185024.703125"
"3452","cq_龙门城墙001_006_HD","npc.json","data\source\maps_source\城墙\cq_龙门城墙001_006_hd.mesh","129056.15625","3566.67871","177723.578125"
"3453","S_hgb枯树001_002.Mesh","speedtree.json","Data\source\maps_source\树\S_hgb枯树001_002.srt","123360.515625","4718.828125","165921.734375"
"3454","s_mj三生树001_HD","npc.json","data\source\maps_source\门派\明教\s_mj三生树001_hd.mesh","147658.453125","6140.74414","167036.671875"
"3455","JZ_xb玉门关建筑001_001_HD","npc.json","data\source\maps_source\建筑\jz_xb玉门关建筑001_001_hd.mesh","146868.640625","5982.197265","171602.40625"
"3456","cq_龙门城墙001_003_HD","npc.json","data\source\maps_source\城墙\cq_龙门城墙001_003_hd.mesh","120787.328125","3220.914062","178598.59375"
"3457","PJ_紫竹苑围墙001_009.Mesh","npc.json","data\source\maps_source\建筑配套\pj_紫竹苑围墙001_009_hd.mesh","145829.59375","8199.392578","192915.484375"
"3458","CQ_玉门关城墙001_003.Mesh","npc.json","data\source\maps_source\城墙\cq_玉门关城墙001_003_hd.mesh","118396.585937","2798.61914","198502.53125"
"3459","WJ_mj登陆断柱001_HD","npc.json","data\source\maps_source\门派\明教\wj_mj登陆断柱001_hd.mesh","118098.453125","4050.685546","182635.6875"
"3460","WJ_破木桶001_004_HD","npc.json","data\source\maps_source\小物件\木箱\wj_破木桶001_004_hd.mesh","109717.234375","3297.960937","174029.4375"
"3461","cq_龙门城墙001_003_HD","npc.json","data\source\maps_source\城墙\cq_龙门城墙001_003_hd.mesh","150841.75","5792.726074","182537.40625"
"3462","wj_tc步兵雕像001_001_HD","npc.json","data\source\maps_source\门派\天策\wj_tc加沙破步兵雕像001_004_hd.mesh","113839.132812","4530.672851","160674.28125"
"3463","cq_龙门城墙001_003_HD","npc.json","data\source\maps_source\城墙\cq_龙门城墙001_003_hd.mesh","121000.539062","3933.984375","167192.75"
"3464","WJ_破木箱004_001_HD","npc.json","data\source\maps_source\小物件\木箱\wj_破木箱004_001_hd.mesh","121849.328125","4726.733398","164193.640625"
"3465","WJ_破罐001_003_HD","npc.json","data\source\maps_source\小物件\坛罐\wj_破罐001_003_hd.mesh","120087.65625","4049.09375","169609.4375"
"3466","WD_石柱002_01.Mesh","npc.json","data\source\maps_source\门派\五毒\wd_加沙石柱002_01_hd.mesh","134909.078125","4772.304687","183921.640625"
"3467","WJ_木箱004_002.Mesh","npc.json","data\source\maps_source\小物件\木箱\wj_木箱004_002_hd.mesh","117289.28125","3792.659179","171801.453125"
"3468","jz_mj牌坊002_HD","npc.json","data\source\maps_source\门派\明教\jz_mj牌坊002_hd.mesh","131835.71875","4616.34375","174376.21875"
"3469","cq_龙门城墙001_011_HD","npc.json","data\source\maps_source\城墙\cq_龙门城墙001_011_hd.mesh","120623.617187","3431.671875","168058.90625"
"3470","WJ_mj登陆断柱001_HD","npc.json","data\source\maps_source\门派\明教\wj_mj登陆断柱001_hd.mesh","117867.90625","4191.642578","180044.8125"
"3471","cq_龙门城墙001_006_HD","npc.json","data\source\maps_source\城墙\cq_龙门城墙001_006_hd.mesh","104806.9375","3160.936523","175402.21875"
"3472","jz_mj牌坊003_HD","npc.json","data\source\maps_source\门派\明教\jz_mj牌坊003_hd.mesh","107463.601562","3625.271484","176240.5625"
"3473","PJ_紫竹苑围墙001_007.Mesh","npc.json","data\source\maps_source\建筑配套\pj_紫竹苑围墙001_007_hd.mesh","146935.75","8285.398437","191670.453125"
"3474","JZ_xb楼兰哨台001_004.Mesh","npc.json","data\source\maps_source\建筑\jz_xb楼兰哨台001_004_hd.mesh","152869.6875","7440.094726","198623.109375"
"3475","cq_龙门城墙001_003_HD","npc.json","data\source\maps_source\城墙\cq_龙门城墙001_003_hd.mesh","150718.890625","7028.214843","188882.078125"
"3476","cq_龙门城墙001_005_HD","npc.json","data\source\maps_source\城墙\cq_龙门城墙001_005_hd.mesh","111376.382812","2735.204101","165050.203125"
"3477","S_hgb枯树001_008.Mesh","speedtree.json","Data\source\maps_source\树\S_hgb枯树001_008.srt","110004.101562","3325.65625","164018.46875"
"3478","cq_龙门城墙001_002_HD","npc.json","data\source\maps_source\城墙\cq_龙门城墙001_002_hd.mesh","112593.953125","3337.477539","164670.078125"
"3479","cq_龙门城墙001_004_HD","npc.json","data\source\maps_source\城墙\cq_龙门城墙001_004_hd.mesh","107881.109375","2964.611328","163430.8125"
"3480","st_mj石拱003_HD","npc.json","data\source\maps_source\门派\明教\st_mj石拱003_hd.mesh","148274.765625","8401.108398","196673.96875"
"3481","cq_龙门城墙001_002_HD","npc.json","data\source\maps_source\城墙\cq_龙门城墙001_002_hd.mesh","121615.953125","3893.711914","178653.140625"
"3482","s_mj三生树001_HD","npc.json","data\source\maps_source\门派\明教\s_mj三生树001_hd.mesh","135396.234375","10042.673828","159340.6875"
"3483","cq_龙门城墙001_003_HD","npc.json","data\source\maps_source\城墙\cq_龙门城墙001_003_hd.mesh","151033.15625","8312.317382","192157.09375"
"3484","cq_龙门城墙001_011_HD","npc.json","data\source\maps_source\城墙\cq_龙门城墙001_011_hd.mesh","119987.132812","4026.99121","168226.46875"
"3485","cq_龙门城墙001_003_HD","npc.json","data\source\maps_source\城墙\cq_龙门城墙001_003_hd.mesh","122970.546875","3964.820312","168579.046875"
"3486","wj_mj地板碎块001_003_HD","npc.json","data\source\maps_source\门派\明教\wj_mj地板碎块001_003_hd.mesh","103729.671875","3368.926757","181258.453125"
"3487","cq_龙门城墙001_005_HD","npc.json","data\source\maps_source\城墙\cq_龙门城墙001_005_hd.mesh","107686.203125","2270.984375","173042.71875"
"3488","xwj_破石马001_002_HD","npc.json","data\source\maps_source\小物件\雕像\xwj_破石马001_002_hd.mesh","111903.054687","5040.730468","190699.921875"
"3489","cq_龙门城墙001_003_HD","npc.json","data\source\maps_source\城墙\cq_龙门城墙001_003_hd.mesh","150878.90625","5735.258789","182927.65625"
"3490","WJ_破罐001_002_HD","npc.json","data\source\maps_source\小物件\坛罐\wj_破罐001_002_hd.mesh","110501.625","3363.328125","164206.25"
"3491","WD_毒蛇雕塑_001.Mesh","npc.json","data\source\maps_source\门派\五毒\wd_毒蛇雕塑_001_hd.mesh","120046.335937","3658.926757","179336.828125"
"3492","cq_龙门城墙001_005_HD","npc.json","data\source\maps_source\城墙\cq_龙门城墙001_005_hd.mesh","115080.570312","4500.013671","192302.046875"
"3493","wj_ca告示001_002_HD","npc.json","data\source\maps_source\小物件\路标\wj_ca告示001_002_hd.mesh","105538.421875","3941.623046","181897.390625"
"3494","cq_龙门城墙001_005_HD","npc.json","data\source\maps_source\城墙\cq_龙门城墙001_005_hd.mesh","105641.507812","2211.787109","166733.5625"
"3495","WJ_破罐001_002_HD","npc.json","data\source\maps_source\小物件\坛罐\wj_破罐001_002_hd.mesh","110129.507812","3217.601562","171718.453125"
"3496","st_mj石拱003_HD","npc.json","data\source\maps_source\门派\明教\st_mj石拱003_hd.mesh","148642.171875","6004.5625","170079.015625"
"3497","cq_龙门城墙001_005_HD","npc.json","data\source\maps_source\城墙\cq_龙门城墙001_005_hd.mesh","108399.195312","2886.75","164301.859375"
"3498","cq_龙门城墙001_002_HD","npc.json","data\source\maps_source\城墙\cq_龙门城墙001_002_hd.mesh","109430.289062","3179.74414","174622.765625"
"3499","wd_加沙石柱002_01_HD","npc.json","data\source\maps_source\门派\五毒\wd_加沙石柱002_01_hd.mesh","146906.109375","7380.617187","185953.15625"
"3500","cq_龙门城墙001_003_HD","npc.json","data\source\maps_source\城墙\cq_龙门城墙001_003_hd.mesh","116265.671875","3266.762695","174778.53125"
"3501","WJ_破罐001_003_HD","npc.json","data\source\maps_source\小物件\坛罐\wj_破罐001_003_hd.mesh","111695.15625","3488.564453","165964.125"
"3502","SD_崖壁狱门fb_001.Mesh","npc.json","data\source\maps_source\山洞\sd_崖壁狱门fb_001_hd.mesh","109832.0","-4466.724609","157486.109375"
"3503","S_hgb枯树001_005.Mesh","speedtree.json","Data\source\maps_source\树\S_hgb枯树001_005.srt","112289.507812","3636.141601","164439.609375"
"3504","WJ_木栏杆002_002.Mesh","npc.json","data\source\maps_source\小物件\栏杆\wj_木栏杆002_002_hd.mesh","149797.578125","5827.396484","177192.796875"
"3505","CQ_玉门关城墙001_008.Mesh","npc.json","data\source\maps_source\城墙\cq_玉门关城墙001_008_hd.mesh","103973.796875","1672.833984","165405.109375"
"3506","wj_mj动物尸骨001_001_HD","npc.json","data\source\maps_source\门派\明教\wj_mj动物尸骨001_001_hd.mesh","140467.484375","5818.304687","178264.84375"
"3507","cq_龙门城墙001_003_HD","npc.json","data\source\maps_source\城墙\cq_龙门城墙001_003_hd.mesh","121017.945312","3862.402343","170052.25"
"3508","WD_火把_001_HD","npc.json","data\source\maps_source\门派\五毒\wd_火把_001_hd.mesh","106205.453125","3507.983398","182612.171875"
"3509","S_hgb枯树001_002.Mesh","speedtree.json","Data\source\maps_source\树\S_hgb枯树001_002.srt","108360.539062","3028.145507","169192.0"
"3510","pj_mj中型围墙002_HD","npc.json","data\source\maps_source\门派\明教\pj_mj中型围墙002_hd.mesh","150815.40625","5811.33496","172162.6875"
"3511","wj_mj地板碎块001_001_HD","npc.json","data\source\maps_source\门派\明教\wj_mj地板碎块001_001_hd.mesh","103909.679687","3335.092773","181436.484375"
"3512","cq_龙门城墙001_003_HD","npc.json","data\source\maps_source\城墙\cq_龙门城墙001_003_hd.mesh","121883.492187","4687.05371","176568.609375"
"3513","ST_xb龙门荒漠石001_011.Mesh","npc.json","data\source\maps_source\石头\st_xb龙门荒漠石001_011_hd.mesh","127446.835937","11793.765625","160397.546875"
"3514","pj_mj中型围墙002_HD","npc.json","data\source\maps_source\门派\明教\pj_mj中型围墙002_hd.mesh","150766.8125","5816.630371","177011.046875"
"3515","WJ_火堆001_002.Mesh","npc.json","data\source\maps_source\小物件\灯\wj_火堆001_002_hd.mesh","140189.140625","4417.472656","163429.40625"
"3516","jz_mj牌坊002_HD","npc.json","data\source\maps_source\门派\明教\jz_mj牌坊002_hd.mesh","127263.53125","4515.287109","184536.46875"
"3517","JZ_mj中型民居001_001_HD","npc.json","data\source\maps_source\门派\明教\jz_mj中型民居001_001_hd.mesh","149130.640625","5869.612304","184552.828125"
"3518","WJ_破木桶001_002_HD","npc.json","data\source\maps_source\小物件\木箱\wj_破木桶001_002_hd.mesh","115575.6875","3678.044921","166076.28125"
"3519","st_mj戈壁碎石003_001_HD","npc.json","data\source\maps_source\门派\明教\st_mj戈壁碎石003_001_hd.mesh","131106.484375","11947.841796","158481.390625"
"3520","S_hgb枯树001_002.Mesh","speedtree.json","Data\source\maps_source\树\S_hgb枯树001_002.srt","122981.773437","4773.6875","164268.28125"
"3521","wj_mj地板碎块001_003_HD","npc.json","data\source\maps_source\门派\明教\wj_mj地板碎块001_003_hd.mesh","106031.34375","4450.828125","189607.765625"
"3522","cq_龙门城墙001_003_HD","npc.json","data\source\maps_source\城墙\cq_龙门城墙001_003_hd.mesh","127833.5","3266.058593","178620.203125"
"3523","WJ_破罐001_002_HD","npc.json","data\source\maps_source\小物件\坛罐\wj_破罐001_002_hd.mesh","106141.664062","3024.827148","166612.375"
"3524","CQ_tc破废墟001_002_HD","npc.json","data\source\maps_source\门派\天策\cq_tc破废墟001_002_hd.mesh","118870.265625","4091.107421","175477.703125"
"3525","wj_mj篝火001_003_HD","npc.json","data\source\maps_source\门派\明教\wj_mj篝火001_003_hd.mesh","107675.5","4317.78125","187343.5"
"3526","jz_xb玉门关建筑002_005_HD","npc.json","data\source\maps_source\建筑\jz_xb玉门关建筑002_005_hd.mesh","132394.34375","4901.40039","185550.375"
"3527","st_rubble001_003_HD","npc.json","data\source\maps_source\foliage\st_rubble001_003_hd.mesh","116396.445312","3849.21289","165548.03125"
"3528","cq_龙门城墙001_002_HD","npc.json","data\source\maps_source\城墙\cq_龙门城墙001_002_hd.mesh","120219.007812","3910.474609","168140.890625"
"3529","XWJ_落雪火盆002_001_HD","npc.json","data\source\maps_source\小物件\灯\xwj_落雪火盆002_001_hd.mesh","132380.34375","4806.710937","180675.15625"
"3530","WJ_破木板002_001_HD","npc.json","data\source\maps_source\小物件\木箱\wj_破木板002_001_hd.mesh","117375.796875","3749.907226","170855.859375"
"3531","cq_龙门城墙001_006_HD","npc.json","data\source\maps_source\城墙\cq_龙门城墙001_006_hd.mesh","107406.101562","4056.298828","188247.0"
"3532","pj_中型围墙001_005_HD","npc.json","data\source\maps_source\门派\明教\pj_中型围墙001_005_hd.mesh","129297.5625","4039.411132","178842.09375"
"3533","cq_龙门城墙001_003_HD","npc.json","data\source\maps_source\城墙\cq_龙门城墙001_003_hd.mesh","121459.703125","3589.923828","175124.796875"
"3534","CQ_玉门关城墙001_008.Mesh","npc.json","data\source\maps_source\城墙\cq_玉门关城墙001_008_hd.mesh","111818.382812","3506.259765","198550.1875"
"3535","PJ_TC破大门台阶001_004_HD","npc.json","data\source\maps_source\门派\天策\pj_tc破大门台阶001_004_hd.mesh","116577.601562","3749.618164","186210.5625"
"3536","cq_龙门城墙001_006_HD","npc.json","data\source\maps_source\城墙\cq_龙门城墙001_006_hd.mesh","105405.203125","2485.877929","171750.765625"
"3537","S_hgb枯树001_002.Mesh","speedtree.json","Data\source\maps_source\树\S_hgb枯树001_002.srt","115779.515625","3519.050781","174443.484375"
"3538","PJ_ca通用楼梯001_003_HD","npc.json","data\source\maps_source\城市\长安\pj_ca通用楼梯001_003_hd.mesh","128867.734375","3865.416015","180384.203125"
"3539","s_mj树001_002_HD","npc.json","data\source\maps_source\门派\明教\s_mj树001_002_hd.mesh","143734.796875","7150.375976","162543.703125"
"3540","q_mj光明顶吊桥001_005_HD","npc.json","data\source\maps_source\门派\明教\q_mj光明顶吊桥001_005_hd.mesh","141174.984375","10355.082031","157571.75"
"3541","cq_龙门城墙001_003_HD","npc.json","data\source\maps_source\城墙\cq_龙门城墙001_003_hd.mesh","151152.734375","7132.140625","187277.109375"
"3542","cq_龙门城墙001_004_HD","npc.json","data\source\maps_source\城墙\cq_龙门城墙001_004_hd.mesh","127236.382812","3634.159179","182927.828125"
"3543","jz_破公堂002_HD","npc.json","data\source\maps_source\建筑\jz_破公堂002_hd.mesh","123970.726562","4833.972656","191023.890625"
"3544","jz_xb玉门关建筑002_008_HD","npc.json","data\source\maps_source\建筑\jz_xb玉门关建筑002_007_hd.mesh","142485.8125","9748.238281","157628.875"
"3545","cq_龙门城墙001_004_HD","npc.json","data\source\maps_source\城墙\cq_龙门城墙001_004_hd.mesh","150928.78125","5468.656738","175176.03125"
"3546","wj_ca告示001_003a_HD","npc.json","data\source\maps_source\小物件\路标\wj_ca告示001_003a_hd.mesh","105607.453125","3777.74414","181900.96875"
"3547","cq_龙门城墙001_003_HD","npc.json","data\source\maps_source\城墙\cq_龙门城墙001_003_hd.mesh","120108.265625","3261.171875","168122.03125"
"3548","PJ_mvp围墙001_002_HD","npc.json","data\source\maps_source\建筑配套\pj_mvp围墙001_002_hd.mesh","153531.75","5724.574218","185251.140625"
"3549","S_hgb枯树001_005.Mesh","speedtree.json","Data\source\maps_source\树\S_hgb枯树001_005.srt","109217.710937","3263.289062","161700.421875"
"3550","CQ_玉门关城墙001_008.Mesh","npc.json","data\source\maps_source\城墙\cq_玉门关城墙001_008_hd.mesh","103793.789062","1672.833984","190830.859375"
"3551","wd_石柱004_01_HD","npc.json","data\source\maps_source\门派\五毒\wd_加沙石柱004_01_hd.mesh","144916.796875","5370.171875","181914.0625"
"3552","cq_龙门城墙001_006_HD","npc.json","data\source\maps_source\城墙\cq_龙门城墙001_006_hd.mesh","119677.578125","4132.890625","191966.46875"
"3553","cq_龙门城墙001_003_HD","npc.json","data\source\maps_source\城墙\cq_龙门城墙001_003_hd.mesh","116751.382812","2973.666992","174033.171875"
"3554","st_rubble002_006_HD","npc.json","data\source\maps_source\foliage\st_rubble002_006_hd.mesh","117677.226562","3917.012695","165683.453125"
"3555","WD_石柱002_01.Mesh","npc.json","data\source\maps_source\门派\五毒\wd_加沙石柱002_01_hd.mesh","140817.734375","5517.301757","173031.453125"
"3556","wd_加沙祝融平台废墟001_003_HD","npc.json","data\source\maps_source\门派\五毒\wd_加沙祝融平台废墟001_003_hd.mesh","146129.328125","4892.617187","179889.25"
"3557","cq_龙门城墙001_005_HD","npc.json","data\source\maps_source\城墙\cq_龙门城墙001_005_hd.mesh","119823.539062","3381.279296","187086.390625"
"3558","cq_龙门城墙001_006_HD","npc.json","data\source\maps_source\城墙\cq_龙门城墙001_006_hd.mesh","152160.0625","5268.132812","170176.84375"
"3559","s_mj树001_004_HD","npc.json","data\source\maps_source\门派\明教\s_mj树001_004_hd.mesh","121491.476562","3774.149414","183607.953125"
"3560","WD_加沙围堤001_004_HD","npc.json","data\source\maps_source\门派\五毒\wd_加沙围堤001_004_hd.mesh","150566.546875","5599.009765","171500.09375"
"3561","WJ_破木板002_002_HD","npc.json","data\source\maps_source\小物件\木箱\wj_破木板002_002_hd.mesh","121105.859375","4159.27246","165825.390625"
"3562","cq_龙门城墙001_004_HD","npc.json","data\source\maps_source\城墙\cq_龙门城墙001_004_hd.mesh","117053.984375","3255.958007","187464.421875"
"3563","cq_龙门城墙001_005_HD","npc.json","data\source\maps_source\城墙\cq_龙门城墙001_005_hd.mesh","105549.257812","2442.935546","168102.890625"
"3564","ST_mj石头003_004_HD","npc.json","data\source\maps_source\门派\明教\st_mj石头003_004_hd.mesh","141660.171875","6758.677734","156418.765625"
"3565","WJ_破罐001_003_HD","npc.json","data\source\maps_source\小物件\坛罐\wj_破罐001_003_hd.mesh","119503.84375","4158.383789","174205.34375"
"3566","cq_龙门城墙001_005_HD","npc.json","data\source\maps_source\城墙\cq_龙门城墙001_005_hd.mesh","119889.609375","3221.93164","184021.375"
"3567","wd_石柱004_01_HD","npc.json","data\source\maps_source\门派\五毒\wd_加沙石柱004_01_hd.mesh","134987.75","4637.658203","177450.09375"
"3568","WJ_木堆001.Mesh","npc.json","data\source\maps_source\小物件\室内\wj_木堆001_hd.mesh","141064.953125","4429.308593","163298.34375"
"3569","cq_龙门城墙001_006_HD","npc.json","data\source\maps_source\城墙\cq_龙门城墙001_006_hd.mesh","110700.382812","2984.614257","164328.59375"
"3570","pj_mj中型围墙002_HD","npc.json","data\source\maps_source\门派\明教\pj_mj中型围墙002_hd.mesh","150519.3125","5804.910156","183135.25"
"3571","WJ_mj登陆断柱001_HD","npc.json","data\source\maps_source\门派\明教\wj_mj登陆断柱001_hd.mesh","120248.101562","4256.231445","182479.890625"
"3572","st_mj戈壁碎石003_001_HD","npc.json","data\source\maps_source\门派\明教\st_mj戈壁碎石003_001_hd.mesh","148860.375","5129.824218","165804.078125"
"3573","cq_龙门城墙001_005_HD","npc.json","data\source\maps_source\城墙\cq_龙门城墙001_005_hd.mesh","106746.25","2761.867187","175533.546875"
"3574","wj_mj旗帜003_HD","npc.json","data\source\maps_source\门派\明教\wj_mj旗帜003_hd.mesh","102404.039062","7092.853515","181591.234375"
"3575","WD_石柱002_01.Mesh","npc.json","data\source\maps_source\门派\五毒\wd_加沙石柱002_01_hd.mesh","116763.960937","3829.216796","181160.296875"
"3576","jz_z破庙房舍002_HD","npc.json","data\source\maps_source\建筑\jz_破毛草屋001_008_hd.mesh","122407.554687","2974.716796","190701.96875"
"3577","PJ_紫竹苑围墙001_006.Mesh","npc.json","data\source\maps_source\建筑配套\pj_紫竹苑围墙001_006_hd.mesh","145081.578125","8185.823242","193589.375"
"3578","S_hgb枯树001_002.Mesh","speedtree.json","Data\source\maps_source\树\S_hgb枯树001_002.srt","111255.15625","4748.255859","190580.765625"
"3579","cq_龙门城墙002_HD","npc.json","data\source\maps_source\城墙\cq_龙门城墙002_hd.mesh","105419.921875","3124.257812","181376.421875"
"3580","WD_石柱002_01.Mesh","npc.json","data\source\maps_source\门派\五毒\wd_石柱002_01_hd.mesh","121603.984375","3552.398437","192284.421875"
"3581","cq_龙门城墙001_009_HD","npc.json","data\source\maps_source\城墙\cq_龙门城墙001_009_hd.mesh","119930.078125","3801.204101","179139.5"
"3582","S_hgb枯树001_007.Mesh","speedtree.json","Data\source\maps_source\树\S_hgb枯树001_007.srt","121936.578125","4742.297851","164608.984375"
"3583","CQ_玉门关城墙001_008.Mesh","npc.json","data\source\maps_source\城墙\cq_玉门关城墙001_008_hd.mesh","103764.03125","2241.279296","177207.875"
"3584","JZ_xb楼兰哨台001_004.Mesh","npc.json","data\source\maps_source\建筑\jz_xb楼兰哨台001_004_hd.mesh","153353.40625","8447.33496","196748.515625"
"3585","JZ_mj中型民居001_001_HD","npc.json","data\source\maps_source\门派\明教\jz_mj中型民居001_001_hd.mesh","140107.078125","10067.913085","154646.109375"
"3586","S_hgb枯树001_002.Mesh","speedtree.json","Data\source\maps_source\树\S_hgb枯树001_002.srt","112765.992187","5308.296875","160139.421875"
"3587","wj_mj动物尸骨001_001_HD","npc.json","data\source\maps_source\门派\明教\wj_mj动物尸骨001_001_hd.mesh","121226.929687","4291.814453","183953.515625"
"3588","ST_mj石头002_001_HD","npc.json","data\source\maps_source\门派\明教\st_mj石头002_001_hd.mesh","145161.703125","6728.67871","198813.796875"
"3589","cq_龙门城墙001_005_HD","npc.json","data\source\maps_source\城墙\cq_龙门城墙001_005_hd.mesh","116807.945312","3944.072265","191295.6875"
"3590","WJ_mvpl蓝色布帘001_004.Mesh","npc.json","data\source\maps_source\建筑配套\wj_mvpl蓝色布帘001_004_hd.mesh","143366.484375","6912.094726","165735.5625"
"3591","S_hgb枯树001_005","speedtree.json","data\source\maps_source\树\s_hgb枯树001_005.srt","120488.890625","4179.36621","166969.5"
"3592","cq_龙门城墙001_003_HD","npc.json","data\source\maps_source\城墙\cq_龙门城墙001_003_hd.mesh","150797.359375","5964.774414","184454.625"
"3593","cq_龙门城墙001_001_HD","npc.json","data\source\maps_source\城墙\cq_龙门城墙001_001_hd.mesh","105716.9375","2854.500976","170298.5"
"3594","ST_mj石头002_001.Mesh","npc.json","data\source\maps_source\门派\明教\st_mj石头002_001_hd.mesh","105967.6875","1999.910644","158475.078125"
"3595","cq_龙门城墙001_006_HD","npc.json","data\source\maps_source\城墙\cq_龙门城墙001_006_hd.mesh","115738.890625","4316.488281","191833.984375"
"3596","cq_龙门城墙001_005_HD","npc.json","data\source\maps_source\城墙\cq_龙门城墙001_005_hd.mesh","108441.578125","2898.046875","175654.09375"
"3597","cq_龙门城墙001_004_HD","npc.json","data\source\maps_source\城墙\cq_龙门城墙001_004_hd.mesh","151756.84375","5350.355468","172701.609375"
"3598","CQ_玉门关城墙001_008.Mesh","npc.json","data\source\maps_source\城墙\cq_玉门关城墙001_008_hd.mesh","107564.1875","1840.057617","198873.5625"
"3599","cq_龙门城墙001_004_HD","npc.json","data\source\maps_source\城墙\cq_龙门城墙001_004_hd.mesh","112410.554687","3434.93164","163840.71875"
"3600","WJ_锄头001_005_HD","npc.json","data\source\maps_source\小物件\农具\wj_锄头001_005_hd.mesh","123084.234375","5481.484375","164267.984375"
"3601","WJ_木堆001.Mesh","npc.json","data\source\maps_source\小物件\室内\wj_木堆001_hd.mesh","141032.9375","4429.308593","163349.890625"
"3602","CQ_玉门关城墙001_008.Mesh","npc.json","data\source\maps_source\城墙\cq_玉门关城墙001_008_hd.mesh","153172.875","3265.186523","162631.9375"
"3603","cq_龙门城墙001_005_HD","npc.json","data\source\maps_source\城墙\cq_龙门城墙001_005_hd.mesh","111045.859375","3317.878906","163526.28125"
"3604","cq_龙门城墙001_010_HD","npc.json","data\source\maps_source\城墙\cq_龙门城墙001_010_hd.mesh","115866.523437","3112.529296","177606.421875"
"3605","cq_龙门城墙001_009_HD","npc.json","data\source\maps_source\城墙\cq_龙门城墙001_009_hd.mesh","120315.101562","4222.578125","168688.984375"
"3606","st_rubble001_005_HD","npc.json","data\source\maps_source\foliage\st_rubble001_005_hd.mesh","114494.195312","3582.390625","165957.5"
"3607","cq_龙门城墙001_003_HD","npc.json","data\source\maps_source\城墙\cq_龙门城墙001_003_hd.mesh","122652.734375","3872.34375","167103.34375"
"3608","cq_龙门城墙001_004_HD","npc.json","data\source\maps_source\城墙\cq_龙门城墙001_004_hd.mesh","109306.132812","4810.302734","190169.265625"
"3609","st_mj戈壁碎石003_001_HD","npc.json","data\source\maps_source\门派\明教\st_mj戈壁碎石003_001_hd.mesh","109425.578125","2961.760742","160612.6875"
"3610","CQ_玉门关城墙001_003.Mesh","npc.json","data\source\maps_source\城墙\cq_玉门关城墙001_003_hd.mesh","151790.34375","3759.11914","165206.484375"
"3611","q_mj吊桥001_HD","npc.json","data\source\maps_source\门派\明教\q_mj吊桥001_hd.mesh","121697.289062","12411.248046","156694.796875"
"3612","wd_加沙石柱002_01_HD","npc.json","data\source\maps_source\门派\五毒\wd_加沙石柱002_01_hd.mesh","151190.9375","5570.333984","181492.171875"
"3613","PJ_mvp围墙001_002_HD","npc.json","data\source\maps_source\建筑配套\pj_mvp围墙001_002_hd.mesh","151649.390625","5724.574218","185199.21875"
"3614","cq_龙门城墙001_004_HD","npc.json","data\source\maps_source\城墙\cq_龙门城墙001_004_hd.mesh","117023.1875","3210.074218","186402.375"
"3615","wj_mj动物尸骨001_002_HD","npc.json","data\source\maps_source\门派\明教\wj_mj动物尸骨001_002_hd.mesh","106038.8125","4382.789062","188900.15625"
"3616","WJ_破木板002_005_HD","npc.json","data\source\maps_source\小物件\木箱\wj_破木板002_005_hd.mesh","115381.96875","4407.74707","188225.328125"
"3617","cq_龙门城墙001_003_HD","npc.json","data\source\maps_source\城墙\cq_龙门城墙001_003_hd.mesh","151234.140625","5634.188476","177452.234375"
"3618","PJ_ca通用楼梯001_003_HD","npc.json","data\source\maps_source\城市\长安\pj_ca通用楼梯001_003_hd.mesh","115466.203125","3371.612304","181289.703125"
"3619","WD_火把_001_HD","npc.json","data\source\maps_source\门派\五毒\wd_火把_001_hd.mesh","106324.5625","3508.839843","180159.5"
"3620","PJ_紫竹苑围墙001_001.Mesh","npc.json","data\source\maps_source\建筑配套\pj_紫竹苑围墙001_001_hd.mesh","146498.59375","8220.3125","192378.40625"
"3621","cq_龙门城墙001_006_HD","npc.json","data\source\maps_source\城墙\cq_龙门城墙001_006_hd.mesh","119421.835937","4276.412109","191738.40625"
"3622","cq_龙门城墙001_004_HD","npc.json","data\source\maps_source\城墙\cq_龙门城墙001_004_hd.mesh","113388.023437","3344.046875","164043.796875"
"3623","CQ_玉门关城墙001_008.Mesh","npc.json","data\source\maps_source\城墙\cq_玉门关城墙001_008_hd.mesh","103760.96875","6475.597656","180063.015625"
"3624","WJ_mvp石墙装饰001_002.Mesh","npc.json","data\source\maps_source\建筑配套\wj_mvp石墙装饰001_002_hd.mesh","153123.5","7095.917968","185224.8125"
"3625","jz_xb玉门关建筑002_001_HD","npc.json","data\source\maps_source\建筑\jz_xb玉门关建筑002_001_hd.mesh","137708.625","11522.322265","156607.953125"
"3626","wj_mj破碎宝物001_001_HD","npc.json","data\source\maps_source\门派\明教\wj_mj破碎宝物001_001_hd.mesh","119970.171875","4049.09375","169537.09375"
"3627","XWJ_破坛子001_001_HD","npc.json","data\source\maps_source\小物件\坛罐\xwj_破坛子001_001_hd.mesh","115571.90625","3538.633789","174329.53125"
"3628","cq_龙门城墙001_004_HD","npc.json","data\source\maps_source\城墙\cq_龙门城墙001_004_hd.mesh","152098.59375","4861.558593","173709.34375"
"3629","cq_龙门城墙001_003_HD","npc.json","data\source\maps_source\城墙\cq_龙门城墙001_003_hd.mesh","115833.25","3431.739257","175875.046875"
"3630","pj_mj塔衔接001_005_HD","npc.json","data\source\maps_source\门派\明教\pj_mj塔衔接001_005_hd.mesh","128287.5625","4144.74414","181721.296875"
"3631","CQ_tc破城墙配件001_002_HD","npc.json","data\source\maps_source\门派\天策\cq_tc破城墙配件001_002_hd.mesh","116850.84375","3623.367187","178454.328125"
"3632","WJ_破罐001_001_HD","npc.json","data\source\maps_source\小物件\坛罐\wj_破罐001_001_hd.mesh","120492.5625","3983.521484","167667.25"
"3633","wd_石柱004_01_HD","npc.json","data\source\maps_source\门派\五毒\wd_加沙石柱005_03_hd.mesh","136873.265625","5326.314453","172844.46875"
"3634","cq_龙门城墙001_003_HD","npc.json","data\source\maps_source\城墙\cq_龙门城墙001_003_hd.mesh","118368.289062","3465.418945","168444.53125"
"3635","pj_mj石柱平台001_HD","npc.json","data\source\maps_source\门派\明教\pj_mj石柱平台001_hd.mesh","133163.8125","5000.908203","180140.109375"
"3636","WJ_木堆001.Mesh","npc.json","data\source\maps_source\小物件\室内\wj_木堆001_hd.mesh","141078.71875","4440.0625","163276.203125"
"3637","PJ_紫竹苑围墙001_009.Mesh","npc.json","data\source\maps_source\建筑配套\pj_紫竹苑围墙001_009_hd.mesh","147581.59375","8333.161132","191256.921875"
"3638","cq_龙门城墙001_004_HD","npc.json","data\source\maps_source\城墙\cq_龙门城墙001_004_hd.mesh","151717.96875","5259.470703","171581.859375"
"3639","S_hgb枯树001_001.Mesh","speedtree.json","Data\source\maps_source\树\S_hgb枯树001_001.srt","115493.578125","3445.664062","176479.171875"
"3640","cq_龙门城墙001_004_HD","npc.json","data\source\maps_source\城墙\cq_龙门城墙001_004_hd.mesh","106320.171875","3153.6875","175746.875"
"3641","cq_龙门城墙001_006_HD","npc.json","data\source\maps_source\城墙\cq_龙门城墙001_006_hd.mesh","151385.3125","7488.870117","188911.453125"
"3642","wd_石柱004_01_HD","npc.json","data\source\maps_source\门派\五毒\wd_加沙石柱005_03_hd.mesh","147226.03125","5657.374023","182057.796875"
"3643","WJ_灯007A_HD","npc.json","data\source\maps_source\小物件\灯\wj_灯007a_hd.mesh","146343.078125","8308.11621","193440.5625"
"3644","pj_mj中型围墙001_004_HD","npc.json","data\source\maps_source\门派\明教\pj_mj中型围墙001_004_hd.mesh","129314.046875","3786.867187","177555.234375"
"3645","cq_龙门城墙001_004_HD","npc.json","data\source\maps_source\城墙\cq_龙门城墙001_004_hd.mesh","112565.898437","4526.18164","192399.109375"
"3646","CQ_玉门关城墙001_008.Mesh","npc.json","data\source\maps_source\城墙\cq_玉门关城墙001_008_hd.mesh","125546.929687","3257.808593","197918.40625"
"3647","JZ_mj中型民居001_001_HD","npc.json","data\source\maps_source\门派\明教\jz_mj中型民居001_001_hd.mesh","128697.664062","13220.990234","159094.015625"
"3648","cq_龙门城墙001_005_HD","npc.json","data\source\maps_source\城墙\cq_龙门城墙001_005_hd.mesh","106623.15625","2420.388671","166137.96875"
"3649","cq_龙门城墙001_006_HD","npc.json","data\source\maps_source\城墙\cq_龙门城墙001_006_hd.mesh","109741.59375","3754.43457","160644.703125"
"3650","st_mj戈壁碎石003_001_HD","npc.json","data\source\maps_source\门派\明教\st_mj戈壁碎石003_001_hd.mesh","130148.46875","10302.05371","155202.8125"
"3651","WD_加沙巨像_001_HD","npc.json","data\source\maps_source\门派\五毒\wd_加沙巨像_001_hd.mesh","115214.679687","2345.410156","182937.890625"
"3652","st_mj戈壁碎石003_001_HD","npc.json","data\source\maps_source\门派\明教\st_mj戈壁碎石003_001_hd.mesh","128322.78125","5082.060546","171216.8125"
"3653","cq_龙门城墙001_005_HD","npc.json","data\source\maps_source\城墙\cq_龙门城墙001_005_hd.mesh","107939.140625","4297.783203","189864.921875"
"3654","hqm_浩气坛入口001_002_HD","npc.json","data\source\maps_source\建筑\jz_z破庙殿001_hd.mesh","152638.90625","7170.830078","188579.40625"
"3655","st_mj戈壁碎石003_001_HD","npc.json","data\source\maps_source\门派\明教\st_mj戈壁碎石003_001_hd.mesh","141277.046875","8757.20996","154557.390625"
"3656","st_mj石拱003_HD","npc.json","data\source\maps_source\门派\明教\st_mj石拱003_hd.mesh","142678.203125","6363.158203","163819.34375"
"3657","cq_龙门城墙001_003_HD","npc.json","data\source\maps_source\城墙\cq_龙门城墙001_003_hd.mesh","151103.828125","7650.58789","189891.9375"
"3658","WJ_破木板002_004_HD","npc.json","data\source\maps_source\小物件\木箱\wj_破木板002_004_hd.mesh","118699.703125","3938.605468","166490.375"
"3659","ST_mj戈壁碎石003_002.Mesh","npc.json","data\source\maps_source\门派\明教\st_mj戈壁碎石003_002_hd.mesh","117431.335937","13313.951171","224978.953125"
"3660","ST_mj戈壁碎石003_005.Mesh","npc.json","data\source\maps_source\门派\明教\st_mj戈壁碎石003_005_hd.mesh","124318.820312","8418.443359","221279.40625"
"3661","s_mj树002_005_HD","npc.json","data\source\maps_source\门派\明教\s_mj树002_005_hd.mesh","115904.929687","8936.671875","233712.171875"
"3662","ST_mj戈壁碎石003_005.Mesh","npc.json","data\source\maps_source\门派\明教\st_mj戈壁碎石003_005_hd.mesh","125002.640625","6951.884765","218676.390625"
"3663","WD_石柱003_01.Mesh","npc.json","data\source\maps_source\门派\五毒\wd_石柱003_01_hd.mesh","114087.601562","6692.238281","217853.25"
"3664","s_mj树002_005_HD","npc.json","data\source\maps_source\门派\明教\s_mj树002_005_hd.mesh","106305.007812","7329.639648","226432.609375"
"3665","s_mj树002_005_HD","npc.json","data\source\maps_source\门派\明教\s_mj树002_005_hd.mesh","117862.429687","8707.921875","232407.265625"
"3666","wj_m骆驼003_HD","npc.json","data\source\maps_source\门派\明教\wj_m骆驼003_hd.mesh","109003.789062","4971.282226","212814.0"
"3667","S_wts杉树001_010","speedtree.json","data\source\maps_source\树\s_wts杉树001_010.srt","111257.851562","7083.273437","221670.140625"
"3668","jz_mj牌坊003_HD","npc.json","data\source\maps_source\门派\明教\jz_mj牌坊003_hd.mesh","112564.875","5353.530273","211404.125"
"3669","s_mj树002_005_HD","npc.json","data\source\maps_source\门派\明教\s_mj树002_005_hd.mesh","110740.75","8071.070312","227946.078125"
"3670","WD_石柱003_01.Mesh","npc.json","data\source\maps_source\门派\五毒\wd_石柱003_01_hd.mesh","104990.5625","5514.235351","222385.53125"
"3671","st_mj戈壁碎石001_003_HD","npc.json","data\source\maps_source\门派\明教\st_mj戈壁碎石001_003_hd.mesh","120660.210937","7047.328125","212933.53125"
"3672","ST_mj石头003_004_HD","npc.json","data\source\maps_source\门派\明教\st_mj石头003_004_hd.mesh","130825.429687","2951.319335","205892.484375"
"3673","ST_mj石头002_002.Mesh","npc.json","data\source\maps_source\门派\明教\st_mj石头002_002_hd.mesh","114046.4375","7942.932617","224167.21875"
"3674","s_mj树002_005_HD","npc.json","data\source\maps_source\门派\明教\s_mj树002_005_hd.mesh","110212.984375","8311.773437","230093.15625"
"3675","ST_mj石拱004_HD","npc.json","data\source\maps_source\门派\明教\st_mj石拱004_hd.mesh","120151.710937","7101.34375","214986.15625"
"3676","S_wts杉树001_010","speedtree.json","data\source\maps_source\树\s_wts杉树001_010.srt","115872.476562","7456.921875","221872.484375"
"3677","st_mj戈壁碎石003_001_HD","npc.json","data\source\maps_source\门派\明教\st_mj戈壁碎石003_001_hd.mesh","121926.351562","6228.138671","209113.578125"
"3678","ST_mj中层石头001_004_HD","npc.json","data\source\maps_source\门派\明教\st_mj中层石头001_004_hd.mesh","119517.90625","10330.311523","215230.828125"
"3679","ST_mj戈壁碎石003_002.Mesh","npc.json","data\source\maps_source\门派\明教\st_mj戈壁碎石003_002_hd.mesh","114172.554687","8884.884765","229381.734375"
"3680","s_mj树002_005_HD","npc.json","data\source\maps_source\门派\明教\s_mj树002_005_hd.mesh","107888.3125","7943.829101","229224.28125"
"3681","wj_mj光明顶火盆001_HD","npc.json","data\source\maps_source\门派\明教\wj_mj光明顶火盆001_hd.mesh","112966.984375","7372.328125","224448.75"
"3682","s_mj树002_005_HD","npc.json","data\source\maps_source\门派\明教\s_mj树002_005_hd.mesh","106610.25","7609.445312","228207.453125"
"3683","st_mj戈壁碎石002_004_HD","npc.json","data\source\maps_source\门派\明教\st_mj戈壁碎石002_004_hd.mesh","121679.453125","7947.53125","216055.03125"
"3684","s_mj树002_005_HD","npc.json","data\source\maps_source\门派\明教\s_mj树002_005_hd.mesh","109629.773437","7910.117187","227252.265625"
"3685","S_wts杉树001_010","speedtree.json","data\source\maps_source\树\s_wts杉树001_010.srt","126143.992187","8511.859375","223391.84375"
"3686","st_mj戈壁碎石002_004_HD","npc.json","data\source\maps_source\门派\明教\st_mj戈壁碎石002_004_hd.mesh","107361.460937","7955.279296","229575.84375"
"3687","s_mj树002_005_HD","npc.json","data\source\maps_source\门派\明教\s_mj树002_005_hd.mesh","115704.046875","8782.359375","229631.34375"
"3688","s_mj树002_005_HD","npc.json","data\source\maps_source\门派\明教\s_mj树002_005_hd.mesh","113296.992187","7828.046875","225753.828125"
"3689","s_mj树002_006_HD","npc.json","data\source\maps_source\门派\明教\s_mj树002_006_hd.mesh","121740.609375","7918.203125","217338.546875"
"3690","s_mj树002_006_HD","npc.json","data\source\maps_source\门派\明教\s_mj树002_006_hd.mesh","116281.203125","8077.296875","225511.78125"
"3691","s_mj树002_005_HD","npc.json","data\source\maps_source\门派\明教\s_mj树002_005_hd.mesh","117915.34375","8964.242187","231098.875"
"3692","s_mj树002_005_HD","npc.json","data\source\maps_source\门派\明教\s_mj树002_005_hd.mesh","113040.039062","8263.953125","229523.4375"
"3693","ST_mj石头002_001.Mesh","npc.json","data\source\maps_source\门派\明教\st_mj石头002_001_hd.mesh","113021.507812","7989.821289","225781.65625"
"3694","S_wts杉树001_010","speedtree.json","data\source\maps_source\树\s_wts杉树001_010.srt","113875.375","7223.640625","221719.984375"
"3695","st_mj戈壁碎石002_004_HD","npc.json","data\source\maps_source\门派\明教\st_mj戈壁碎石002_004_hd.mesh","106795.1875","5930.5625","222614.015625"
"3696","wj_mj动物尸骨001_001_HD","npc.json","data\source\maps_source\门派\明教\wj_mj动物尸骨001_001_hd.mesh","114957.195312","7267.109375","220444.515625"
"3697","s_mj树002_005_HD","npc.json","data\source\maps_source\门派\明教\s_mj树002_005_hd.mesh","107530.992187","6995.507812","225113.0625"
"3698","st_mj中层石头001_003_HD","npc.json","data\source\maps_source\门派\明教\st_mj中层石头001_003_hd.mesh","119964.859375","8294.0","220814.0625"
"3699","S_wts杉树001_010","speedtree.json","data\source\maps_source\树\s_wts杉树001_010.srt","117229.078125","7774.078125","222899.1875"
"3700","s_mj树002_005_HD","npc.json","data\source\maps_source\门派\明教\s_mj树002_005_hd.mesh","108486.0","7357.820312","227679.40625"
"3701","wj_mj动物尸骨001_001_HD","npc.json","data\source\maps_source\门派\明教\wj_mj动物尸骨001_001_hd.mesh","104475.507812","5695.572265","222674.765625"
"3702","st_mj石拱003_HD","npc.json","data\source\maps_source\门派\明教\st_mj石拱003_hd.mesh","117149.234375","6711.5","216963.03125"
"3703","s_mj树002_006_HD","npc.json","data\source\maps_source\门派\明教\s_mj树002_006_hd.mesh","113081.179687","6772.789062","219959.484375"
"3704","pj_中型围墙001_006_HD","npc.json","data\source\maps_source\门派\明教\pj_中型围墙001_006_hd.mesh","111279.960937","8049.34375","229435.078125"
"3705","s_mj树001_001_HD","npc.json","data\source\maps_source\门派\明教\s_mj树001_001_hd.mesh","119700.15625","10508.920898","213731.34375"
"3706","ST_xb龙门荒漠石001_012.Mesh","npc.json","data\source\maps_source\石头\st_xb龙门荒漠石001_012_hd.mesh","121296.078125","12089.162109","221795.84375"
"3707","s_mj树002_005_HD","npc.json","data\source\maps_source\门派\明教\s_mj树002_005_hd.mesh","107805.445312","8126.129882","232661.953125"
"3708","S_wts杉树001_010","speedtree.json","data\source\maps_source\树\s_wts杉树001_010.srt","121976.804687","9760.74121","231036.546875"
"3709","s_mj树002_005_HD","npc.json","data\source\maps_source\门派\明教\s_mj树002_005_hd.mesh","113959.0","8338.53125","227542.28125"
"3710","SD_崖壁狱门fb_001.Mesh","npc.json","data\source\maps_source\山洞\sd_崖壁狱门fb_001_hd.mesh","115673.117187","6931.079101","225235.078125"
"3711","WD_石柱002_01.Mesh","npc.json","data\source\maps_source\门派\五毒\wd_石柱002_01_hd.mesh","110113.914062","4286.544921","214232.5625"
"3712","st_mj戈壁碎石002_004_HD","npc.json","data\source\maps_source\门派\明教\st_mj戈壁碎石002_004_hd.mesh","115914.648437","7577.796875","222687.6875"
"3713","S_wts杉树001_010","speedtree.json","data\source\maps_source\树\s_wts杉树001_010.srt","114052.296875","6679.046875","218713.03125"
"3714","ST_xb龙门荒漠石001_012.Mesh","npc.json","data\source\maps_source\石头\st_xb龙门荒漠石001_012_hd.mesh","118209.054687","8412.432617","223617.078125"
"3715","s_mj树002_005_HD","npc.json","data\source\maps_source\门派\明教\s_mj树002_005_hd.mesh","109036.90625","7761.023437","228525.203125"
"3716","s_mj树002_004_HD","npc.json","data\source\maps_source\门派\明教\s_mj树002_004_hd.mesh","118850.046875","8826.53125","228704.09375"
"3717","s_mj树002_005_HD","npc.json","data\source\maps_source\门派\明教\s_mj树002_005_hd.mesh","111104.0","8791.09375","230711.0625"
"3718","wj_mj动物尸骨001_001_HD","npc.json","data\source\maps_source\门派\明教\wj_mj动物尸骨001_001_hd.mesh","113550.710937","7983.265625","224449.640625"
"3719","s_mj树002_005_HD","npc.json","data\source\maps_source\门派\明教\s_mj树002_005_hd.mesh","112278.28125","8721.78125","230932.390625"
"3720","s_mj树002_005_HD","npc.json","data\source\maps_source\门派\明教\s_mj树002_005_hd.mesh","109029.75","7861.8125","227288.46875"
"3721","ST_mj石头003_004_HD","npc.json","data\source\maps_source\门派\明教\st_mj石头003_004_hd.mesh","126984.5","3914.125","211377.953125"
"3722","ST_xb龙门荒漠石001_012.Mesh","npc.json","data\source\maps_source\石头\st_xb龙门荒漠石001_012_hd.mesh","181385.609375","6004.93457","-884.439025"
"3723","ST_mj戈壁碎石003_002.Mesh","npc.json","data\source\maps_source\门派\明教\st_mj戈壁碎石003_002_hd.mesh","180140.53125","8580.752929","-536.353759"
"3724","SD_崖壁狱门fb_001.Mesh","npc.json","data\source\maps_source\山洞\sd_崖壁狱门fb_001_hd.mesh","157077.46875","1965.268554","-1429.625"
"3725","JZ_mj中型民居001_004_HD","npc.json","data\source\maps_source\门派\明教\jz_mj中型民居001_004_hd.mesh","181824.421875","9571.847656","-721.29956"
"3726","SD_崖壁狱门fb_001.Mesh","npc.json","data\source\maps_source\山洞\sd_崖壁狱门fb_001_hd.mesh","193233.515625","3197.849121","48826.84375"
"3727","ST_mj戈壁碎石003_002.Mesh","npc.json","data\source\maps_source\门派\明教\st_mj戈壁碎石003_002_hd.mesh","164525.28125","5837.974609","38848.207031"
"3728","WJ_破罐001_003_HD","npc.json","data\source\maps_source\小物件\坛罐\wj_破罐001_003_hd.mesh","190731.46875","3245.805419","4401.046386"
"3729","cq_龙门城墙001_003_HD","npc.json","data\source\maps_source\城墙\cq_龙门城墙001_003_hd.mesh","177897.75","6803.25","4051.428222"
"3730","ST_mj戈壁碎石003_002.Mesh","npc.json","data\source\maps_source\门派\明教\st_mj戈壁碎石003_002_hd.mesh","155574.828125","3037.023925","43732.851562"
"3731","st_rubble001_005_HD","npc.json","data\source\maps_source\foliage\st_rubble001_005_hd.mesh","182982.71875","7135.30371","5350.284179"
"3732","WJ_龙门大缸001.Mesh","npc.json","data\source\maps_source\小物件\坛罐\wj_龙门大缸001_hd.mesh","199777.140625","15348.629882","29882.970703"
"3733","ST_mj戈壁碎石003_002.Mesh","npc.json","data\source\maps_source\门派\明教\st_mj戈壁碎石003_002_hd.mesh","187404.625","5814.924804","5018.409667"
"3734","Q_断桥001_001_HD","npc.json","data\source\maps_source\桥\q_断桥001_001_hd.mesh","167420.203125","2975.314941","43666.71875"
"3735","S_xb多枝枯树003_005","speedtree.json","data\source\maps_source\树\s_xb多枝枯树003_005.srt","198183.328125","15374.373046","31108.976562"
"3736","CQ_玉门关城墙001_007","npc.json","data\source\maps_source\城墙\cq_玉门关城墙001_007_hd.mesh","161992.6875","10705.142578","23621.84375"
"3737","JZ_mj古战场001_002.Mesh","npc.json","data\source\maps_source\建筑\jz_mj古战场001_002_hd.mesh","190064.640625","10966.471679","24342.701171"
"3738","WJ_mj地板碎块001_002","npc.json","data\source\maps_source\门派\明教\wj_mj地板碎块001_002_hd.mesh","193915.671875","15329.828125","26840.134765"
"3739","S_bd崖壁树001_003.Mesh","npc.json","data\source\maps_source\小物件\工地物件\wj_dhg栈道001_007_hd.mesh","153992.671875","3685.022216","13740.076171"
"3740","ST_mj戈壁碎石003_002.Mesh","npc.json","data\source\maps_source\门派\明教\st_mj戈壁碎石003_002_hd.mesh","189944.15625","13078.776367","19138.876953"
"3741","WJ_破木桶001_002_HD","npc.json","data\source\maps_source\小物件\木箱\wj_破木桶001_002_hd.mesh","181604.796875","6889.507812","4954.363769"
"3742","JZ_xb玉门关建筑001_002.Mesh","npc.json","data\source\maps_source\建筑\jz_xb玉门关建筑001_002_hd.mesh","155676.703125","4261.470214","46051.007812"
"3743","JZ_xb楼兰哨台001_004.Mesh","npc.json","data\source\maps_source\建筑\jz_xb楼兰哨台001_004_hd.mesh","180185.984375","11009.591796","27204.679687"
"3744","WJ_龙门大缸001.Mesh","npc.json","data\source\maps_source\小物件\坛罐\wj_龙门大缸001_hd.mesh","187086.171875","10337.861328","35864.445312"
"3745","cq_龙门城墙001_011_HD","npc.json","data\source\maps_source\城墙\cq_龙门城墙001_011_hd.mesh","177842.0","6445.783203","6430.989257"
"3746","JZ_xb楼兰哨台001_005.Mesh","npc.json","data\source\maps_source\建筑\jz_xb楼兰哨台001_005_hd.mesh","169534.265625","10789.40332","27563.929687"
"3747","WJ_火堆001_002_HD","npc.json","data\source\maps_source\小物件\灯\wj_火堆001_002_hd.mesh","185756.0","10409.351562","36849.6875"
"3748","S_bd崖壁树001_003.Mesh","npc.json","data\source\maps_source\小物件\工地物件\wj_dhg栈道001_007_hd.mesh","183666.15625","11227.540039","31838.095703"
"3749","WJ_mj地板碎块001_002","npc.json","data\source\maps_source\门派\明教\wj_mj地板碎块001_002_hd.mesh","173814.109375","7060.530273","39961.183593"
"3750","st_mj戈壁碎石003_003_HD","npc.json","data\source\maps_source\门派\明教\st_mj戈壁碎石003_003_hd.mesh","196192.28125","14575.389648","35968.925781"
"3751","S_bd崖壁树001_003.Mesh","npc.json","data\source\maps_source\小物件\工地物件\wj_dhg栈道001_007_hd.mesh","158922.671875","6494.263671","39821.910156"
"3752","JZ_xb楼兰三间房001_002.Mesh","npc.json","data\source\maps_source\建筑\jz_xb楼兰三间房001_002_hd.mesh","161621.203125","4719.655761","43867.4375"
"3753","cq_龙门城墙001_006_HD","npc.json","data\source\maps_source\城墙\cq_龙门城墙001_006_hd.mesh","200901.59375","3948.560546","10075.357421"
"3754","WJ_龙门大缸001.Mesh","npc.json","data\source\maps_source\小物件\坛罐\wj_龙门大缸001_hd.mesh","172240.0625","7087.472167","40349.386718"
"3755","st_mj戈壁碎石003_003_HD","npc.json","data\source\maps_source\门派\明教\st_mj戈壁碎石003_003_hd.mesh","158755.921875","10664.870117","30755.636718"
"3756","WJ_破草席001_002_HD","npc.json","data\source\maps_source\小物件\生活品\wj_破草席001_002_hd.mesh","202179.015625","6801.348632","12226.224609"
"3757","Q_破木桥011_001_HD","npc.json","data\source\maps_source\桥\q_破木桥011_001_hd.mesh","185027.359375","12347.766601","29222.36914"
"3758","JZ_mj中型民居001_005_HD","npc.json","data\source\maps_source\门派\明教\jz_mj中型民居001_005_hd.mesh","155099.625","8943.152343","30782.322265"
"3759","cq_龙门城墙001_009_HD","npc.json","data\source\maps_source\城墙\cq_龙门城墙001_009_hd.mesh","179460.9375","7302.338867","6389.912109"
"3760","WJ_龙门大缸001.Mesh","npc.json","data\source\maps_source\小物件\坛罐\wj_龙门大缸001_hd.mesh","194668.90625","15330.998046","30086.36914"
"3761","WJ_大鱼骨头001_001.Mesh","npc.json","data\source\maps_source\小物件\遗骸\wj_大鱼骨头001_001_hd.mesh","160973.265625","3410.859375","42602.777343"
"3762","st_mj石拱003_HD","npc.json","data\source\maps_source\门派\明教\st_mj石拱003_hd.mesh","188054.53125","13969.99707","42900.253906"
"3763","WJ_草垛001_002.Mesh","npc.json","data\source\maps_source\小物件\草垛\wj_草垛001_002_hd.mesh","195924.578125","15268.848632","25768.822265"
"3764","JZ_mj中型民居001_002_HD","npc.json","data\source\maps_source\门派\明教\jz_mj中型民居001_002_hd.mesh","161052.4375","3002.287597","15649.058593"
"3765","JZ_xb楼兰三间房001_001.Mesh","npc.json","data\source\maps_source\建筑\jz_xb楼兰三间房001_001_hd.mesh","159894.84375","7052.127929","39783.488281"
"3766","WJ_火堆001_002.Mesh","npc.json","data\source\maps_source\小物件\灯\wj_火堆001_002_hd.mesh","172826.359375","7065.558105","39260.621093"
"3767","CQ_龙门城墙001_001.Mesh","npc.json","data\source\maps_source\城墙\cq_龙门城墙001_001_hd.mesh","170925.375","10960.813476","29333.548828"
"3768","ST_xb龙门荒漠石001_010.Mesh","npc.json","data\source\maps_source\石头\st_xb龙门荒漠石001_010_hd.mesh","170993.984375","5276.919921","42382.007812"
"3769","WJ_mj地板碎块001_003","npc.json","data\source\maps_source\门派\明教\wj_mj地板碎块001_003_hd.mesh","195044.484375","15296.476562","27756.283203"
"3770","PJ_玉门草棚001","npc.json","data\source\maps_source\建筑配套\pj_玉门草棚001_hd.mesh","172943.015625","7089.054687","38521.214843"
"3771","cq_龙门城墙001_003_HD","npc.json","data\source\maps_source\城墙\cq_龙门城墙001_003_hd.mesh","179290.40625","6531.658203","5965.579101"
"3772","st_mj戈壁碎石003_005_HD","npc.json","data\source\maps_source\门派\明教\st_mj戈壁碎石003_005_hd.mesh","199987.4375","13444.49121","24701.207031"
"3773","JZ_xb楼兰哨台001_007.Mesh","npc.json","data\source\maps_source\建筑\jz_xb楼兰哨台001_007_hd.mesh","165279.9375","100.075645","48434.765625"
"3774","ST_mj戈壁碎石003_002.Mesh","npc.json","data\source\maps_source\门派\明教\st_mj戈壁碎石003_002_hd.mesh","165531.109375","2431.224365","8623.817382"
"3775","WJ_龙门木箱001.Mesh","npc.json","data\source\maps_source\小物件\木箱\wj_龙门木箱001_hd.mesh","197405.375","15334.108398","30960.384765"
"3776","st_mj中层石头001_003_HD","npc.json","data\source\maps_source\门派\明教\st_mj中层石头001_003_hd.mesh","187251.328125","10541.517578","43645.199218"
"3777","st_mj戈壁碎石003_005_HD","npc.json","data\source\maps_source\门派\明教\st_mj戈壁碎石003_005_hd.mesh","191886.53125","13364.075195","32830.1875"
"3778","s_mj三生树001_HD","npc.json","data\source\maps_source\门派\明教\s_mj三生树001_hd.mesh","164287.890625","7733.925292","26366.332031"
"3779","cq_龙门城墙001_003_HD","npc.json","data\source\maps_source\城墙\cq_龙门城墙001_003_hd.mesh","173606.328125","6776.975097","4171.223632"
"3780","WD_加沙民居004_003_HD","npc.json","data\source\maps_source\门派\五毒\wd_加沙民居004_003_hd.mesh","163198.390625","7876.665039","17961.876953"
"3781","cq_龙门城墙001_004_HD","npc.json","data\source\maps_source\城墙\cq_龙门城墙001_004_hd.mesh","177878.21875","6919.380859","5364.964843"
"3782","ST_mj戈壁碎石003_002.Mesh","npc.json","data\source\maps_source\门派\明教\st_mj戈壁碎石003_002_hd.mesh","188375.796875","5309.616699","2144.471435"
"3783","S_hgb枯树001_007.Mesh","speedtree.json","Data\source\maps_source\树\S_hgb枯树001_007.srt","172544.203125","6813.384765","3677.864013"
"3784","cq_龙门城墙001_003_HD","npc.json","data\source\maps_source\城墙\cq_龙门城墙001_003_hd.mesh","178630.046875","7311.002929","4261.390625"
"3785","S_bd崖壁树001_003.Mesh","npc.json","data\source\maps_source\小物件\工地物件\wj_dhg栈道001_007_hd.mesh","156249.75","3709.886962","41953.175781"
"3786","cq_龙门城墙001_003_HD","npc.json","data\source\maps_source\城墙\cq_龙门城墙001_003_hd.mesh","186219.125","6040.770507","2925.660644"
"3787","WJ_动物遗骨001_002.Mesh","npc.json","data\source\maps_source\小物件\遗骸\wj_动物遗骨001_002_hd.mesh","187041.296875","10403.469726","34724.214843"
"3788","st_mj戈壁碎石002_003_HD","npc.json","data\source\maps_source\门派\明教\st_mj戈壁碎石002_003_hd.mesh","196084.90625","15041.338867","40062.121093"
"3789","jz_xb玉门关建筑002_008_HD","npc.json","data\source\maps_source\建筑\jz_xb玉门关建筑002_008_hd.mesh","183317.28125","13146.439453","26235.125"
"3790","st_mj戈壁碎石003_003_HD","npc.json","data\source\maps_source\门派\明教\st_mj戈壁碎石003_003_hd.mesh","177589.9375","11282.333007","18800.074218"
"3791","st_mj中层石头001_003_HD","npc.json","data\source\maps_source\门派\明教\st_mj中层石头001_003_hd.mesh","165895.640625","818.379638","11689.409179"
"3792","WJ_火堆001_003_HD","npc.json","data\source\maps_source\小物件\灯\wj_火堆001_003_hd.mesh","198817.71875","15345.46875","28724.84375"
"3793","JZ_xb楼兰三间房001_001.Mesh","npc.json","data\source\maps_source\建筑\jz_xb楼兰三间房001_001_hd.mesh","165126.25","6698.708496","42293.941406"
"3794","cq_龙门城墙001_003_HD","npc.json","data\source\maps_source\城墙\cq_龙门城墙001_003_hd.mesh","182966.453125","6152.798828","5144.740722"
"3795","WJ_mj地板碎块001_002","npc.json","data\source\maps_source\门派\明教\wj_mj地板碎块001_002_hd.mesh","172727.375","7051.429687","42282.746093"
"3796","st_mj戈壁碎石003_003_HD","npc.json","data\source\maps_source\门派\明教\st_mj戈壁碎石003_003_hd.mesh","154085.375","7526.000976","33790.507812"
"3797","WJ_破罐001_002_HD","npc.json","data\source\maps_source\小物件\坛罐\wj_破罐001_002_hd.mesh","185418.34375","6885.349609","5866.765136"
"3798","ST_mj石拱001.Mesh","npc.json","data\source\maps_source\门派\明教\st_mj石拱001_hd.mesh","199134.359375","6933.580078","45012.148437"
"3799","JZ_xb楼兰哨台001_005.Mesh","npc.json","data\source\maps_source\建筑\jz_xb楼兰哨台001_005_hd.mesh","164172.875","6746.503417","43141.570312"
"3800","S_bd崖壁树001_003.Mesh","npc.json","data\source\maps_source\小物件\工地物件\wj_dhg栈道001_007_hd.mesh","181726.8125","10264.541992","36407.640625"
"3801","st_rubble001_003_HD","npc.json","data\source\maps_source\foliage\st_rubble001_003_hd.mesh","176711.390625","7238.536132","5538.458984"
"3802","JZ_xb楼兰哨台001_007.Mesh","npc.json","data\source\maps_source\建筑\jz_xb楼兰哨台001_007_hd.mesh","174316.78125","7037.185546","43134.414062"
"3803","JZ_xb楼兰三间房001_002.Mesh","npc.json","data\source\maps_source\建筑\jz_xb楼兰三间房001_002_hd.mesh","183572.71875","10354.378906","37188.535156"
"3804","S_hgb枯树001_002.Mesh","speedtree.json","Data\source\maps_source\树\S_hgb枯树001_002.srt","172413.171875","6991.826171","4168.590332"
"3805","S_bd崖壁树001_003.Mesh","npc.json","data\source\maps_source\小物件\工地物件\wj_dhg栈道001_001_hd.mesh","197483.15625","16112.502929","33299.238281"
"3806","xwj_破石马001_002_HD","npc.json","data\source\maps_source\小物件\雕像\xwj_破石马001_002_hd.mesh","179638.84375","7381.973144","7122.223632"
"3807","cq_龙门城墙001_009_HD","npc.json","data\source\maps_source\城墙\cq_龙门城墙001_009_hd.mesh","193131.015625","2688.452148","9547.857421"
"3808","st_mj中层石头001_003_HD","npc.json","data\source\maps_source\门派\明教\st_mj中层石头001_003_hd.mesh","187623.34375","10292.961914","30426.5625"
"3809","S_hgb枯树001_002.Mesh","speedtree.json","Data\source\maps_source\树\S_hgb枯树001_002.srt","191402.796875","2881.573486","4059.544433"
"3810","cq_龙门城墙001_005_HD","npc.json","data\source\maps_source\城墙\cq_龙门城墙001_005_hd.mesh","202660.296875","5312.27539","12181.284179"
"3811","WD_加沙破石塔001_HD","npc.json","data\source\maps_source\门派\五毒\wd_加沙破石塔001_hd.mesh","169808.1875","3658.924072","42124.910156"
"3812","ST_mj戈壁碎石003_002.Mesh","npc.json","data\source\maps_source\门派\明教\st_mj戈壁碎石003_002_hd.mesh","158139.359375","4294.015136","43174.382812"
"3813","JZ_hgb地下遗迹001_001sw.Mesh","npc.json","data\source\maps_source\建筑室内\jz_hgb地下遗迹001_001sw_hd.mesh","182017.296875","5563.592773","3961.286865"
"3814","cq_龙门城墙001_003_HD","npc.json","data\source\maps_source\城墙\cq_龙门城墙001_003_hd.mesh","181188.359375","6863.498046","2752.814453"
"3815","JZ_xb楼兰三间房001_002.Mesh","npc.json","data\source\maps_source\建筑\jz_xb楼兰三间房001_002_hd.mesh","176720.09375","9658.651367","26571.970703"
"3816","PJ_mj吊桥001.Mesh","npc.json","data\source\maps_source\建筑配套\pj_mj吊桥001_hd.mesh","192502.46875","15492.792968","34904.871093"
"3817","WD_加沙巨像_001_HD","npc.json","data\source\maps_source\门派\五毒\wd_加沙巨像_001_hd.mesh","165908.828125","4468.786132","37051.160156"
"3818","WJ_破草席001_003_HD","npc.json","data\source\maps_source\小物件\生活品\wj_破草席001_003_hd.mesh","201926.03125","6142.849609","11662.175781"
"3819","WJ_破木板002_008_HD","npc.json","data\source\maps_source\小物件\木箱\wj_破木板002_008_hd.mesh","175390.21875","7211.944824","6869.065429"
"3820","WJ_破木板002_004_HD","npc.json","data\source\maps_source\小物件\木箱\wj_破木板002_004_hd.mesh","178415.625","7647.703125","4647.940429"
"3821","jz_xb玉门关建筑002_007_HD","npc.json","data\source\maps_source\建筑\jz_xb玉门关建筑002_007_hd.mesh","162283.765625","9382.756835","21124.640625"
"3822","WJ_破罐001_002_HD","npc.json","data\source\maps_source\小物件\坛罐\wj_破罐001_002_hd.mesh","192460.03125","2771.283203","9197.15625"
"3823","CQ_龙门城墙001_002.Mesh","npc.json","data\source\maps_source\城墙\cq_龙门城墙001_002_hd.mesh","172168.171875","7079.996093","38556.167968"
"3824","WJ_龙门大缸001.Mesh","npc.json","data\source\maps_source\小物件\坛罐\wj_龙门大缸001_hd.mesh","157642.34375","6955.46875","36623.8125"
"3825","S_西北枯树001_001.Mesh","npc.json","data\source\maps_source\树\s_西北枯树001_001_hd.mesh","183263.0625","10354.34082","36840.332031"
"3826","WJ_CY加雪动物遗骨001_002_HD","npc.json","data\source\maps_source\小物件\遗骸\wj_cy加雪动物遗骨001_002_hd.mesh","181269.578125","6994.027832","4996.355468"
"3827","cq_龙门城墙001_006_HD","npc.json","data\source\maps_source\城墙\cq_龙门城墙001_006_hd.mesh","200570.875","4143.433105","10102.464843"
"3828","cq_龙门城墙001_003_HD","npc.json","data\source\maps_source\城墙\cq_龙门城墙001_003_hd.mesh","181605.71875","6027.379882","2334.280273"
"3829","XWJ_火盆002_001_HD","npc.json","data\source\maps_source\小物件\灯\xwj_火盆002_001_hd.mesh","167626.5","6516.734375","22227.59375"
"3830","s_mj树001_002_HD","npc.json","data\source\maps_source\门派\明教\s_mj树001_002_hd.mesh","164096.015625","7956.579101","24939.34375"
"3831","PJ_mj吊桥001.Mesh","npc.json","data\source\maps_source\建筑配套\pj_mj吊桥001_hd.mesh","189757.09375","14871.076171","24180.294921"
"3832","JZ_xb玉门关建筑001_004.Mesh","npc.json","data\source\maps_source\建筑\jz_xb玉门关建筑001_004_hd.mesh","180218.390625","7891.422363","38176.296875"
"3833","st_mj中层石头001_003_HD","npc.json","data\source\maps_source\门派\明教\st_mj中层石头001_003_hd.mesh","193527.3125","13280.995117","32206.599609"
"3834","JZ_xb楼兰哨台001_003.Mesh","npc.json","data\source\maps_source\建筑\jz_xb楼兰哨台001_003_hd.mesh","169395.21875","7037.838378","24053.300781"
"3835","XWJ_cj木梯001.Mesh","npc.json","data\source\maps_source\小物件\工地物件\xwj_cj木梯001_hd.mesh","185511.875","11383.716796","27823.568359"
"3836","S_西北枯树001_001.Mesh","npc.json","data\source\maps_source\树\s_西北枯树001_001_hd.mesh","156932.046875","4158.712402","44908.25"
"3837","ST_mj戈壁碎石003_002.Mesh","npc.json","data\source\maps_source\门派\明教\st_mj戈壁碎石003_002_hd.mesh","170155.890625","9199.808593","27471.466796"
"3838","wj_mj破碎宝物001_003_HD","npc.json","data\source\maps_source\门派\明教\wj_mj破碎宝物001_003_hd.mesh","178859.484375","6204.027343","3604.230712"
"3839","wj_mj破碎宝物001_003_HD","npc.json","data\source\maps_source\门派\明教\wj_mj破碎宝物001_003_hd.mesh","181256.9375","5905.008789","2857.336669"
"3840","WJ_破木板002_004_HD","npc.json","data\source\maps_source\小物件\木箱\wj_破木板002_004_hd.mesh","192544.4375","2339.961181","6509.056152"
"3841","S_bd崖壁树001_003.Mesh","npc.json","data\source\maps_source\小物件\工地物件\wj_dhg栈道001_007_hd.mesh","153937.234375","5922.523925","14857.089843"
"3842","ST_mj戈壁碎石003_002.Mesh","npc.json","data\source\maps_source\门派\明教\st_mj戈壁碎石003_002_hd.mesh","175004.625","6544.885253","41353.511718"
"3843","JZ_mj中型民居001_002_HD","npc.json","data\source\maps_source\门派\明教\jz_mj中型民居001_002_hd.mesh","156035.484375","10230.724609","25236.039062"
"3844","JZ_mj中型民居001_001_HD","npc.json","data\source\maps_source\门派\明教\jz_mj中型民居001_001_hd.mesh","160099.515625","501.910522","14370.592773"
"3845","st_mj戈壁碎石003_005_HD","npc.json","data\source\maps_source\门派\明教\st_mj戈壁碎石003_005_hd.mesh","193943.34375","13154.386718","46547.410156"
"3846","xwj_破石马001_001_HD","npc.json","data\source\maps_source\小物件\雕像\xwj_破石马001_001_hd.mesh","177631.0","7222.759277","7453.006835"
"3847","JZ_xb楼兰三间房001_001.Mesh","npc.json","data\source\maps_source\建筑\jz_xb楼兰三间房001_001_hd.mesh","169392.890625","10714.952148","28644.285156"
"3848","JZ_xb楼兰哨台001_005.Mesh","npc.json","data\source\maps_source\建筑\jz_xb楼兰哨台001_005_hd.mesh","175919.84375","9550.621093","29302.439453"
"3849","st_rubble001_005_HD","npc.json","data\source\maps_source\foliage\st_rubble001_005_hd.mesh","176534.34375","7287.856933","7188.234863"
"3850","cq_龙门城墙001_003_HD","npc.json","data\source\maps_source\城墙\cq_龙门城墙001_003_hd.mesh","179462.546875","6603.641113","1646.199218"
"3851","S_bd崖壁树001_003.Mesh","npc.json","data\source\maps_source\小物件\工地物件\wj_dhg栈道001_001_hd.mesh","167150.953125","5657.568847","35283.632812"
"3852","cq_龙门城墙001_005_HD","npc.json","data\source\maps_source\城墙\cq_龙门城墙001_005_hd.mesh","197134.359375","2508.832031","9278.294921"
"3853","cq_龙门城墙001_003_HD","npc.json","data\source\maps_source\城墙\cq_龙门城墙001_003_hd.mesh","172840.125","6482.884277","6259.873046"
"3854","ST_mj戈壁碎石003_002.Mesh","npc.json","data\source\maps_source\门派\明教\st_mj戈壁碎石003_002_hd.mesh","190919.84375","13732.322265","28244.326171"
"3855","st_mj戈壁碎石003_003_HD","npc.json","data\source\maps_source\门派\明教\st_mj戈壁碎石003_003_hd.mesh","182104.15625","9586.645507","38636.355468"
"3856","WJ_破车001_001.Mesh","npc.json","data\source\maps_source\小物件\车\wj_破车001_001_hd.mesh","173031.015625","7051.779296","43028.964843"
"3857","cq_龙门城墙001_005_HD","npc.json","data\source\maps_source\城墙\cq_龙门城墙001_005_hd.mesh","184195.578125","6631.804687","1160.041748"
"3858","S_bd崖壁树001_003.Mesh","npc.json","data\source\maps_source\小物件\工地物件\wj_dhg栈道001_001_hd.mesh","156629.328125","4065.22583","42631.015625"
"3859","S_bd崖壁树001_003.Mesh","npc.json","data\source\maps_source\小物件\工地物件\wj_dhg栈道001_007_hd.mesh","160642.734375","3403.927734","6717.533203"
"3860","ST_mj戈壁碎石003_002.Mesh","npc.json","data\source\maps_source\门派\明教\st_mj戈壁碎石003_002_hd.mesh","195631.5","2931.365722","50828.894531"
"3861","cq_龙门城墙001_004_HD","npc.json","data\source\maps_source\城墙\cq_龙门城墙001_004_hd.mesh","192425.734375","2529.645019","2069.285644"
"3862","XWJ_cj木梯001.Mesh","npc.json","data\source\maps_source\小物件\工地物件\xwj_cj木梯001_hd.mesh","163167.265625","8601.296875","18250.818359"
"3863","JZ_xb楼兰哨台001_004.Mesh","npc.json","data\source\maps_source\建筑\jz_xb楼兰哨台001_004_hd.mesh","194062.140625","15264.483398","30444.02539"
"3864","cq_龙门城墙001_002_HD","npc.json","data\source\maps_source\城墙\cq_龙门城墙001_002_hd.mesh","177935.125","7104.601562","6691.279785"
"3865","S_bd崖壁树001_003.Mesh","npc.json","data\source\maps_source\小物件\工地物件\wj_dhg栈道001_009_hd.mesh","176985.15625","7485.822753","38879.972656"
"3866","JZ_xb楼兰哨台001_004.Mesh","npc.json","data\source\maps_source\建筑\jz_xb楼兰哨台001_004_hd.mesh","189848.953125","10277.617187","32896.257812"
"3867","S_bd崖壁树001_003.Mesh","npc.json","data\source\maps_source\小物件\工地物件\wj_dhg栈道001_007_hd.mesh","166067.78125","6090.458984","39207.601562"
"3868","WJ_ms破碎石头001_004_HD","npc.json","data\source\maps_source\副本室内\光明顶密道\wj_ms破碎石头001_004_hd.mesh","180986.53125","5884.508789","3454.249267"
"3869","JZ_mj中型民居001_004_HD","npc.json","data\source\maps_source\门派\明教\jz_mj中型民居001_004_hd.mesh","156589.296875","9611.761718","22982.662109"
"3870","cq_龙门城墙001_008_HD","npc.json","data\source\maps_source\城墙\cq_龙门城墙001_008_hd.mesh","185881.421875","6195.896484","1603.990844"
"3871","cq_龙门城墙001_005_HD","npc.json","data\source\maps_source\城墙\cq_龙门城墙001_005_hd.mesh","154348.125","6460.532226","30614.640625"
"3872","WJ_破木板002_007_HD","npc.json","data\source\maps_source\小物件\木箱\wj_破木板002_007_hd.mesh","178820.3125","7564.908203","4430.297851"
"3873","cq_龙门城墙001_003_HD","npc.json","data\source\maps_source\城墙\cq_龙门城墙001_003_hd.mesh","154054.6875","6512.24414","29172.669921"
"3874","JZ_xb楼兰三间房001_003.Mesh","npc.json","data\source\maps_source\建筑\jz_xb楼兰三间房001_003_hd.mesh","162388.828125","3359.733886","42369.554687"
"3875","cq_龙门城墙001_005_HD","npc.json","data\source\maps_source\城墙\cq_龙门城墙001_005_hd.mesh","202345.3125","4077.324707","10230.440429"
"3876","wj_erg石柱001a_hd","npc.json","data\source\maps_source\门派\恶人谷\wj_erg石柱001a_hd.mesh","184743.53125","14068.851562","16128.315429"
"3877","cq_龙门城墙001_005_HD","npc.json","data\source\maps_source\城墙\cq_龙门城墙001_005_hd.mesh","195489.421875","2290.929443","5854.212402"
"3878","cq_龙门城墙001_002_HD","npc.json","data\source\maps_source\城墙\cq_龙门城墙001_002_hd.mesh","197297.875","3214.339599","10432.93164"
"3879","S_bd崖壁树001_003.Mesh","npc.json","data\source\maps_source\小物件\工地物件\wj_dhg栈道001_001_hd.mesh","165623.546875","6790.321777","40792.882812"
"3880","st_mj戈壁碎石003_003_HD","npc.json","data\source\maps_source\门派\明教\st_mj戈壁碎石003_003_hd.mesh","163391.78125","9239.755859","24392.173828"
"3881","S_bd崖壁树001_003.Mesh","npc.json","data\source\maps_source\小物件\工地物件\wj_dhg栈道001_007_hd.mesh","176690.6875","7234.170898","40161.332031"
"3882","ST_mj戈壁碎石003_002.Mesh","npc.json","data\source\maps_source\门派\明教\st_mj戈壁碎石003_002_hd.mesh","180256.96875","13235.55664","18695.660156"
"3883","XWJ_破坛子001_001_HD","npc.json","data\source\maps_source\小物件\坛罐\xwj_破坛子001_001_hd.mesh","179166.359375","7429.49121","6805.839843"
"3884","WJ_龙门木箱001.Mesh","npc.json","data\source\maps_source\小物件\木箱\wj_龙门木箱001_hd.mesh","161342.734375","4618.495117","44885.363281"
"3885","st_mj中层石头001_003_HD","npc.json","data\source\maps_source\门派\明教\st_mj中层石头001_003_hd.mesh","160896.390625","3115.051757","3924.955566"
"3886","WJ_龙门大缸001.Mesh","npc.json","data\source\maps_source\小物件\坛罐\wj_龙门大缸001_hd.mesh","199419.78125","15313.668945","27350.714843"
"3887","ST_mj石拱001.Mesh","npc.json","data\source\maps_source\门派\明教\st_mj石拱001_hd.mesh","162498.9375","-2522.772949","14850.135742"
"3888","st_mj戈壁碎石003_001_HD","npc.json","data\source\maps_source\门派\明教\st_mj戈壁碎石003_001_hd.mesh","154832.75","8966.226562","25040.328125"
"3889","WJ_ms破碎石头001_003_HD","npc.json","data\source\maps_source\副本室内\光明顶密道\wj_ms破碎石头001_003_hd.mesh","178908.6875","6218.854492","3371.877685"
"3890","S_hgb枯树001_005.Mesh","speedtree.json","Data\source\maps_source\树\S_hgb枯树001_005.srt","179972.9375","7007.388671","4881.80371"
"3891","WJ_破罐001_002_HD","npc.json","data\source\maps_source\小物件\坛罐\wj_破罐001_002_hd.mesh","192762.25","2229.971191","7268.062011"
"3892","st_mj戈壁碎石003_003_HD","npc.json","data\source\maps_source\门派\明教\st_mj戈壁碎石003_003_hd.mesh","173361.6875","5506.663574","42676.582031"
"3893","ST_mj戈壁碎石003_002.Mesh","npc.json","data\source\maps_source\门派\明教\st_mj戈壁碎石003_002_hd.mesh","169976.921875","5434.555175","4175.721679"
"3894","JZ_xb楼兰哨台001_005.Mesh","npc.json","data\source\maps_source\建筑\jz_xb楼兰哨台001_005_hd.mesh","169921.53125","10925.033203","28889.783203"
"3895","WJ_锄头001_004_HD","npc.json","data\source\maps_source\小物件\农具\wj_锄头001_004_hd.mesh","177854.734375","7502.527343","6769.912109"
"3896","S_bd崖壁树001_003.Mesh","npc.json","data\source\maps_source\小物件\工地物件\wj_dhg栈道001_001_hd.mesh","171629.0625","6526.047363","8225.634765"
"3897","ST_mj戈壁碎石003_002.Mesh","npc.json","data\source\maps_source\门派\明教\st_mj戈壁碎石003_002_hd.mesh","169507.34375","3827.015136","16327.868164"
"3898","S_bd崖壁树001_003.Mesh","npc.json","data\source\maps_source\小物件\工地物件\wj_dhg栈道001_001_hd.mesh","168697.140625","6607.486816","34572.589843"
"3899","S_bd崖壁树001_003.Mesh","npc.json","data\source\maps_source\小物件\工地物件\wj_dhg栈道001_001_hd.mesh","154698.546875","6182.516113","15493.753906"
"3900","ST_mj戈壁碎石003_002.Mesh","npc.json","data\source\maps_source\门派\明教\st_mj戈壁碎石003_002_hd.mesh","158145.1875","6721.458007","34729.128906"
"3901","wj_erg石柱001a_hd","npc.json","data\source\maps_source\门派\恶人谷\wj_erg石柱001a_hd.mesh","189832.421875","14068.851562","19013.554687"
"3902","cq_龙门城墙001_005_HD","npc.json","data\source\maps_source\城墙\cq_龙门城墙001_005_hd.mesh","200460.75","2745.954345","6519.659667"
"3903","JZ_xb楼兰三间房001_002.Mesh","npc.json","data\source\maps_source\建筑\jz_xb楼兰三间房001_002_hd.mesh","177965.984375","7904.299804","37944.1875"
"3904","JZ_xb楼兰哨台001_001.Mesh","npc.json","data\source\maps_source\建筑\jz_xb楼兰哨台001_001_hd.mesh","197040.5","15294.664062","32868.257812"
"3905","cq_龙门城墙001_003_HD","npc.json","data\source\maps_source\城墙\cq_龙门城墙001_003_hd.mesh","176249.125","6786.043945","2310.578857"
"3906","XWJ_cj木梯001.Mesh","npc.json","data\source\maps_source\小物件\工地物件\xwj_cj木梯001_hd.mesh","197781.0625","15682.682617","33351.972656"
"3907","WJ_破木板002_001_HD","npc.json","data\source\maps_source\小物件\木箱\wj_破木板002_001_hd.mesh","192163.546875","2284.901367","7644.48291"
"3908","WD_加沙民居004_003_HD","npc.json","data\source\maps_source\门派\五毒\wd_加沙民居004_003_hd.mesh","154477.765625","2073.016113","39905.453125"
"3909","S_bd崖壁树001_003.Mesh","npc.json","data\source\maps_source\小物件\工地物件\wj_dhg栈道001_007_hd.mesh","156926.109375","5628.20166","40033.324218"
"3910","ST_mj戈壁碎石003_002.Mesh","npc.json","data\source\maps_source\门派\明教\st_mj戈壁碎石003_002_hd.mesh","155282.578125","5232.520507","37823.96875"
"3911","ST_mj戈壁碎石003_002.Mesh","npc.json","data\source\maps_source\门派\明教\st_mj戈壁碎石003_002_hd.mesh","189131.421875","13233.34082","31347.02539"
"3912","JZ_mj中型民居001_006_HD","npc.json","data\source\maps_source\门派\明教\jz_mj中型民居001_006_hd.mesh","156922.046875","3256.93872","15511.490234"
"3913","cq_龙门城墙001_009_HD","npc.json","data\source\maps_source\城墙\cq_龙门城墙001_009_hd.mesh","178636.421875","7508.010742","4826.890625"
"3914","WJ_破罐001_002_HD","npc.json","data\source\maps_source\小物件\坛罐\wj_破罐001_002_hd.mesh","195873.171875","2275.943115","6374.004394"
"3915","WJ_木箱004_002.Mesh","npc.json","data\source\maps_source\小物件\木箱\wj_木箱004_002_hd.mesh","179703.609375","7304.515136","6451.360351"
"3916","WJ_mj地板碎块001_001","npc.json","data\source\maps_source\门派\明教\wj_mj地板碎块001_001_hd.mesh","172240.640625","7054.141601","42861.492187"
"3917","WJ_龙门大缸001.Mesh","npc.json","data\source\maps_source\小物件\坛罐\wj_龙门大缸001_hd.mesh","200009.265625","15342.430664","30103.867187"
"3918","cq_龙门城墙001_005_HD","npc.json","data\source\maps_source\城墙\cq_龙门城墙001_005_hd.mesh","201321.015625","2226.230468","3254.564208"
"3919","st_mj戈壁碎石003_003_HD","npc.json","data\source\maps_source\门派\明教\st_mj戈壁碎石003_003_hd.mesh","157232.46875","8765.921875","32511.798828"
"3920","JZ_xb楼兰三间房001_002.Mesh","npc.json","data\source\maps_source\建筑\jz_xb楼兰三间房001_002_hd.mesh","156425.3125","4236.201171","44525.527343"
"3921","XWJ_cj木梯001.Mesh","npc.json","data\source\maps_source\小物件\工地物件\xwj_cj木梯001_hd.mesh","198107.90625","16940.890625","34450.980468"
"3922","JZ_xb玉门关建筑001_004.Mesh","npc.json","data\source\maps_source\建筑\jz_xb玉门关建筑001_004_hd.mesh","160269.28125","4731.434082","44034.671875"
"3923","cq_龙门城墙001_011_HD","npc.json","data\source\maps_source\城墙\cq_龙门城墙001_011_hd.mesh","194848.34375","2039.679687","6874.29248"
"3924","XWJ_火盆002_001_HD","npc.json","data\source\maps_source\小物件\灯\xwj_火盆002_001_hd.mesh","167237.1875","3835.015625","16803.875"
"3925","ST_mj戈壁碎石003_002.Mesh","npc.json","data\source\maps_source\门派\明教\st_mj戈壁碎石003_002_hd.mesh","160220.5","4408.55664","45659.121093"
"3926","st_mj戈壁碎石003_003_HD","npc.json","data\source\maps_source\门派\明教\st_mj戈壁碎石003_003_hd.mesh","191355.703125","12062.454101","37206.667968"
"3927","xwj_破石鼎003_001_HD","npc.json","data\source\maps_source\小物件\香炉\xwj_破石鼎003_001_hd.mesh","193080.71875","2163.853271","6945.355957"
"3928","cq_龙门城墙001_007_HD","npc.json","data\source\maps_source\城墙\cq_龙门城墙001_007_hd.mesh","185600.140625","6119.252929","4610.998046"
"3929","JZ_xb玉门关建筑002_001","npc.json","data\source\maps_source\建筑\jz_xb玉门关建筑002_001_hd.mesh","187672.78125","10328.301757","37526.699218"
"3930","JZ_xb楼兰哨台001_001.Mesh","npc.json","data\source\maps_source\建筑\jz_xb楼兰哨台001_001_hd.mesh","199992.046875","15296.088867","34477.105468"
"3931","cq_龙门城墙001_011_HD","npc.json","data\source\maps_source\城墙\cq_龙门城墙001_011_hd.mesh","200153.4375","4197.322753","9865.945312"
"3932","JZ_xb楼兰三间房001_003.Mesh","npc.json","data\source\maps_source\建筑\jz_xb楼兰三间房001_003_hd.mesh","160049.625","6284.051269","38068.339843"
"3933","S_bd崖壁树001_003.Mesh","npc.json","data\source\maps_source\小物件\工地物件\wj_dhg栈道001_007_hd.mesh","154863.734375","3245.380126","14043.833007"
"3934","ST_mj石头003_001_HD","npc.json","data\source\maps_source\门派\明教\st_mj石头003_001_hd.mesh","171158.46875","2373.445068","17533.115234"
"3935","S_bd崖壁树001_003.Mesh","npc.json","data\source\maps_source\小物件\工地物件\wj_dhg栈道001_001_hd.mesh","166078.578125","6528.422363","40135.289062"
"3936","st_mj戈壁碎石002_002_HD","npc.json","data\source\maps_source\门派\明教\st_mj戈壁碎石002_002_hd.mesh","167438.765625","3956.712402","18188.25"
"3937","JZ_xb玉门关建筑001_004.Mesh","npc.json","data\source\maps_source\建筑\jz_xb玉门关建筑001_004_hd.mesh","195947.875","15342.601562","30987.847656"
"3938","JZ_xb楼兰三间房001_003.Mesh","npc.json","data\source\maps_source\建筑\jz_xb楼兰三间房001_003_hd.mesh","163400.734375","8667.05664","35705.753906"
"3939","S_bd崖壁树001_003.Mesh","npc.json","data\source\maps_source\小物件\工地物件\wj_dhg栈道001_007_hd.mesh","155927.71875","3198.429443","41133.046875"
"3940","Q_吊桥005_004.Mesh","npc.json","data\source\maps_source\桥\q_吊桥005_004_hd.mesh","163148.234375","-1.375366","50662.398437"
"3941","Q_吊桥005_004.Mesh","npc.json","data\source\maps_source\桥\q_吊桥005_004_hd.mesh","159722.203125","3105.969238","10991.426757"
"3942","st_mj戈壁碎石003_002_HD","npc.json","data\source\maps_source\门派\明教\st_mj戈壁碎石003_002_hd.mesh","157994.703125","2669.148193","7608.986328"
"3943","JZ_xb楼兰三间房001_001.Mesh","npc.json","data\source\maps_source\建筑\jz_xb楼兰三间房001_001_hd.mesh","196186.484375","15268.527343","25497.847656"
"3944","XWJ_火盆002_001_HD","npc.json","data\source\maps_source\小物件\灯\xwj_火盆002_001_hd.mesh","183814.40625","10403.46875","34656.484375"
"3945","wj_mj破碎宝物001_001_HD","npc.json","data\source\maps_source\门派\明教\wj_mj破碎宝物001_001_hd.mesh","182364.109375","5575.338867","3393.317871"
"3946","ST_mj戈壁碎石003_002.Mesh","npc.json","data\source\maps_source\门派\明教\st_mj戈壁碎石003_002_hd.mesh","167018.515625","2232.099609","16605.005859"
"3947","S_bd崖壁树001_003.Mesh","npc.json","data\source\maps_source\小物件\工地物件\wj_dhg栈道001_007_hd.mesh","169276.453125","7110.297363","33845.523437"
"3948","CQ_龙门城墙001_002.Mesh","npc.json","data\source\maps_source\城墙\cq_龙门城墙001_002_hd.mesh","162343.609375","7452.32666","37262.246093"
"3949","ST_mj戈壁碎石003_002.Mesh","npc.json","data\source\maps_source\门派\明教\st_mj戈壁碎石003_002_hd.mesh","169121.171875","9434.443359","29818.71875"
"3950","S_bd崖壁树001_003.Mesh","npc.json","data\source\maps_source\小物件\工地物件\wj_dhg栈道001_001_hd.mesh","182244.734375","10409.258789","33636.625"
"3951","ST_mj石头003_004_HD","npc.json","data\source\maps_source\门派\明教\st_mj石头003_004_hd.mesh","162834.78125","530.80957","18449.476562"
"3952","S_hgb枯树001_005.Mesh","speedtree.json","Data\source\maps_source\树\S_hgb枯树001_005.srt","192825.6875","2654.328857","9073.832031"
"3953","cq_龙门城墙001_003_HD","npc.json","data\source\maps_source\城墙\cq_龙门城墙001_003_hd.mesh","178560.96875","7220.074218","6617.46289"
"3954","S_bd崖壁树001_003.Mesh","npc.json","data\source\maps_source\小物件\工地物件\wj_dhg栈道001_007_hd.mesh","166577.09375","4555.141601","8182.33789"
"3955","ST_mj戈壁碎石003_002.Mesh","npc.json","data\source\maps_source\门派\明教\st_mj戈壁碎石003_002_hd.mesh","165325.0","578.403747","14331.547851"
"3956","S_bd崖壁树001_003.Mesh","npc.json","data\source\maps_source\小物件\工地物件\wj_dhg栈道001_007_hd.mesh","172596.140625","6716.035156","7843.902832"
"3957","ST_mj戈壁碎石003_002.Mesh","npc.json","data\source\maps_source\门派\明教\st_mj戈壁碎石003_002_hd.mesh","185555.15625","13058.02832","25360.652343"
"3958","ST_xb龙门荒漠石001_010.Mesh","npc.json","data\source\maps_source\石头\st_xb龙门荒漠石001_010_hd.mesh","174338.703125","7738.378906","29726.55664"
"3959","JZ_xb楼兰三间房001_001.Mesh","npc.json","data\source\maps_source\建筑\jz_xb楼兰三间房001_001_hd.mesh","172658.40625","7063.265625","38181.1875"
"3960","S_bd崖壁树001_003.Mesh","npc.json","data\source\maps_source\小物件\工地物件\wj_dhg栈道001_007_hd.mesh","158352.765625","5054.676269","41083.113281"
"3961","JZ_xb玉门关建筑001_001.Mesh","npc.json","data\source\maps_source\建筑\jz_xb玉门关建筑001_001_hd.mesh","197951.96875","15286.111328","26182.732421"
"3962","cq_龙门城墙001_005_HD","npc.json","data\source\maps_source\城墙\cq_龙门城墙001_005_hd.mesh","201905.703125","4289.502441","10144.271484"
"3963","WJ_破罐001_002_HD","npc.json","data\source\maps_source\小物件\坛罐\wj_破罐001_002_hd.mesh","195437.953125","2219.140625","7009.564941"
"3964","JZ_xb楼兰哨台001_001.Mesh","npc.json","data\source\maps_source\建筑\jz_xb楼兰哨台001_001_hd.mesh","180627.296875","10850.083984","29332.941406"
"3965","ST_mj戈壁碎石003_002.Mesh","npc.json","data\source\maps_source\门派\明教\st_mj戈壁碎石003_002_hd.mesh","181848.953125","12215.657226","26628.138671"
"3966","JZ_xb楼兰哨台001_004.Mesh","npc.json","data\source\maps_source\建筑\jz_xb楼兰哨台001_004_hd.mesh","180806.203125","7890.530273","36575.773437"
"3967","XWJ_火盆002_001_HD","npc.json","data\source\maps_source\小物件\灯\xwj_火盆002_001_hd.mesh","184204.5625","13149.476562","27534.65625"
"3968","ST_mj戈壁碎石003_002.Mesh","npc.json","data\source\maps_source\门派\明教\st_mj戈壁碎石003_002_hd.mesh","171828.953125","6023.876464","7196.580078"
"3969","st_mj戈壁碎石003_005_HD","npc.json","data\source\maps_source\门派\明教\st_mj戈壁碎石003_005_hd.mesh","194921.03125","14716.315429","40596.296875"
"3970","st_mj戈壁碎石003_003_HD","npc.json","data\source\maps_source\门派\明教\st_mj戈壁碎石003_003_hd.mesh","188374.1875","11979.347656","39603.753906"
"3971","JZ_xb楼兰哨台001_005.Mesh","npc.json","data\source\maps_source\建筑\jz_xb楼兰哨台001_005_hd.mesh","197981.203125","15543.791015","34257.023437"
"3972","WJ_破木板002_005_HD","npc.json","data\source\maps_source\小物件\木箱\wj_破木板002_005_hd.mesh","179738.140625","7204.643554","4419.916992"
"3973","S_hgb枯树001_005","speedtree.json","data\source\maps_source\树\s_hgb枯树001_005.srt","177113.78125","7399.166015","6901.956054"
"3974","S_bd崖壁树001_003.Mesh","npc.json","data\source\maps_source\小物件\工地物件\wj_dhg栈道001_007_hd.mesh","168524.15625","5901.19873","9483.633789"
"3975","S_bd崖壁树001_003.Mesh","npc.json","data\source\maps_source\小物件\工地物件\wj_dhg栈道001_001_hd.mesh","181568.53125","10310.118164","35363.648437"
"3976","wj_erg石柱001a_hd","npc.json","data\source\maps_source\门派\恶人谷\wj_erg石柱001a_hd.mesh","180457.9375","14030.386718","23085.43164"
"3977","JZ_mj古战场001_001.Mesh","npc.json","data\source\maps_source\建筑\jz_mj古战场001_001_hd.mesh","184620.390625","14046.099609","21195.800781"
"3978","st_mj戈壁碎石001_002_HD","npc.json","data\source\maps_source\门派\明教\st_mj戈壁碎石001_002_hd.mesh","168300.515625","3519.801513","19278.523437"
"3979","st_mj中层石头001_003_HD","npc.json","data\source\maps_source\门派\明教\st_mj中层石头001_003_hd.mesh","182125.53125","8704.609375","33725.78125"
"3980","JZ_xb楼兰哨台001_005.Mesh","npc.json","data\source\maps_source\建筑\jz_xb楼兰哨台001_005_hd.mesh","160418.875","7203.520019","39720.6875"
"3981","ST_mj戈壁碎石003_002.Mesh","npc.json","data\source\maps_source\门派\明教\st_mj戈壁碎石003_002_hd.mesh","155475.109375","5376.425292","1907.223144"
"3982","PJ_玉门关001A","npc.json","data\source\maps_source\建筑配套\pj_玉门关001a_hd.mesh","198643.375","15050.052734","26987.707031"
"3983","S_hgb树001_004_ST","speedtree.json","data\source\maps_source\树\s_hgb树001_004_st.srt","161253.078125","4035.197509","47803.035156"
"3984","S_hgb枯树001_002.Mesh","speedtree.json","Data\source\maps_source\树\S_hgb枯树001_002.srt","182104.078125","6883.246093","5698.240722"
"3985","S_bd崖壁树001_003.Mesh","npc.json","data\source\maps_source\小物件\工地物件\wj_dhg栈道001_007_hd.mesh","164034.46875","4145.604003","7184.246582"
"3986","JZ_xb玉门关建筑001_001_HD","npc.json","data\source\maps_source\建筑\jz_xb玉门关建筑001_001_hd.mesh","171930.46875","2047.302001","12169.21875"
"3987","JZ_xb楼兰哨台001_004.Mesh","npc.json","data\source\maps_source\建筑\jz_xb楼兰哨台001_004_hd.mesh","164653.234375","6811.9458","40159.820312"
"3988","JZ_mj中型民居001_002_HD","npc.json","data\source\maps_source\门派\明教\jz_mj中型民居001_002_hd.mesh","158355.453125","3245.973632","5649.972167"
"3989","cq_龙门城墙001_004_HD","npc.json","data\source\maps_source\城墙\cq_龙门城墙001_004_hd.mesh","177946.5625","7666.671875","5652.249023"
"3990","JZ_xb楼兰哨台001_007.Mesh","npc.json","data\source\maps_source\建筑\jz_xb楼兰哨台001_007_hd.mesh","170567.828125","7109.548339","39841.910156"
"3991","S_bd崖壁树001_003.Mesh","npc.json","data\source\maps_source\小物件\工地物件\wj_dhg栈道001_001_hd.mesh","156289.875","7536.553222","35853.257812"
"3992","st_mj戈壁碎石003_003_HD","npc.json","data\source\maps_source\门派\明教\st_mj戈壁碎石003_003_hd.mesh","166207.390625","8996.164062","32954.277343"
"3993","WJ_mj地板碎块001_001","npc.json","data\source\maps_source\门派\明教\wj_mj地板碎块001_001_hd.mesh","193305.296875","15316.560546","26393.683593"
"3994","XWJ_火盆002_001_HD","npc.json","data\source\maps_source\小物件\灯\xwj_火盆002_001_hd.mesh","179797.34375","7890.46875","36962.0625"
"3995","XWJ_破草垛001_002","npc.json","data\source\maps_source\小物件\草垛\xwj_破草垛001_002_hd.mesh","172303.046875","7063.235351","39091.707031"
"3996","WJ_龙门木箱001.Mesh","npc.json","data\source\maps_source\小物件\木箱\wj_龙门木箱001_hd.mesh","160572.171875","4263.97998","46314.324218"
"3997","JZ_mj中型民居001_001_HD","npc.json","data\source\maps_source\门派\明教\jz_mj中型民居001_001_hd.mesh","153623.328125","964.141601","47629.761718"
"3998","XWJ_cj木梯001.Mesh","npc.json","data\source\maps_source\小物件\工地物件\xwj_cj木梯001_hd.mesh","163775.53125","7232.379394","17000.474609"
"3999","st_mj戈壁碎石003_005_HD","npc.json","data\source\maps_source\门派\明教\st_mj戈壁碎石003_005_hd.mesh","198499.453125","16292.831054","37591.824218"
"4000","WJ_锄头001_005_HD","npc.json","data\source\maps_source\小物件\农具\wj_锄头001_005_hd.mesh","176386.0","7340.976562","6070.626953"
"4001","JZ_mj中型民居001_005_HD","npc.json","data\source\maps_source\门派\明教\jz_mj中型民居001_005_hd.mesh","175089.0","6695.384765","407.767578"
"4002","WJ_破木箱004_003_HD","npc.json","data\source\maps_source\小物件\木箱\wj_破木箱004_003_hd.mesh","180806.28125","7013.826171","4963.98291"
"4003","st_mj戈壁碎石003_003_HD","npc.json","data\source\maps_source\门派\明教\st_mj戈壁碎石003_003_hd.mesh","158486.65625","7004.200683","19086.892578"
"4004","JZ_mj中型民居001_001_HD","npc.json","data\source\maps_source\门派\明教\jz_mj中型民居001_001_hd.mesh","167046.578125","4285.66748","5297.994628"
"4005","WJ_木箱004_001.Mesh","npc.json","data\source\maps_source\小物件\木箱\wj_木箱004_001_hd.mesh","173235.0625","7025.637695","43304.207031"
"4006","XWJ_火盆002_001_HD","npc.json","data\source\maps_source\小物件\灯\xwj_火盆002_001_hd.mesh","178832.59375","7944.40625","38569.59375"
"4007","S_bd崖壁树001_003.Mesh","npc.json","data\source\maps_source\小物件\工地物件\wj_dhg栈道001_001_hd.mesh","154930.765625","6319.086914","16290.936523"
"4008","st_mj戈壁碎石001_002_HD","npc.json","data\source\maps_source\门派\明教\st_mj戈壁碎石001_002_hd.mesh","168373.40625","1745.791625","13790.354492"
"4009","JZ_xb楼兰哨台001_001.Mesh","npc.json","data\source\maps_source\建筑\jz_xb楼兰哨台001_001_hd.mesh","160215.546875","6786.715332","35353.472656"
"4010","cq_龙门城墙001_006_HD","npc.json","data\source\maps_source\城墙\cq_龙门城墙001_006_hd.mesh","191838.40625","2173.083007","5711.303222"
"4011","WJ_破木板002_002_HD","npc.json","data\source\maps_source\小物件\木箱\wj_破木板002_002_hd.mesh","174507.984375","7640.375","3050.999267"
"4012","cq_龙门城墙001_003_HD","npc.json","data\source\maps_source\城墙\cq_龙门城墙001_003_hd.mesh","186057.828125","6586.358398","1126.609619"
"4013","ST_xb龙门荒漠石001_012.Mesh","npc.json","data\source\maps_source\石头\st_xb龙门荒漠石001_012_hd.mesh","198692.359375","7123.429199","47172.230468"
"4014","S_bd崖壁树001_003.Mesh","npc.json","data\source\maps_source\小物件\工地物件\wj_dhg栈道001_007_hd.mesh","182996.28125","12320.739257","29382.070312"
"4015","PJ_玉门风车001.Mesh","npc.json","data\source\maps_source\建筑配套\pj_玉门风车001_hd.mesh","199978.1875","15337.601562","29928.974609"
"4016","WJ_破罐001_002_HD","npc.json","data\source\maps_source\小物件\坛罐\wj_破罐001_002_hd.mesh","185373.0","6901.780273","5756.974609"
"4017","JZ_xb楼兰哨台001_002.Mesh","npc.json","data\source\maps_source\建筑\jz_xb楼兰哨台001_002_hd.mesh","183372.53125","10266.441406","39887.730468"
"4018","st_mj戈壁碎石003_003_HD","npc.json","data\source\maps_source\门派\明教\st_mj戈壁碎石003_003_hd.mesh","196593.828125","18319.453125","42828.125"
"4019","S_bd崖壁树001_003.Mesh","npc.json","data\source\maps_source\小物件\工地物件\wj_dhg栈道001_007_hd.mesh","159595.890625","6532.189941","40706.640625"
"4020","ST_mj戈壁碎石003_002.Mesh","npc.json","data\source\maps_source\门派\明教\st_mj戈壁碎石003_002_hd.mesh","179922.15625","13170.641601","22500.099609"
"4021","PJ_玉门草棚001.Mesh","npc.json","data\source\maps_source\建筑配套\pj_玉门草棚001_hd.mesh","202575.078125","15021.121093","23633.238281"
"4022","SD_崖壁狱门fb_001.Mesh","npc.json","data\source\maps_source\山洞\sd_崖壁狱门fb_001_hd.mesh","176701.875","7219.375","17946.576171"
"4023","S_西北枯树001_001.Mesh","npc.json","data\source\maps_source\树\s_西北枯树001_001_hd.mesh","164016.703125","9112.511718","21473.853515"
"4024","XWJ_火盆002_001_HD","npc.json","data\source\maps_source\小物件\灯\xwj_火盆002_001_hd.mesh","187117.5","10405.640625","36932.25"
"4025","XWJ_火盆002_001_HD","npc.json","data\source\maps_source\小物件\灯\xwj_火盆002_001_hd.mesh","168389.78125","2957.976562","15289.875"
"4026","S_bd崖壁树001_003.Mesh","npc.json","data\source\maps_source\小物件\工地物件\wj_dhg栈道001_001_hd.mesh","161263.625","3615.810058","7281.911132"
"4027","ST_mj戈壁碎石003_002.Mesh","npc.json","data\source\maps_source\门派\明教\st_mj戈壁碎石003_002_hd.mesh","180558.8125","13116.492187","24415.009765"
"4028","S_hgb枯树001_002.Mesh","speedtree.json","Data\source\maps_source\树\S_hgb枯树001_002.srt","194912.984375","2346.089111","7424.743164"
"4029","WJ_动物遗骨001_002.Mesh","npc.json","data\source\maps_source\小物件\遗骸\wj_动物遗骨001_002_hd.mesh","160654.015625","7060.66455","36973.242187"
"4030","S_bd崖壁树001_003.Mesh","npc.json","data\source\maps_source\小物件\工地物件\wj_dhg栈道001_001_hd.mesh","165982.5625","5623.436523","38495.800781"
"4031","S_bd崖壁树001_003.Mesh","npc.json","data\source\maps_source\小物件\工地物件\wj_dhg栈道001_007_hd.mesh","167106.484375","5066.599121","8886.65039"
"4032","XWJ_火盆002_001_HD","npc.json","data\source\maps_source\小物件\灯\xwj_火盆002_001_hd.mesh","183598.1875","10403.46875","36380.84375"
"4033","JZ_xb楼兰三间房001_001.Mesh","npc.json","data\source\maps_source\建筑\jz_xb楼兰三间房001_001_hd.mesh","197795.359375","15335.024414","31432.880859"
"4034","JZ_mj中型民居001_004_HD","npc.json","data\source\maps_source\门派\明教\jz_mj中型民居001_004_hd.mesh","154847.09375","7949.213867","32932.539062"
"4035","st_mj戈壁碎石003_003_HD","npc.json","data\source\maps_source\门派\明教\st_mj戈壁碎石003_003_hd.mesh","188972.03125","14415.77832","40567.679687"
"4036","ST_mj戈壁碎石003_002.Mesh","npc.json","data\source\maps_source\门派\明教\st_mj戈壁碎石003_002_hd.mesh","183039.765625","12238.276367","16254.627929"
"4037","SD_崖壁狱门fb_001.Mesh","npc.json","data\source\maps_source\山洞\sd_崖壁狱门fb_001_hd.mesh","200564.1875","2302.661621","46784.601562"
"4038","JZ_mj中型民居001_002_HD","npc.json","data\source\maps_source\门派\明教\jz_mj中型民居001_002_hd.mesh","156553.578125","9416.49707","32299.08789"
"4039","JZ_xb楼兰哨台001_007.Mesh","npc.json","data\source\maps_source\建筑\jz_xb楼兰哨台001_007_hd.mesh","200476.578125","15342.601562","26717.425781"
"4040","WJ_mj地板碎块001_001","npc.json","data\source\maps_source\门派\明教\wj_mj地板碎块001_001_hd.mesh","173686.15625","7081.667968","41023.351562"
"4041","WJ_破罐001_003_HD","npc.json","data\source\maps_source\小物件\坛罐\wj_破罐001_003_hd.mesh","178415.671875","6204.026855","2758.172119"
"4042","cq_龙门城墙001_003_HD","npc.json","data\source\maps_source\城墙\cq_龙门城墙001_003_hd.mesh","177010.21875","6953.24414","1307.195556"
"4043","JZ_xb楼兰三间房001_002.Mesh","npc.json","data\source\maps_source\建筑\jz_xb楼兰三间房001_002_hd.mesh","167112.625","10148.867187","25172.195312"
"4044","ST_mj戈壁碎石003_002.Mesh","npc.json","data\source\maps_source\门派\明教\st_mj戈壁碎石003_002_hd.mesh","177607.75","11469.996093","20044.513671"
"4045","CQ_龙门城墙001_002.Mesh","npc.json","data\source\maps_source\城墙\cq_龙门城墙001_002_hd.mesh","178575.421875","10404.68457","27452.193359"
"4046","ST_mj戈壁碎石003_002.Mesh","npc.json","data\source\maps_source\门派\明教\st_mj戈壁碎石003_002_hd.mesh","170465.5","6363.693359","35795.410156"
"4047","JZ_mj中型民居001_002_HD","npc.json","data\source\maps_source\门派\明教\jz_mj中型民居001_002_hd.mesh","156142.9375","759.098144","49531.460937"
"4048","st_mj戈壁碎石003_003_HD","npc.json","data\source\maps_source\门派\明教\st_mj戈壁碎石003_003_hd.mesh","176123.484375","8386.225585","22504.830078"
"4049","XWJ_火盆002_001_HD","npc.json","data\source\maps_source\小物件\灯\xwj_火盆002_001_hd.mesh","197350.90625","15300.46875","26617.625"
"4050","wj_erg石柱001a_hd","npc.json","data\source\maps_source\门派\恶人谷\wj_erg石柱001a_hd.mesh","184958.484375","14068.851562","26090.601562"
"4051","WJ_破木桶001_004_HD","npc.json","data\source\maps_source\小物件\木箱\wj_破木桶001_004_hd.mesh","192423.0625","2248.748779","7411.822753"
"4052","JZ_xb楼兰哨台001_001.Mesh","npc.json","data\source\maps_source\建筑\jz_xb楼兰哨台001_001_hd.mesh","179710.359375","7942.347656","40838.132812"
"4053","wd_加沙祝融平台废墟001_003_HD","npc.json","data\source\maps_source\门派\五毒\wd_加沙祝融平台废墟001_003_hd.mesh","167439.828125","1978.743164","44796.65625"
"4054","Q_吊桥005_004.Mesh","npc.json","data\source\maps_source\桥\q_吊桥005_004_hd.mesh","174076.875","7050.814941","49059.574218"
"4055","WJ_锄头001_004_HD","npc.json","data\source\maps_source\小物件\农具\wj_锄头001_004_hd.mesh","186501.546875","6844.508789","1260.332031"
"4056","JZ_xb楼兰哨台001_004.Mesh","npc.json","data\source\maps_source\建筑\jz_xb楼兰哨台001_004_hd.mesh","154036.03125","1901.89624","41847.84375"
"4057","S_bd崖壁树001_003.Mesh","npc.json","data\source\maps_source\小物件\工地物件\wj_dhg栈道001_001_hd.mesh","167622.40625","5429.359375","9398.401367"
"4058","WJ_破罐001_002_HD","npc.json","data\source\maps_source\小物件\坛罐\wj_破罐001_002_hd.mesh","194685.046875","2250.268554","6425.902832"
"4059","cq_龙门城墙001_003_HD","npc.json","data\source\maps_source\城墙\cq_龙门城墙001_003_hd.mesh","182094.078125","5918.352539","1733.497924"
"4060","XWJ_火盆002_001_HD","npc.json","data\source\maps_source\小物件\灯\xwj_火盆002_001_hd.mesh","197214.3125","15298.367187","26060.96875"
"4061","pj_wts破墙001_007_HD","npc.json","data\source\maps_source\建筑配套\pj_wts破墙001_007_hd.mesh","193380.65625","2733.964599","9923.36914"
"4062","cq_龙门城墙001_003_HD","npc.json","data\source\maps_source\城墙\cq_龙门城墙001_003_hd.mesh","180155.109375","6080.03125","2346.412841"
"4063","ST_mj戈壁碎石003_002.Mesh","npc.json","data\source\maps_source\门派\明教\st_mj戈壁碎石003_002_hd.mesh","183879.078125","5997.870117","6777.71289"
"4064","JZ_xb楼兰三间房001_001.Mesh","npc.json","data\source\maps_source\建筑\jz_xb楼兰三间房001_001_hd.mesh","200410.546875","15342.601562","30212.333984"
"4065","JZ_mj中型民居001_002_HD","npc.json","data\source\maps_source\门派\明教\jz_mj中型民居001_002_hd.mesh","160787.265625","6509.899414","40999.652343"
"4066","WJ_龙门木箱001.Mesh","npc.json","data\source\maps_source\小物件\木箱\wj_龙门木箱001_hd.mesh","179320.953125","7948.909179","39368.90625"
"4067","S_bd崖壁树001_003.Mesh","npc.json","data\source\maps_source\小物件\工地物件\wj_dhg栈道001_001_hd.mesh","184244.0625","11000.560546","32417.613281"
"4068","WJ_龙门大缸001.Mesh","npc.json","data\source\maps_source\小物件\坛罐\wj_龙门大缸001_hd.mesh","194972.65625","15337.197265","30188.464843"
"4069","WJ_大鱼骨头001_001.Mesh","npc.json","data\source\maps_source\小物件\遗骸\wj_大鱼骨头001_001_hd.mesh","179187.28125","7751.843261","36088.382812"
"4070","ST_sc石桥001_001.Mesh","npc.json","data\source\maps_source\石头\st_sczl石桥001_002_hd.mesh","172146.140625","9216.061523","28571.392578"
"4071","PJ_玉门风车001.Mesh","npc.json","data\source\maps_source\建筑配套\pj_玉门风车001_hd.mesh","155133.609375","3340.479003","44094.757812"
"4072","cq_龙门城墙001_003_HD","npc.json","data\source\maps_source\城墙\cq_龙门城墙001_003_hd.mesh","180741.234375","6519.447265","3848.347167"
"4073","JZ_xb楼兰哨台001_005.Mesh","npc.json","data\source\maps_source\建筑\jz_xb楼兰哨台001_005_hd.mesh","179092.46875","9436.740234","32276.333984"
"4074","CQ_龙门城墙001_001.Mesh","npc.json","data\source\maps_source\城墙\cq_龙门城墙001_001_hd.mesh","181880.71875","11273.568359","30583.326171"
"4075","JZ_xb楼兰哨台001_007.Mesh","npc.json","data\source\maps_source\建筑\jz_xb楼兰哨台001_007_hd.mesh","187237.359375","10362.8125","33614.78125"
"4076","S_hgb枯树001_002.Mesh","speedtree.json","Data\source\maps_source\树\S_hgb枯树001_002.srt","178552.734375","7082.703125","1635.199584"
"4077","cq_龙门城墙001_005_HD","npc.json","data\source\maps_source\城墙\cq_龙门城墙001_005_hd.mesh","190045.96875","2596.828857","6897.558105"
"4078","st_mj戈壁碎石002_002_HD","npc.json","data\source\maps_source\门派\明教\st_mj戈壁碎石002_002_hd.mesh","180421.421875","11752.746093","21359.615234"
"4079","WJ_破罐001_002_HD","npc.json","data\source\maps_source\小物件\坛罐\wj_破罐001_002_hd.mesh","200829.625","3839.15332","9420.751953"
"4080","S_bd崖壁树001_003.Mesh","npc.json","data\source\maps_source\小物件\工地物件\wj_dhg栈道001_007_hd.mesh","181820.6875","10435.133789","34555.667968"
"4081","jz_xb玉门关建筑002_003_HD","npc.json","data\source\maps_source\建筑\jz_xb玉门关建筑002_003_hd.mesh","166032.640625","6508.069335","21971.091796"
"4082","JZ_xb楼兰哨台001_003.Mesh","npc.json","data\source\maps_source\建筑\jz_xb楼兰哨台001_003_hd.mesh","197142.03125","15250.071289","24518.488281"
"4083","cq_龙门城墙001_003_HD","npc.json","data\source\maps_source\城墙\cq_龙门城墙001_003_hd.mesh","176075.4375","6613.151367","6186.765625"
"4084","WJ_火堆001_002_HD","npc.json","data\source\maps_source\小物件\灯\wj_火堆001_002_hd.mesh","198703.6875","15337.445312","32324.4375"
"4085","ST_mj戈壁碎石003_002.Mesh","npc.json","data\source\maps_source\门派\明教\st_mj戈壁碎石003_002_hd.mesh","155711.140625","10098.355468","29997.560546"
"4086","JZ_mj中型民居001_001_HD","npc.json","data\source\maps_source\门派\明教\jz_mj中型民居001_001_hd.mesh","154927.90625","6400.712402","18989.066406"
"4087","JZ_xb楼兰哨台001_001.Mesh","npc.json","data\source\maps_source\建筑\jz_xb楼兰哨台001_001_hd.mesh","155995.296875","6732.820312","35362.164062"
"4088","WJ_破罐001_002_HD","npc.json","data\source\maps_source\小物件\坛罐\wj_破罐001_002_hd.mesh","181782.8125","6883.649414","5714.817382"
"4089","WJ_龙门木箱001.Mesh","npc.json","data\source\maps_source\小物件\木箱\wj_龙门木箱001_hd.mesh","172192.359375","6964.983398","35951.972656"
"4090","JZ_xb楼兰哨台001_004.Mesh","npc.json","data\source\maps_source\建筑\jz_xb楼兰哨台001_004_hd.mesh","162573.65625","4682.312011","44663.046875"
"4091","CQ_龙门城墙001_002.Mesh","npc.json","data\source\maps_source\城墙\cq_龙门城墙001_002_hd.mesh","160231.703125","4158.712402","47428.441406"
"4092","WJ_火堆001_002.Mesh","npc.json","data\source\maps_source\小物件\灯\wj_火堆001_002_hd.mesh","195318.90625","15279.455078","25831.0625"
"4093","CQ_龙门城墙001_002.Mesh","npc.json","data\source\maps_source\城墙\cq_龙门城墙001_002_hd.mesh","177842.640625","7953.530761","39552.089843"
"4094","JZ_mj中型民居001_001_HD","npc.json","data\source\maps_source\门派\明教\jz_mj中型民居001_001_hd.mesh","154517.171875","7262.315429","28738.054687"
"4095","cq_龙门城墙001_005_HD","npc.json","data\source\maps_source\城墙\cq_龙门城墙001_005_hd.mesh","200568.703125","3519.221679","8938.390625"
"4096","st_mj戈壁碎石001_002_HD","npc.json","data\source\maps_source\门派\明教\st_mj戈壁碎石001_002_hd.mesh","167080.53125","3542.1958","16958.96289"
"4097","XWJ_火盆002_001_HD","npc.json","data\source\maps_source\小物件\灯\xwj_火盆002_001_hd.mesh","185058.5625","10776.335937","32109.640625"
"4098","XWJ_xb墓地木栏001_003.Mesh","npc.json","data\source\maps_source\小物件\栏杆\xwj_xb墓地木栏001_003_hd.mesh","173575.421875","7052.411132","43421.753906"
"4099","WJ_mj地板碎块001_003","npc.json","data\source\maps_source\门派\明教\wj_mj地板碎块001_003_hd.mesh","173439.171875","7100.1875","41512.824218"
"4100","WJ_破罐001_002_HD","npc.json","data\source\maps_source\小物件\坛罐\wj_破罐001_002_hd.mesh","201294.5","4086.270996","10051.93164"
"4101","WJ_破草席001_001.Mesh","npc.json","data\source\maps_source\小物件\生活品\wj_破草席001_001_hd.mesh","172967.125","7063.235351","38862.570312"
"4102","ST_mj戈壁碎石003_002.Mesh","npc.json","data\source\maps_source\门派\明教\st_mj戈壁碎石003_002_hd.mesh","192927.765625","14758.666992","26178.328125"
"4103","st_mj戈壁碎石003_003_HD","npc.json","data\source\maps_source\门派\明教\st_mj戈壁碎石003_003_hd.mesh","157759.78125","-285.139038","50836.464843"
"4104","WJ_破木板002_004_HD","npc.json","data\source\maps_source\小物件\木箱\wj_破木板002_004_hd.mesh","177098.140625","7403.70996","2474.636962"
"4105","JZ_xb玉门关建筑002_006.Mesh","npc.json","data\source\maps_source\建筑\jz_xb玉门关建筑002_006_hd.mesh","155826.78125","4008.46875","3474.220214"
"4106","cq_龙门城墙001_010_HD","npc.json","data\source\maps_source\城墙\cq_龙门城墙001_010_hd.mesh","185734.421875","6679.649414","5251.251953"
"4107","WJ_mj地板碎块001_001","npc.json","data\source\maps_source\门派\明教\wj_mj地板碎块001_001_hd.mesh","195879.28125","15298.467773","28235.466796"
"4108","WJ_破木板002_006_HD","npc.json","data\source\maps_source\小物件\木箱\wj_破木板002_006_hd.mesh","197210.59375","2155.78833","5153.42871"
"4109","ST_mj戈壁碎石003_002.Mesh","npc.json","data\source\maps_source\门派\明教\st_mj戈壁碎石003_002_hd.mesh","174634.296875","6473.391601","43076.289062"
"4110","WJ_火堆001_001_HD","npc.json","data\source\maps_source\小物件\灯\wj_火堆001_001_hd.mesh","195463.46875","15286.8125","29709.125"
"4111","st_mj中层石头001_003_HD","npc.json","data\source\maps_source\门派\明教\st_mj中层石头001_003_hd.mesh","175469.515625","8281.404296","28320.248046"
"4112","WJ_破罐001_002_HD","npc.json","data\source\maps_source\小物件\坛罐\wj_破罐001_002_hd.mesh","191589.265625","2529.157226","5561.10498"
"4113","JZ_xb楼兰哨台001_001.Mesh","npc.json","data\source\maps_source\建筑\jz_xb楼兰哨台001_001_hd.mesh","188614.140625","9975.466796","34859.6875"
"4114","PJ_玉门风车001.Mesh","npc.json","data\source\maps_source\建筑配套\pj_玉门风车001_hd.mesh","167749.40625","10590.908203","27157.3125"
"4115","s_mj树001_005_HD","npc.json","data\source\maps_source\门派\明教\s_mj树001_005_hd.mesh","166345.0","10030.93164","24721.660156"
"4116","JZ_xb玉门关建筑002_001","npc.json","data\source\maps_source\建筑\jz_xb玉门关建筑002_001_hd.mesh","157737.21875","7165.203613","35255.363281"
"4117","JZ_hgb地下遗迹001_001sn.Mesh","npc.json","data\source\maps_source\建筑室内\jz_hgb地下遗迹001_001sn_hd.mesh","182017.296875","5563.592773","4010.255615"
"4118","WJ_破木桶001_004_HD","npc.json","data\source\maps_source\小物件\木箱\wj_破木桶001_004_hd.mesh","181720.703125","6902.260742","5164.02539"
"4119","cq_龙门城墙001_003_HD","npc.json","data\source\maps_source\城墙\cq_龙门城墙001_003_hd.mesh","176999.53125","6846.15039","6075.905761"
"4120","PJ_玉门风车001.Mesh","npc.json","data\source\maps_source\建筑配套\pj_玉门风车001_hd.mesh","185294.359375","10363.292968","35098.382812"
"4121","S_hgb枯树001_002.Mesh","speedtree.json","Data\source\maps_source\树\S_hgb枯树001_002.srt","173644.734375","7115.574707","4937.5625"
"4122","cq_龙门城墙001_003_HD","npc.json","data\source\maps_source\城墙\cq_龙门城墙001_003_hd.mesh","178650.390625","6443.883789","2392.896728"
"4123","S_西北枯树001_001.Mesh","npc.json","data\source\maps_source\树\s_西北枯树001_001_hd.mesh","155509.9375","4150.454589","47530.054687"
"4124","PJ_玉门风车001.Mesh","npc.json","data\source\maps_source\建筑配套\pj_玉门风车001_hd.mesh","156459.25","6978.584472","36885.523437"
"4125","cq_龙门城墙001_003_HD","npc.json","data\source\maps_source\城墙\cq_龙门城墙001_003_hd.mesh","181735.921875","6914.993652","849.81372"
"4126","JZ_xb楼兰哨台001_004.Mesh","npc.json","data\source\maps_source\建筑\jz_xb楼兰哨台001_004_hd.mesh","202705.25","15329.404296","33854.105468"
"4127","WJ_mj遮阳扇001","npc.json","data\source\maps_source\门派\明教\wj_mj遮阳扇001_hd.mesh","172510.578125","7049.375976","38635.898437"
"4128","WJ_龙门大缸001.Mesh","npc.json","data\source\maps_source\小物件\坛罐\wj_龙门大缸001_hd.mesh","177337.453125","7909.356445","40861.027343"
"4129","JZ_xb楼兰三间房001_003.Mesh","npc.json","data\source\maps_source\建筑\jz_xb楼兰三间房001_003_hd.mesh","167342.796875","11289.541992","30699.638671"
"4130","SD_崖壁狱门fb_001.Mesh","npc.json","data\source\maps_source\山洞\sd_崖壁狱门fb_001_hd.mesh","203501.84375","12547.754882","33785.957031"
"4131","JZ_xb楼兰哨台001_001.Mesh","npc.json","data\source\maps_source\建筑\jz_xb楼兰哨台001_001_hd.mesh","194106.546875","15300.24121","31577.207031"
"4132","ST_mj戈壁碎石003_002.Mesh","npc.json","data\source\maps_source\门派\明教\st_mj戈壁碎石003_002_hd.mesh","170192.40625","4545.873046","8428.949218"
"4133","st_mj石拱003_HD","npc.json","data\source\maps_source\门派\明教\st_mj石拱003_hd.mesh","157683.1875","6052.909667","38349.570312"
"4134","ST_mj戈壁碎石003_002.Mesh","npc.json","data\source\maps_source\门派\明教\st_mj戈壁碎石003_002_hd.mesh","162215.625","6619.87207","42355.476562"
"4135","XWJ_火盆002_001_HD","npc.json","data\source\maps_source\小物件\灯\xwj_火盆002_001_hd.mesh","173893.5","8241.101562","30841.375"
"4136","CQ_龙门城墙001_002.Mesh","npc.json","data\source\maps_source\城墙\cq_龙门城墙001_002_hd.mesh","195813.28125","15285.951171","25109.769531"
"4137","JZ_xb楼兰哨台001_002.Mesh","npc.json","data\source\maps_source\建筑\jz_xb楼兰哨台001_002_hd.mesh","163085.109375","7247.442871","38212.828125"
"4138","WJ_龙门大缸001.Mesh","npc.json","data\source\maps_source\小物件\坛罐\wj_龙门大缸001_hd.mesh","157820.75","6958.043457","36452.050781"
"4139","JZ_mj中型民居001_001_HD","npc.json","data\source\maps_source\门派\明教\jz_mj中型民居001_001_hd.mesh","155771.109375","811.903076","7755.560058"
"4140","cq_龙门城墙001_004_HD","npc.json","data\source\maps_source\城墙\cq_龙门城墙001_004_hd.mesh","180677.125","6754.82666","1323.650146"
"4141","jz_xb玉门关建筑002_008_HD","npc.json","data\source\maps_source\建筑\jz_xb玉门关建筑002_008_hd.mesh","164050.34375","10170.305664","23995.402343"
"4142","cq_龙门城墙001_004_HD","npc.json","data\source\maps_source\城墙\cq_龙门城墙001_004_hd.mesh","177748.75","6662.095703","2916.046386"
"4143","WD_加沙祝融神殿废墟001_002_HD","npc.json","data\source\maps_source\门派\五毒\wd_加沙祝融神殿废墟001_002_hd.mesh","166117.265625","4748.726074","35766.140625"
"4144","JZ_xb楼兰哨台001_003.Mesh","npc.json","data\source\maps_source\建筑\jz_xb楼兰哨台001_003_hd.mesh","171566.09375","7018.0625","38531.769531"
"4145","st_mj戈壁碎石002_002_HD","npc.json","data\source\maps_source\门派\明教\st_mj戈壁碎石002_002_hd.mesh","191832.625","8882.818359","16046.998046"
"4146","st_mj戈壁碎石003_001_HD","npc.json","data\source\maps_source\门派\明教\st_mj戈壁碎石003_001_hd.mesh","195930.9375","14649.263671","34360.609375"
"4147","WJ_工地物件001_011.Mesh","npc.json","data\source\maps_source\小物件\工地物件\wj_工地物件001_011_hd.mesh","172598.46875","7063.265625","37658.460937"
"4148","cq_龙门城墙001_007_HD","npc.json","data\source\maps_source\城墙\cq_龙门城墙001_007_hd.mesh","181434.203125","6288.475585","4445.280761"
"4149","cq_龙门城墙001_005_HD","npc.json","data\source\maps_source\城墙\cq_龙门城墙001_005_hd.mesh","196128.765625","2363.716796","4639.815917"
"4150","JZ_xb楼兰三间房001_002.Mesh","npc.json","data\source\maps_source\建筑\jz_xb楼兰三间房001_002_hd.mesh","180768.40625","7348.49414","36285.351562"
"4151","ST_mj戈壁碎石003_002.Mesh","npc.json","data\source\maps_source\门派\明教\st_mj戈壁碎石003_002_hd.mesh","158397.859375","5289.006835","39544.675781"
"4152","XWJ_火盆002_001_HD","npc.json","data\source\maps_source\小物件\灯\xwj_火盆002_001_hd.mesh","172264.46875","8138.375","27454.5"
"4153","ST_mj石拱004_HD","npc.json","data\source\maps_source\门派\明教\st_mj石拱004_hd.mesh","192496.03125","15435.794921","40547.277343"
"4154","CQ_龙门城墙001_009.Mesh","npc.json","data\source\maps_source\城墙\cq_龙门城墙001_009_hd.mesh","187283.75","10407.078125","36278.523437"
"4155","S_bd崖壁树001_003.Mesh","npc.json","data\source\maps_source\小物件\工地物件\wj_dhg栈道001_007_hd.mesh","167969.5","6204.990722","34876.070312"
"4156","WJ_破罐001_002_HD","npc.json","data\source\maps_source\小物件\坛罐\wj_破罐001_002_hd.mesh","196706.390625","2511.544921","3798.737548"
"4157","cq_龙门城墙001_003_HD","npc.json","data\source\maps_source\城墙\cq_龙门城墙001_003_hd.mesh","172836.40625","6792.290527","5146.389648"
"4158","JZ_xb楼兰哨台001_004.Mesh","npc.json","data\source\maps_source\建筑\jz_xb楼兰哨台001_004_hd.mesh","178116.78125","8463.081054","41745.007812"
"4159","st_mj戈壁碎石003_003_HD","npc.json","data\source\maps_source\门派\明教\st_mj戈壁碎石003_003_hd.mesh","203067.625","12362.034179","39290.289062"
"4160","WJ_破罐001_001_HD","npc.json","data\source\maps_source\小物件\坛罐\wj_破罐001_001_hd.mesh","177314.796875","7257.661621","4072.511474"
"4161","st_mj石拱003_HD","npc.json","data\source\maps_source\门派\明教\st_mj石拱003_hd.mesh","157108.953125","2509.119384","40730.367187"
"4162","S_西北枯树001_001.Mesh","npc.json","data\source\maps_source\树\s_西北枯树001_001_hd.mesh","184483.265625","10281.836914","34452.632812"
"4163","ST_sc石桥001_001.Mesh","npc.json","data\source\maps_source\石头\st_sczl石桥001_001_hd.mesh","173243.734375","8885.126953","20978.482421"
"4164","ST_mj戈壁碎石003_002.Mesh","npc.json","data\source\maps_source\门派\明教\st_mj戈壁碎石003_002_hd.mesh","159287.421875","4466.984375","45179.816406"
"4165","cq_龙门城墙001_003_HD","npc.json","data\source\maps_source\城墙\cq_龙门城墙001_003_hd.mesh","184366.03125","5947.438476","5205.3833"
"4166","cq_龙门城墙001_004_HD","npc.json","data\source\maps_source\城墙\cq_龙门城墙001_004_hd.mesh","179742.859375","6351.112304","3848.85791"
"4167","CQ_龙门城墙001_001.Mesh","npc.json","data\source\maps_source\城墙\cq_龙门城墙001_001_hd.mesh","186535.53125","10392.670898","38788.699218"
"4168","WJ_锄头001_005_HD","npc.json","data\source\maps_source\小物件\农具\wj_锄头001_005_hd.mesh","181521.4375","7005.179687","4389.671386"
"4169","JZ_xb玉门关建筑001_002.Mesh","npc.json","data\source\maps_source\建筑\jz_xb玉门关建筑001_002_hd.mesh","199787.796875","15342.601562","28646.355468"
"4170","SD_崖壁狱门fb_001.Mesh","npc.json","data\source\maps_source\山洞\sd_崖壁狱门fb_001_hd.mesh","197087.328125","14619.913085","43047.453125"
"4171","ST_mj戈壁碎石003_002.Mesh","npc.json","data\source\maps_source\门派\明教\st_mj戈壁碎石003_002_hd.mesh","158686.875","1491.956054","8303.938476"
"4172","WJ_破草席001_001.Mesh","npc.json","data\source\maps_source\小物件\生活品\wj_破草席001_001_hd.mesh","195577.078125","15279.455078","26028.841796"
"4173","S_xb多枝枯树003_007","speedtree.json","data\source\maps_source\树\s_xb多枝枯树003_007.srt","196528.859375","15299.455078","25177.144531"
"4174","JZ_xb楼兰哨台001_007.Mesh","npc.json","data\source\maps_source\建筑\jz_xb楼兰哨台001_007_hd.mesh","159996.828125","3250.188232","7194.000488"
"4175","ST_mj戈壁碎石003_002.Mesh","npc.json","data\source\maps_source\门派\明教\st_mj戈壁碎石003_002_hd.mesh","154816.046875","6854.963867","36353.628906"
"4176","JZ_xb楼兰哨台001_004.Mesh","npc.json","data\source\maps_source\建筑\jz_xb楼兰哨台001_004_hd.mesh","163020.46875","7001.500976","34903.023437"
"4177","JZ_xb楼兰三间房001_002.Mesh","npc.json","data\source\maps_source\建筑\jz_xb楼兰三间房001_002_hd.mesh","155817.328125","6723.273437","37414.046875"
"4178","WJ_破木板002_006_HD","npc.json","data\source\maps_source\小物件\木箱\wj_破木板002_006_hd.mesh","192534.65625","2321.14038","7301.145996"
"4179","ST_mj石头003_001_HD","npc.json","data\source\maps_source\门派\明教\st_mj石头003_001_hd.mesh","161593.734375","477.630981","7996.009277"
"4180","S_bd崖壁树001_003.Mesh","npc.json","data\source\maps_source\小物件\工地物件\wj_dhg栈道001_007_hd.mesh","176506.75","6997.797851","41149.152343"
"4181","S_西北枯树001_001.Mesh","npc.json","data\source\maps_source\树\s_西北枯树001_001_hd.mesh","170159.40625","11056.855468","30117.673828"
"4182","WJ_龙门大缸001.Mesh","npc.json","data\source\maps_source\小物件\坛罐\wj_龙门大缸001_hd.mesh","154458.703125","1938.831176","41393.65625"
"4183","WJ_dxc草垛001_003","npc.json","data\source\maps_source\小物件\草垛\wj_dxc草垛001_003_hd.mesh","173183.65625","7051.508789","38474.042968"
"4184","XWJ_火盆002_001_HD","npc.json","data\source\maps_source\小物件\灯\xwj_火盆002_001_hd.mesh","186858.34375","10405.046875","37404.71875"
"4185","ST_mj戈壁碎石003_002.Mesh","npc.json","data\source\maps_source\门派\明教\st_mj戈壁碎石003_002_hd.mesh","154947.203125","7431.367187","33553.332031"
"4186","S_bd崖壁树001_003.Mesh","npc.json","data\source\maps_source\小物件\工地物件\wj_dhg栈道001_001_hd.mesh","156409.8125","6042.507812","39196.898437"
"4187","ST_mj石拱001_HD","npc.json","data\source\maps_source\门派\明教\st_mj石拱001_hd.mesh","156694.28125","2172.942871","16176.996093"
"4188","cq_龙门城墙001_003_HD","npc.json","data\source\maps_source\城墙\cq_龙门城墙001_003_hd.mesh","177117.890625","6626.615234","2754.056152"
"4189","ST_mj戈壁碎石003_002.Mesh","npc.json","data\source\maps_source\门派\明教\st_mj戈壁碎石003_002_hd.mesh","171351.25","3554.818847","10629.341796"
"4190","WJ_破草席001_001.Mesh","npc.json","data\source\maps_source\小物件\生活品\wj_破草席001_001_hd.mesh","195226.09375","15279.455078","25528.685546"
"4191","JZ_xb楼兰哨台001_001.Mesh","npc.json","data\source\maps_source\建筑\jz_xb楼兰哨台001_001_hd.mesh","161490.375","4123.605957","46203.207031"
"4192","Q_断桥001_002_HD","npc.json","data\source\maps_source\桥\q_断桥001_002_hd.mesh","157267.640625","3564.764404","49102.925781"
"4193","JZ_xb楼兰哨台001_004.Mesh","npc.json","data\source\maps_source\建筑\jz_xb楼兰哨台001_004_hd.mesh","171447.9375","6828.041992","35162.320312"
"4194","XWJ_火盆002_001_HD","npc.json","data\source\maps_source\小物件\灯\xwj_火盆002_001_hd.mesh","166725.34375","6515.820312","20609.8125"
"4195","st_mj戈壁碎石003_003_HD","npc.json","data\source\maps_source\门派\明教\st_mj戈壁碎石003_003_hd.mesh","155167.828125","8287.206054","23994.480468"
"4196","ST_sc石桥001_001.Mesh","npc.json","data\source\maps_source\石头\st_sczl石桥001_002_hd.mesh","175217.515625","2853.109863","12386.113281"
"4197","XWJ_火盆002_001_HD","npc.json","data\source\maps_source\小物件\灯\xwj_火盆002_001_hd.mesh","172299.25","7786.46875","34100.59375"
"4198","CQ_龙门城墙001_001.Mesh","npc.json","data\source\maps_source\城墙\cq_龙门城墙001_001_hd.mesh","159812.265625","4983.262695","41670.878906"
"4199","WJ_木箱004_001.Mesh","npc.json","data\source\maps_source\小物件\木箱\wj_木箱004_001_hd.mesh","172154.859375","7081.775878","40832.273437"
"4200","WJ_龙门大缸001.Mesh","npc.json","data\source\maps_source\小物件\坛罐\wj_龙门大缸001_hd.mesh","154317.671875","1928.332031","40869.636718"
"4201","cq_龙门城墙001_005_HD","npc.json","data\source\maps_source\城墙\cq_龙门城墙001_005_hd.mesh","197320.046875","2307.508056","4501.187011"
"4202","WJ_火堆001_001_HD","npc.json","data\source\maps_source\小物件\灯\wj_火堆001_001_hd.mesh","174794.5625","-421.867187","49183.25"
"4203","ST_xb龙门荒漠石001_012.Mesh","npc.json","data\source\maps_source\石头\st_xb龙门荒漠石001_012_hd.mesh","169151.328125","3433.562988","21844.095703"
"4204","XWJ_火盆002_001_HD","npc.json","data\source\maps_source\小物件\灯\xwj_火盆002_001_hd.mesh","169401.03125","2137.25","12507.5625"
"4205","S_bd崖壁树001_003.Mesh","npc.json","data\source\maps_source\小物件\工地物件\wj_dhg栈道001_007_hd.mesh","177307.109375","7637.911132","37568.757812"
"4206","WJ_mj地板碎块001_003","npc.json","data\source\maps_source\门派\明教\wj_mj地板碎块001_003_hd.mesh","173796.65625","7059.786621","40529.101562"
"4207","st_rubble001_005_HD","npc.json","data\source\maps_source\foliage\st_rubble001_005_hd.mesh","182224.03125","6880.67871","5750.669433"
"4208","JZ_xb楼兰三间房001_001.Mesh","npc.json","data\source\maps_source\建筑\jz_xb楼兰三间房001_001_hd.mesh","177502.046875","9603.367187","31333.375"
"4209","WJ_破罐001_003_HD","npc.json","data\source\maps_source\小物件\坛罐\wj_破罐001_003_hd.mesh","200181.28125","6813.200195","12481.876953"
"4210","wj_mj破碎宝物001_001_HD","npc.json","data\source\maps_source\门派\明教\wj_mj破碎宝物001_001_hd.mesh","178386.328125","6204.026855","2892.989501"
"4211","JZ_xb楼兰哨台001_005.Mesh","npc.json","data\source\maps_source\建筑\jz_xb楼兰哨台001_005_hd.mesh","159186.171875","6674.190429","38423.359375"
"4212","ST_mj戈壁碎石003_002.Mesh","npc.json","data\source\maps_source\门派\明教\st_mj戈壁碎石003_002_hd.mesh","163992.796875","1663.740722","9265.607421"
"4213","WJ_龙门大缸001.Mesh","npc.json","data\source\maps_source\小物件\坛罐\wj_龙门大缸001_hd.mesh","187835.234375","10405.46875","35583.511718"
"4214","JZ_xb楼兰哨台001_005.Mesh","npc.json","data\source\maps_source\建筑\jz_xb楼兰哨台001_005_hd.mesh","175583.390625","6781.613769","39259.039062"
"4215","ST_mj戈壁碎石003_002.Mesh","npc.json","data\source\maps_source\门派\明教\st_mj戈壁碎石003_002_hd.mesh","157549.84375","5988.018066","35299.96875"
"4216","WJ_龙门大缸001.Mesh","npc.json","data\source\maps_source\小物件\坛罐\wj_龙门大缸001_hd.mesh","171967.75","7093.671875","40518.289062"
"4217","S_西北枯树001_001.Mesh","npc.json","data\source\maps_source\树\s_西北枯树001_001_hd.mesh","199845.859375","15256.315429","30531.291015"
"4218","CQ_龙门城墙001_009.Mesh","npc.json","data\source\maps_source\城墙\cq_龙门城墙001_009_hd.mesh","158442.0","7105.379882","35887.679687"
"4219","ST_mj戈壁碎石003_002.Mesh","npc.json","data\source\maps_source\门派\明教\st_mj戈壁碎石003_002_hd.mesh","165221.90625","5845.123046","42611.941406"
"4220","PJ_玉门草棚001.Mesh","npc.json","data\source\maps_source\建筑配套\pj_玉门草棚001_hd.mesh","174574.40625","-439.713867","49501.496093"
"4221","cq_龙门城墙001_003_HD","npc.json","data\source\maps_source\城墙\cq_龙门城墙001_003_hd.mesh","184281.84375","6845.479492","1299.838989"
"4222","st_mj戈壁碎石003_003_HD","npc.json","data\source\maps_source\门派\明教\st_mj戈壁碎石003_003_hd.mesh","179522.640625","7015.823242","40971.4375"
"4223","cq_龙门城墙001_005_HD","npc.json","data\source\maps_source\城墙\cq_龙门城墙001_005_hd.mesh","193649.921875","2083.663085","6280.144042"
"4224","S_bd崖壁树001_003.Mesh","npc.json","data\source\maps_source\小物件\工地物件\wj_dhg栈道001_007_hd.mesh","155620.75","2762.32666","40264.894531"
"4225","S_bd崖壁树001_003.Mesh","npc.json","data\source\maps_source\小物件\工地物件\wj_dhg栈道001_007_hd.mesh","162218.375","3876.339355","7495.742187"
"4226","s_mj树001_001_HD","npc.json","data\source\maps_source\门派\明教\s_mj树001_001_hd.mesh","167874.71875","6522.139648","22754.876953"
"4227","ST_mj戈壁碎石003_002.Mesh","npc.json","data\source\maps_source\门派\明教\st_mj戈壁碎石003_002_hd.mesh","159036.765625","3189.991455","48011.894531"
"4228","JZ_xb楼兰三间房001_003.Mesh","npc.json","data\source\maps_source\建筑\jz_xb楼兰三间房001_003_hd.mesh","169654.828125","10005.564453","26546.8125"
"4229","S_bd崖壁树001_003.Mesh","npc.json","data\source\maps_source\小物件\工地物件\wj_dhg栈道001_001_hd.mesh","156436.84375","6418.680175","38387.207031"
"4230","PJ_玉门风车001A.Mesh","npc.json","data\source\maps_source\建筑配套\pj_玉门风车001a_hd.mesh","193486.0625","15298.517578","31318.669921"
"4231","WJ_火堆001_003_HD","npc.json","data\source\maps_source\小物件\灯\wj_火堆001_003_hd.mesh","156302.53125","4008.46875","4212.78125"
"4232","JZ_xb楼兰三间房001_003.Mesh","npc.json","data\source\maps_source\建筑\jz_xb楼兰三间房001_003_hd.mesh","194863.96875","15342.601562","31833.83789"
"4233","cq_龙门城墙001_011_HD","npc.json","data\source\maps_source\城墙\cq_龙门城墙001_011_hd.mesh","179267.453125","6443.675781","6395.896484"
"4234","CQ_龙门城墙001_002.Mesh","npc.json","data\source\maps_source\城墙\cq_龙门城墙001_002_hd.mesh","201146.71875","15328.831054","32905.332031"
"4235","WJ_龙门大缸001.Mesh","npc.json","data\source\maps_source\小物件\坛罐\wj_龙门大缸001_hd.mesh","199651.90625","15307.469726","27571.611328"
"4236","JZ_xb楼兰哨台001_007.Mesh","npc.json","data\source\maps_source\建筑\jz_xb楼兰哨台001_007_hd.mesh","171262.796875","7063.34082","41970.816406"
"4237","WJ_龙门大缸001.Mesh","npc.json","data\source\maps_source\小物件\坛罐\wj_龙门大缸001_hd.mesh","177107.1875","7901.171875","40951.324218"
"4238","st_mj戈壁碎石002_003_HD","npc.json","data\source\maps_source\门派\明教\st_mj戈壁碎石002_003_hd.mesh","191253.1875","11964.935546","37774.371093"
"4239","WJ_破草席001_001.Mesh","npc.json","data\source\maps_source\小物件\生活品\wj_破草席001_001_hd.mesh","172481.390625","7065.530273","39461.117187"
"4240","WJ_破罐001_002_HD","npc.json","data\source\maps_source\小物件\坛罐\wj_破罐001_002_hd.mesh","178368.484375","7493.821289","3672.682861"
"4241","ST_mj戈壁碎石003_002.Mesh","npc.json","data\source\maps_source\门派\明教\st_mj戈壁碎石003_002_hd.mesh","154983.0","3259.765869","47455.246093"
"4242","S_bd崖壁树001_003.Mesh","npc.json","data\source\maps_source\小物件\工地物件\wj_dhg栈道001_001_hd.mesh","198169.5625","15982.938476","33735.511718"
"4243","ST_mj戈壁碎石003_002.Mesh","npc.json","data\source\maps_source\门派\明教\st_mj戈壁碎石003_002_hd.mesh","204050.5","10983.566406","33311.304687"
"4244","S_bd崖壁树001_003.Mesh","npc.json","data\source\maps_source\小物件\工地物件\wj_dhg栈道001_001_hd.mesh","163067.390625","3955.616455","7565.978515"
"4245","ST_mj戈壁碎石003_002.Mesh","npc.json","data\source\maps_source\门派\明教\st_mj戈壁碎石003_002_hd.mesh","156252.890625","1393.474853","15388.71875"
"4246","cq_龙门城墙001_002_HD","npc.json","data\source\maps_source\城墙\cq_龙门城墙001_002_hd.mesh","190603.53125","2442.713378","8137.461425"
"4247","cq_龙门城墙001_004_HD","npc.json","data\source\maps_source\城墙\cq_龙门城墙001_004_hd.mesh","179216.609375","6528.77832","4932.155761"
"4248","ST_mj戈壁碎石003_002.Mesh","npc.json","data\source\maps_source\门派\明教\st_mj戈壁碎石003_002_hd.mesh","177034.609375","8738.046875","32300.029296"
"4249","WJ_破木板002_001_HD","npc.json","data\source\maps_source\小物件\木箱\wj_破木板002_001_hd.mesh","179897.3125","7414.010253","6852.465332"
"4250","JZ_xb楼兰哨台001_007.Mesh","npc.json","data\source\maps_source\建筑\jz_xb楼兰哨台001_007_hd.mesh","159430.5","3088.204589","14750.191406"
"4251","JZ_xb楼兰三间房001_001.Mesh","npc.json","data\source\maps_source\建筑\jz_xb楼兰三间房001_001_hd.mesh","158856.5625","6376.825683","38722.621093"
"4252","JZ_xb玉门关建筑001_002.Mesh","npc.json","data\source\maps_source\建筑\jz_xb玉门关建筑001_002_hd.mesh","182837.84375","10354.34082","35505.160156"
"4253","cq_龙门城墙001_003_HD","npc.json","data\source\maps_source\城墙\cq_龙门城墙001_003_hd.mesh","197896.234375","2333.29248","4643.196777"
"4254","cq_龙门城墙001_002_HD","npc.json","data\source\maps_source\城墙\cq_龙门城墙001_002_hd.mesh","196344.5","2129.73706","6010.307128"
"4255","st_mj戈壁碎石003_003_HD","npc.json","data\source\maps_source\门派\明教\st_mj戈壁碎石003_003_hd.mesh","203537.40625","13888.854492","29552.566406"
"4256","cq_龙门城墙001_003_HD","npc.json","data\source\maps_source\城墙\cq_龙门城墙001_003_hd.mesh","175482.453125","6868.691406","3672.624023"
"4257","JZ_xb楼兰哨台001_004.Mesh","npc.json","data\source\maps_source\建筑\jz_xb楼兰哨台001_004_hd.mesh","185808.515625","10525.982421","40550.085937"
"4258","cq_龙门城墙001_006_HD","npc.json","data\source\maps_source\城墙\cq_龙门城墙001_006_hd.mesh","203576.671875","4889.399414","10823.470703"
"4259","S_bd崖壁树001_003.Mesh","npc.json","data\source\maps_source\小物件\工地物件\wj_dhg栈道001_001_hd.mesh","182823.796875","11983.889648","30164.835937"
"4260","ST_mj戈壁碎石003_002.Mesh","npc.json","data\source\maps_source\门派\明教\st_mj戈壁碎石003_002_hd.mesh","167975.578125","9094.765625","25689.701171"
"4261","JZ_xb楼兰三间房001_001.Mesh","npc.json","data\source\maps_source\建筑\jz_xb楼兰三间房001_001_hd.mesh","175782.40625","9260.55664","29949.115234"
"4262","JZ_xb楼兰三间房001_001.Mesh","npc.json","data\source\maps_source\建筑\jz_xb楼兰三间房001_001_hd.mesh","168633.421875","10244.540039","26601.673828"
"4263","S_bd崖壁树001_003.Mesh","npc.json","data\source\maps_source\小物件\工地物件\wj_dhg栈道001_007_hd.mesh","157242.125","7270.062988","36149.171875"
"4264","XWJ_破坛子001_001_HD","npc.json","data\source\maps_source\小物件\坛罐\xwj_破坛子001_001_hd.mesh","190227.40625","3405.156005","5793.787109"
"4265","JZ_xb楼兰三间房001_003.Mesh","npc.json","data\source\maps_source\建筑\jz_xb楼兰三间房001_003_hd.mesh","180326.8125","7885.890625","35503.207031"
"4266","cq_龙门城墙001_004_HD","npc.json","data\source\maps_source\城墙\cq_龙门城墙001_004_hd.mesh","179259.40625","6382.83789","4138.599609"
"4267","S_bd崖壁树001_003.Mesh","npc.json","data\source\maps_source\小物件\工地物件\wj_dhg栈道001_007_hd.mesh","183192.5625","11531.009765","31037.857421"
"4268","WJ_mj地板碎块001_001","npc.json","data\source\maps_source\门派\明教\wj_mj地板碎块001_001_hd.mesh","174513.1875","7061.53125","39621.828125"
"4269","PJ_玉门风车001A.Mesh","npc.json","data\source\maps_source\建筑配套\pj_玉门风车001a_hd.mesh","170641.4375","11048.915039","30297.402343"
"4270","S_hgb枯树001_006.Mesh","speedtree.json","Data\source\maps_source\树\S_hgb枯树001_006.srt","194200.328125","2221.221923","7144.143554"
"4271","JZ_xb楼兰三间房001_002.Mesh","npc.json","data\source\maps_source\建筑\jz_xb楼兰三间房001_002_hd.mesh","159755.78125","4845.670898","42322.40625"
"4272","JZ_xb楼兰哨台001_003.Mesh","npc.json","data\source\maps_source\建筑\jz_xb楼兰哨台001_003_hd.mesh","202358.859375","14984.220703","30498.314453"
"4273","st_mj戈壁碎石002_002_HD","npc.json","data\source\maps_source\门派\明教\st_mj戈壁碎石002_002_hd.mesh","159949.421875","8520.649414","20781.548828"
"4274","XWJ_火盆002_001_HD","npc.json","data\source\maps_source\小物件\灯\xwj_火盆002_001_hd.mesh","176397.5","7924.140625","34214.65625"
"4275","S_bd崖壁树001_003.Mesh","npc.json","data\source\maps_source\小物件\工地物件\wj_dhg栈道001_001_hd.mesh","157414.578125","5288.782714","40665.542968"
"4276","WJ_破罐001_003_HD","npc.json","data\source\maps_source\小物件\坛罐\wj_破罐001_003_hd.mesh","178336.75","6204.026855","3848.150146"
"4277","WJ_破木板002_001_HD","npc.json","data\source\maps_source\小物件\木箱\wj_破木板002_001_hd.mesh","178142.0625","7468.389648","6970.581542"
"4278","ST_xb龙门荒漠石001_010.Mesh","npc.json","data\source\maps_source\石头\st_xb龙门荒漠石001_010_hd.mesh","158338.875","5446.790039","81957.03125"
"4279","S_bd崖壁树001_003.Mesh","npc.json","data\source\maps_source\小物件\工地物件\wj_dhg栈道001_001_hd.mesh","163343.546875","6111.538574","62087.1875"
"4280","ST_mj戈壁碎石003_002.Mesh","npc.json","data\source\maps_source\门派\明教\st_mj戈壁碎石003_002_hd.mesh","196478.328125","14655.050781","82018.460937"
"4281","ST_mj戈壁碎石003_002.Mesh","npc.json","data\source\maps_source\门派\明教\st_mj戈壁碎石003_002_hd.mesh","163890.96875","6766.937011","64478.550781"
"4282","JZ_mj中型民居001_002_HD","npc.json","data\source\maps_source\门派\明教\jz_mj中型民居001_002_hd.mesh","187880.296875","14879.571289","77787.6875"
"4283","st_mj戈壁碎石002_002_HD","npc.json","data\source\maps_source\门派\明教\st_mj戈壁碎石002_002_hd.mesh","189632.90625","5593.757812","100686.546875"
"4284","S_bd崖壁树001_003.Mesh","npc.json","data\source\maps_source\小物件\工地物件\wj_dhg栈道001_001_hd.mesh","161689.40625","5261.751953","62446.273437"
"4285","Q_断桥001_001_HD","npc.json","data\source\maps_source\桥\q_断桥001_001_hd.mesh","163088.1875","2188.47998","53596.113281"
"4286","st_mj中层石头001_003_HD","npc.json","data\source\maps_source\门派\明教\st_mj中层石头001_003_hd.mesh","160500.8125","9306.08496","90622.140625"
"4287","S_bd崖壁树001_003.Mesh","npc.json","data\source\maps_source\小物件\工地物件\wj_dhg栈道001_001_hd.mesh","179291.8125","9725.510742","72373.9375"
"4288","ST_mj戈壁碎石003_002.Mesh","npc.json","data\source\maps_source\门派\明教\st_mj戈壁碎石003_002_hd.mesh","180303.21875","12226.260742","84002.671875"
"4289","WJ_dhg脚手架001_003_HD","npc.json","data\source\maps_source\小物件\工地物件\wj_dhg脚手架001_003_hd.mesh","166247.765625","7674.435546","98072.203125"
"4290","JZ_mj中型民居001_001_HD","npc.json","data\source\maps_source\门派\明教\jz_mj中型民居001_001_hd.mesh","189708.4375","14403.800781","76847.296875"
"4291","WJ_dhg脚手架001_002_HD","npc.json","data\source\maps_source\小物件\工地物件\wj_dhg脚手架001_002_hd.mesh","167644.296875","9321.205078","97196.070312"
"4292","st_mj戈壁碎石003_002_HD","npc.json","data\source\maps_source\门派\明教\st_mj戈壁碎石003_002_hd.mesh","167356.140625","6496.422851","56700.472656"
"4293","S_bd崖壁树001_003.Mesh","npc.json","data\source\maps_source\小物件\工地物件\wj_dhg栈道001_001_hd.mesh","164141.265625","6525.935546","61866.1875"
"4294","st_mj光明顶001_005_HD","npc.json","data\source\maps_source\门派\明教\st_mj光明顶001_005_hd.mesh","174140.859375","3155.204101","80582.53125"
"4295","st_mj石拱003_HD","npc.json","data\source\maps_source\门派\明教\st_mj石拱003_hd.mesh","171332.984375","7919.783203","71465.171875"
"4296","WJ_erg酒坛002.Mesh","npc.json","data\source\maps_source\小物件\室内\wj_erg酒坛002_hd.mesh","178869.828125","4957.640625","93790.84375"
"4297","st_mj戈壁碎石003_003_HD","npc.json","data\source\maps_source\门派\明教\st_mj戈壁碎石003_003_hd.mesh","198151.765625","13356.579101","79044.578125"
"4298","st_mj中层石头001_002_HD","npc.json","data\source\maps_source\门派\明教\st_mj中层石头001_002_hd.mesh","171658.421875","9443.311523","63367.921875"
"4299","st_mj戈壁碎石003_002_HD","npc.json","data\source\maps_source\门派\明教\st_mj戈壁碎石003_002_hd.mesh","163582.140625","6680.203613","57947.792968"
"4300","st_mj戈壁碎石003_003_HD","npc.json","data\source\maps_source\门派\明教\st_mj戈壁碎石003_003_hd.mesh","156442.0625","9373.574218","98221.328125"
"4301","st_mj戈壁碎石002_002_HD","npc.json","data\source\maps_source\门派\明教\st_mj戈壁碎石002_002_hd.mesh","204107.890625","1032.282226","65170.105468"
"4302","S_hgb树001_001_ST","speedtree.json","data\source\maps_source\树\s_hgb树001_001_st.srt","177410.21875","4679.301757","95210.875"
"4303","ST_xb龙门荒漠石001_012.Mesh","npc.json","data\source\maps_source\石头\st_xb龙门荒漠石001_012_hd.mesh","157267.84375","-44.25634","59337.148437"
"4304","st_mj戈壁碎石003_004_HD","npc.json","data\source\maps_source\门派\明教\st_mj戈壁碎石003_004_hd.mesh","171590.6875","10419.214843","73900.570312"
"4305","XWJ_木栏杆005_HD","npc.json","data\source\maps_source\小物件\栏杆\xwj_木栏杆005_hd.mesh","178331.703125","5076.916015","91680.570312"
"4306","st_mj戈壁碎石003_003_HD","npc.json","data\source\maps_source\门派\明教\st_mj戈壁碎石003_003_hd.mesh","190248.890625","5661.55664","98407.859375"
"4307","WJ_木箱001.Mesh","npc.json","data\source\maps_source\小物件\木箱\wj_木箱001_hd.mesh","178785.8125","4982.86914","93806.03125"
"4308","st_mj戈壁碎石003_003_HD","npc.json","data\source\maps_source\门派\明教\st_mj戈壁碎石003_003_hd.mesh","190168.453125","6617.288085","101001.171875"
"4309","st_mj戈壁碎石003_003_HD","npc.json","data\source\maps_source\门派\明教\st_mj戈壁碎石003_003_hd.mesh","182579.078125","12539.506835","81623.007812"
"4310","q_qdh木桥001_001_HD","npc.json","data\source\maps_source\桥\q_qdh木桥001_001_hd.mesh","179373.03125","4678.761718","96466.15625"
"4311","jz_xb玉门关建筑002_003_HD","npc.json","data\source\maps_source\建筑\jz_xb玉门关建筑002_003_hd.mesh","180274.9375","4834.033203","90410.5"
"4312","JZ_mj中型民居001_001_HD","npc.json","data\source\maps_source\门派\明教\jz_mj中型民居001_001_hd.mesh","186838.96875","14436.194335","80733.640625"
"4313","st_mj戈壁碎石002_004_HD","npc.json","data\source\maps_source\门派\明教\st_mj戈壁碎石002_004_hd.mesh","190048.421875","12714.629882","87799.476562"
"4314","SD_崖壁狱门fb_001.Mesh","npc.json","data\source\maps_source\山洞\sd_崖壁狱门fb_001_hd.mesh","186090.5","-1040.995849","66245.9375"
"4315","WJ_大鱼骨头001_003","npc.json","data\source\maps_source\小物件\遗骸\wj_大鱼骨头001_003_hd.mesh","173443.46875","5158.811523","92828.679687"
"4316","st_mj中层石头001_003_HD","npc.json","data\source\maps_source\门派\明教\st_mj中层石头001_003_hd.mesh","172473.953125","7016.513671","55777.570312"
"4317","ST_mj戈壁碎石003_002.Mesh","npc.json","data\source\maps_source\门派\明教\st_mj戈壁碎石003_002_hd.mesh","160325.34375","3510.758789","78868.492187"
"4318","pj_mj塔002_HD","npc.json","data\source\maps_source\门派\明教\pj_mj塔002_hd.mesh","183966.59375","6840.4375","93843.6875"
"4319","PJ_玉门草棚001.Mesh","npc.json","data\source\maps_source\建筑配套\pj_玉门草棚001_hd.mesh","178165.75","4891.985351","94446.554687"
"4320","st_mj戈壁碎石003_002_HD","npc.json","data\source\maps_source\门派\明教\st_mj戈壁碎石003_002_hd.mesh","190793.859375","7655.595703","101486.992187"
"4321","ST_mj戈壁碎石003_002.Mesh","npc.json","data\source\maps_source\门派\明教\st_mj戈壁碎石003_002_hd.mesh","160246.171875","8081.289062","95456.945312"
"4322","ST_mj石头003_003_HD","npc.json","data\source\maps_source\门派\明教\st_mj石头003_003_hd.mesh","175887.4375","8345.910156","83150.6875"
"4323","ST_xb龙门荒漠石001_012.Mesh","npc.json","data\source\maps_source\石头\st_xb龙门荒漠石001_012_hd.mesh","169547.609375","3338.347167","84470.882812"
"4324","ST_mj光明顶001_001_HD","npc.json","data\source\maps_source\门派\明教\st_mj光明顶001_001_hd.mesh","171757.796875","8634.351562","72860.515625"
"4325","ST_xb龙门荒漠石001_012.Mesh","npc.json","data\source\maps_source\石头\st_xb龙门荒漠石001_012_hd.mesh","175312.234375","6288.007812","87642.273437"
"4326","s_hgb树001_001_ST.mesh.stree","speedtree.json","Data\source\maps_source\树\s_hgb树001_001_ST.srt","153747.484375","572.191406","51826.976562"
"4327","WJ_火堆001_001_HD","npc.json","data\source\maps_source\小物件\灯\wj_火堆001_001_hd.mesh","193375.375","-374.882812","58941.09375"
"4328","SD_崖壁狱门fb_001.Mesh","npc.json","data\source\maps_source\山洞\sd_崖壁狱门fb_001_hd.mesh","183689.5625","8564.762695","84547.515625"
"4329","ST_mj光明顶001_003_HD","npc.json","data\source\maps_source\门派\明教\st_mj光明顶001_003_hd.mesh","188558.359375","14344.545898","78565.09375"
"4330","jz_mj偏殿001_003_HD","npc.json","data\source\maps_source\门派\明教\jz_mj偏殿001_003_hd.mesh","163485.90625","7151.90625","57737.25"
"4331","JZ_xb玉门关建筑001_004_HD","npc.json","data\source\maps_source\建筑\jz_xb玉门关建筑001_004_hd.mesh","180187.046875","4803.076171","94373.0625"
"4332","pj_mj廊柱001_006_HD","npc.json","data\source\maps_source\门派\明教\pj_mj廊柱001_006_hd.mesh","172723.953125","10513.83496","72976.078125"
"4333","JZ_mj中型民居001_001_HD","npc.json","data\source\maps_source\门派\明教\jz_mj中型民居001_001_hd.mesh","194608.21875","13994.46875","75923.429687"
"4334","wj_mj篝火001_003_HD","npc.json","data\source\maps_source\门派\明教\wj_mj篝火001_003_hd.mesh","183021.921875","4734.984375","101742.015625"
"4335","st_mj戈壁碎石002_002_HD","npc.json","data\source\maps_source\门派\明教\st_mj戈壁碎石002_002_hd.mesh","184451.21875","14314.384765","77063.226562"
"4336","st_mj戈壁碎石003_003_HD","npc.json","data\source\maps_source\门派\明教\st_mj戈壁碎石003_003_hd.mesh","183802.25","4809.953125","100538.578125"
"4337","st_mj中层石头001_003_HD","npc.json","data\source\maps_source\门派\明教\st_mj中层石头001_003_hd.mesh","176292.65625","7456.346679","57992.21875"
"4338","S_bd崖壁树001_003.Mesh","npc.json","data\source\maps_source\小物件\工地物件\wj_dhg栈道001_007_hd.mesh","164880.3125","7008.108398","61457.75"
"4339","XWJ_落雪火盆002_001_HD","npc.json","data\source\maps_source\小物件\灯\xwj_火盆002_001_hd.mesh","183151.75","6371.703125","95139.5625"
"4340","st_mj戈壁碎石002_002_HD","npc.json","data\source\maps_source\门派\明教\st_mj戈壁碎石002_002_hd.mesh","175116.109375","7408.452148","89601.390625"
"4341","ST_mj戈壁碎石003_002.Mesh","npc.json","data\source\maps_source\门派\明教\st_mj戈壁碎石003_002_hd.mesh","171348.421875","5282.790527","90142.054687"
"4342","st_mj戈壁碎石003_001_HD","npc.json","data\source\maps_source\门派\明教\st_mj戈壁碎石003_001_hd.mesh","171399.046875","11244.452148","71834.34375"
"4343","ST_mj石桥002_HD","npc.json","data\source\maps_source\门派\明教\st_mj石桥002_hd.mesh","175153.34375","9746.77246","69097.03125"
"4344","S_hgb树001_005_ST","speedtree.json","data\source\maps_source\树\s_hgb树001_005_st.srt","182751.65625","4920.042968","96079.164062"
"4345","JZ_xb楼兰哨台001_007.Mesh","npc.json","data\source\maps_source\建筑\jz_xb楼兰哨台001_007_hd.mesh","173901.671875","7352.949218","54975.457031"
"4346","WJ_dhg脚手架001_002_HD","npc.json","data\source\maps_source\小物件\工地物件\wj_dhg脚手架001_002_hd.mesh","166140.15625","8979.714843","97797.007812"
"4347","st_mj戈壁碎石003_003_HD","npc.json","data\source\maps_source\门派\明教\st_mj戈壁碎石003_003_hd.mesh","187245.515625","14304.319335","77425.539062"
"4348","st_mj戈壁碎石003_001_HD","npc.json","data\source\maps_source\门派\明教\st_mj戈壁碎石003_001_hd.mesh","170163.765625","8098.631835","66666.359375"
"4349","pj_中型围墙001_006_HD","npc.json","data\source\maps_source\门派\明教\pj_中型围墙001_006_hd.mesh","171348.015625","10381.745117","64365.164062"
"4350","st_mj戈壁碎石003_003_HD","npc.json","data\source\maps_source\门派\明教\st_mj戈壁碎石003_003_hd.mesh","171050.1875","6202.10498","56991.492187"
"4351","st_mj戈壁碎石003_002_HD","npc.json","data\source\maps_source\门派\明教\st_mj戈壁碎石003_002_hd.mesh","173716.21875","6104.624511","90601.523437"
"4352","ST_mj底层石头001_001_HD","npc.json","data\source\maps_source\门派\明教\st_mj底层石头001_001_hd.mesh","170621.734375","7437.946289","63387.359375"
"4353","st_mj戈壁碎石003_003_HD","npc.json","data\source\maps_source\门派\明教\st_mj戈壁碎石003_003_hd.mesh","155109.34375","7440.097167","79536.453125"
"4354","ST_mj戈壁碎石003_002.Mesh","npc.json","data\source\maps_source\门派\明教\st_mj戈壁碎石003_002_hd.mesh","188862.578125","12902.384765","86123.640625"
"4355","S_hgb树001_004_ST","speedtree.json","data\source\maps_source\树\s_hgb树001_004_st.srt","182444.15625","4750.159179","99061.539062"
"4356","WJ_木箱004_002.Mesh","npc.json","data\source\maps_source\小物件\木箱\wj_木箱004_002_hd.mesh","185992.953125","-297.396972","59913.707031"
"4357","jz_mj偏殿001_002_HD","npc.json","data\source\maps_source\门派\明教\jz_mj偏殿001_002_hd.mesh","192180.078125","12395.858398","89749.148437"
"4358","st_mj中层石头001_003_HD","npc.json","data\source\maps_source\门派\明教\st_mj中层石头001_003_hd.mesh","192967.015625","13949.155273","81184.679687"
"4359","XWJ_火盆002A_HD","npc.json","data\source\maps_source\小物件\灯\xwj_火盆002_001_hd.mesh","191102.75","8108.03125","101825.125"
"4360","S_hgb树001_003_ST","speedtree.json","data\source\maps_source\树\s_hgb树001_003_st.srt","179390.859375","4844.975585","92981.820312"
"4361","st_mj中层石头001_002_HD","npc.json","data\source\maps_source\门派\明教\st_mj中层石头001_002_hd.mesh","171257.1875","11108.33496","70332.75"
"4362","ST_mj戈壁碎石003_002.Mesh","npc.json","data\source\maps_source\门派\明教\st_mj戈壁碎石003_002_hd.mesh","161837.0","7749.457031","68093.875"
"4363","WJ_木棍001_004_HD","npc.json","data\source\maps_source\小物件\栏杆\wj_木棍001_004_hd.mesh","178746.9375","4570.495117","95582.335937"
"4364","st_mj戈壁碎石003_002_HD","npc.json","data\source\maps_source\门派\明教\st_mj戈壁碎石003_002_hd.mesh","166780.203125","6617.148437","97604.820312"
"4365","XWJ_木栏杆005_HD","npc.json","data\source\maps_source\小物件\栏杆\xwj_木栏杆005_hd.mesh","178450.140625","4914.289062","93561.984375"
"4366","pj_mj塔衔接001_005_HD","npc.json","data\source\maps_source\门派\明教\pj_mj塔衔接001_005_hd.mesh","177586.921875","6754.850585","59856.6875"
"4367","ST_mj戈壁碎石003_002.Mesh","npc.json","data\source\maps_source\门派\明教\st_mj戈壁碎石003_002_hd.mesh","163647.0","5326.716796","58325.058593"
"4368","ST_mj戈壁碎石003_002.Mesh","npc.json","data\source\maps_source\门派\明教\st_mj戈壁碎石003_002_hd.mesh","154474.15625","1481.642822","60664.773437"
"4369","ST_mj戈壁碎石003_002.Mesh","npc.json","data\source\maps_source\门派\明教\st_mj戈壁碎石003_002_hd.mesh","195521.625","11377.612304","87811.664062"
"4370","st_mj戈壁碎石002_004_HD","npc.json","data\source\maps_source\门派\明教\st_mj戈壁碎石002_004_hd.mesh","183372.40625","4672.742187","101814.617187"
"4371","WJ_火堆001_001_HD","npc.json","data\source\maps_source\小物件\灯\wj_火堆001_001_hd.mesh","186256.875","-293.640625","59305.0"
"4372","ST_mj戈壁碎石003_002.Mesh","npc.json","data\source\maps_source\门派\明教\st_mj戈壁碎石003_002_hd.mesh","156076.953125","10666.481445","90947.75"
"4373","ST_mj石拱001.Mesh","npc.json","data\source\maps_source\门派\明教\st_mj石拱001_hd.mesh","155772.859375","2333.916992","78416.328125"
"4374","S_hgb枯树001_002","speedtree.json","data\source\maps_source\树\s_hgb枯树001_002.srt","180454.640625","5332.25","92045.59375"
"4375","S_hgb树001_004_ST","speedtree.json","data\source\maps_source\树\s_hgb树001_004_st.srt","176145.796875","4556.117187","95790.796875"
"4376","st_mj石拱003_HD","npc.json","data\source\maps_source\门派\明教\st_mj石拱003_hd.mesh","179206.6875","7616.353515","70093.359375"
"4377","ST_mj石头002_002.Mesh","npc.json","data\source\maps_source\门派\明教\st_mj石头002_002_hd.mesh","168787.53125","5626.682617","75414.171875"
"4378","S_bd崖壁树001_003.Mesh","npc.json","data\source\maps_source\小物件\工地物件\wj_dhg栈道001_007_hd.mesh","178333.9375","9342.292968","72311.601562"
"4379","q_qdh木桥001_001_HD","npc.json","data\source\maps_source\桥\q_qdh木桥001_001_hd.mesh","179679.53125","4678.761718","95847.140625"
"4380","XWJ_木栏杆005_HD","npc.json","data\source\maps_source\小物件\栏杆\xwj_木栏杆005_hd.mesh","176444.203125","4676.416015","95227.632812"
"4381","ST_mj戈壁碎石003_002.Mesh","npc.json","data\source\maps_source\门派\明教\st_mj戈壁碎石003_002_hd.mesh","171034.953125","6651.808593","87204.257812"
"4382","JZ_xb楼兰哨台001_007.Mesh","npc.json","data\source\maps_source\建筑\jz_xb楼兰哨台001_007_hd.mesh","160893.875","61.490573","52681.027343"
"4383","st_mj戈壁碎石003_003_HD","npc.json","data\source\maps_source\门派\明教\st_mj戈壁碎石003_003_hd.mesh","181658.5","4221.085937","97940.109375"
"4384","S_bd崖壁树001_003.Mesh","npc.json","data\source\maps_source\小物件\工地物件\wj_dhg栈道001_007_hd.mesh","162406.71875","5650.54248","62226.664062"
"4385","SD_崖壁狱门fb_001.Mesh","npc.json","data\source\maps_source\山洞\sd_崖壁狱门fb_001_hd.mesh","164989.09375","5276.044433","94288.578125"
"4386","st_mj戈壁碎石003_002_HD","npc.json","data\source\maps_source\门派\明教\st_mj戈壁碎石003_002_hd.mesh","185060.265625","13277.391601","79115.273437"
"4387","ST_mj底层石头001_001_HD","npc.json","data\source\maps_source\门派\明教\st_mj底层石头001_001_hd.mesh","172957.203125","7293.626953","63921.53125"
"4388","ST_mj戈壁碎石001_004_HD","npc.json","data\source\maps_source\门派\明教\st_mj戈壁碎石001_004_hd.mesh","190954.59375","15535.811523","76492.039062"
"4389","s_mj树002_002_HD","npc.json","data\source\maps_source\门派\明教\s_mj树002_002_hd.mesh","173416.953125","10582.139648","66780.132812"
"4390","XWJ_落雪火盆002_001_HD","npc.json","data\source\maps_source\小物件\灯\xwj_火盆002_001_hd.mesh","184859.625","6371.703125","95081.8125"
"4391","ST_mj戈壁碎石003_002.Mesh","npc.json","data\source\maps_source\门派\明教\st_mj戈壁碎石003_002_hd.mesh","155066.859375","12060.779296","88031.851562"
"4392","st_mj戈壁碎石003_005_HD","npc.json","data\source\maps_source\门派\明教\st_mj戈壁碎石003_005_hd.mesh","172936.859375","10651.788085","69074.492187"
"4393","st_mj戈壁碎石003_003_HD","npc.json","data\source\maps_source\门派\明教\st_mj戈壁碎石003_003_hd.mesh","192297.28125","13018.139648","67869.1875"
"4394","q_石头桥002_001_HD","npc.json","data\source\maps_source\桥\q_石头桥002_001_hd.mesh","191427.78125","7849.660156","97854.742187"
"4395","st_mj戈壁碎石003_003_HD","npc.json","data\source\maps_source\门派\明教\st_mj戈壁碎石003_003_hd.mesh","156068.625","-199.112915","57420.894531"
"4396","ST_mj光明顶001_003_HD","npc.json","data\source\maps_source\门派\明教\st_mj光明顶001_003_hd.mesh","182293.734375","4908.804687","95721.585937"
"4397","st_mj中层石头001_002_HD","npc.json","data\source\maps_source\门派\明教\st_mj中层石头001_002_hd.mesh","162740.25","5588.877929","98379.28125"
"4398","SD_崖壁狱门fb_001.Mesh","npc.json","data\source\maps_source\山洞\sd_崖壁狱门fb_001_hd.mesh","190644.734375","11942.121093","79982.054687"
"4399","st_mj登陆界面石头001_HD","npc.json","data\source\maps_source\门派\明教\st_mj登陆界面石头001_hd.mesh","182760.890625","4645.367187","100476.914062"
"4400","S_hgb树001_004_ST","speedtree.json","data\source\maps_source\树\s_hgb树001_004_st.srt","183266.0625","4756.267578","101778.695312"
"4401","st_mj戈壁碎石002_004_HD","npc.json","data\source\maps_source\门派\明教\st_mj戈壁碎石002_004_hd.mesh","165838.171875","8762.929687","68931.164062"
"4402","ST_mj底层石头001_001_HD","npc.json","data\source\maps_source\门派\明教\st_mj底层石头001_001_hd.mesh","175913.453125","5316.75","57365.867187"
"4403","st_mj戈壁碎石003_001_HD","npc.json","data\source\maps_source\门派\明教\st_mj戈壁碎石003_001_hd.mesh","182592.6875","4623.890625","99879.867187"
"4404","st_mj戈壁碎石002_002_HD","npc.json","data\source\maps_source\门派\明教\st_mj戈壁碎石002_002_hd.mesh","167433.03125","7002.874023","80800.984375"
"4405","XWJ_木栏杆005_HD","npc.json","data\source\maps_source\小物件\栏杆\xwj_木栏杆005_hd.mesh","179364.484375","4914.289062","93113.203125"
"4406","WJ_货伞_002.Mesh","npc.json","data\source\maps_source\小物件\生活品\wj_货伞_002_hd.mesh","178793.953125","4983.787109","93848.421875"
"4407","st_mj戈壁碎石003_003_HD","npc.json","data\source\maps_source\门派\明教\st_mj戈壁碎石003_003_hd.mesh","183046.65625","4680.271484","101449.46875"
"4408","WJ_破木板002_001_HD","npc.json","data\source\maps_source\小物件\木箱\wj_破木板002_001_hd.mesh","178860.921875","4894.233398","94350.195312"
"4409","st_mj戈壁碎石003_003_HD","npc.json","data\source\maps_source\门派\明教\st_mj戈壁碎石003_003_hd.mesh","182518.734375","4809.953125","97772.046875"
"4410","pj_mj石柱平台001_HD","npc.json","data\source\maps_source\门派\明教\pj_mj石柱平台001_hd.mesh","183983.140625","6643.101562","93848.929687"
"4411","ST_xb龙门荒漠石001_012.Mesh","npc.json","data\source\maps_source\石头\st_xb龙门荒漠石001_012_hd.mesh","153953.765625","6902.040039","63683.023437"
"4412","ST_mj石拱001_HD","npc.json","data\source\maps_source\门派\明教\st_mj石拱001_hd.mesh","168140.171875","5953.257324","75153.679687"
"4413","st_mj戈壁碎石003_005_HD","npc.json","data\source\maps_source\门派\明教\st_mj戈壁碎石003_005_hd.mesh","194411.3125","12988.214843","83570.71875"
"4414","st_mj戈壁碎石003_003_HD","npc.json","data\source\maps_source\门派\明教\st_mj戈壁碎石003_003_hd.mesh","160692.125","5146.330566","81940.546875"
"4415","S_hgb树001_004_ST","speedtree.json","data\source\maps_source\树\s_hgb树001_004_st.srt","182444.15625","4750.159179","99061.539062"
"4416","st_mj戈壁碎石003_001_HD","npc.json","data\source\maps_source\门派\明教\st_mj戈壁碎石003_001_hd.mesh","171509.34375","10310.225585","71831.765625"
"4417","S_bd崖壁树001_003.Mesh","npc.json","data\source\maps_source\小物件\工地物件\wj_dhg栈道001_007_hd.mesh","177415.78125","8974.727539","72413.828125"
"4418","SD_崖壁狱门fb_001.Mesh","npc.json","data\source\maps_source\山洞\sd_崖壁狱门fb_001_hd.mesh","192827.015625","3277.998046","67932.65625"
"4419","ST_xb龙门荒漠石001_012.Mesh","npc.json","data\source\maps_source\石头\st_xb龙门荒漠石001_012_hd.mesh","164216.5","2390.568359","88768.0625"
"4420","WJ_木箱004_002.Mesh","npc.json","data\source\maps_source\小物件\木箱\wj_木箱004_002_hd.mesh","180700.0","4798.228515","94959.921875"
"4421","WJ_酒坛006_001.Mesh","npc.json","data\source\maps_source\小物件\坛罐\wj_酒坛006_001_hd.mesh","180586.375","4811.52539","94745.320312"
"4422","jz_mj塔001_001_HD","npc.json","data\source\maps_source\门派\明教\jz_mj塔001_001_hd.mesh","191942.859375","12577.608398","90072.375"
"4423","st_mj戈壁碎石003_001_HD","npc.json","data\source\maps_source\门派\明教\st_mj戈壁碎石003_001_hd.mesh","171163.21875","8564.295898","64945.03125"
"4424","q_qdh木桥001_004_HD","npc.json","data\source\maps_source\桥\q_qdh木桥001_004_hd.mesh","179074.765625","4692.457031","97030.695312"
"4425","s_mj树001_004_HD","npc.json","data\source\maps_source\门派\明教\s_mj树001_004_hd.mesh","171080.421875","11805.15039","70257.375"
"4426","ST_mj底层石头001_001_HD","npc.json","data\source\maps_source\门派\明教\st_mj底层石头001_001_hd.mesh","184188.578125","5367.149414","66765.695312"
"4427","st_mj戈壁碎石003_005_HD","npc.json","data\source\maps_source\门派\明教\st_mj戈壁碎石003_005_hd.mesh","179340.984375","6705.466308","63317.8125"
"4428","jz_mj牌坊002_HD","npc.json","data\source\maps_source\门派\明教\jz_mj牌坊002_hd.mesh","163959.328125","7287.436035","59500.410156"
"4429","WJ_破车001_001.Mesh","npc.json","data\source\maps_source\小物件\车\wj_破车001_001_hd.mesh","178838.65625","4886.485351","93837.679687"
"4430","PJ_帐篷001_002.Mesh","npc.json","data\source\maps_source\建筑配套\pj_帐篷001_002_hd.mesh","192438.953125","-285.226989","59697.945312"
"4431","pj_mj石门001_01_HD","npc.json","data\source\maps_source\门派\明教\pj_mj石门001_01_hd.mesh","174218.46875","7245.203125","56166.953125"
"4432","st_mj戈壁碎石003_003_HD","npc.json","data\source\maps_source\门派\明教\st_mj戈壁碎石003_003_hd.mesh","184716.125","7907.666992","73300.492187"
"4433","st_mj戈壁碎石003_005_HD","npc.json","data\source\maps_source\门派\明教\st_mj戈壁碎石003_005_hd.mesh","177385.328125","6601.358398","61150.558593"
"4434","st_mj戈壁碎石003_003_HD","npc.json","data\source\maps_source\门派\明教\st_mj戈壁碎石003_003_hd.mesh","190628.375","7298.658203","100867.484375"
"4435","ST_mj戈壁碎石003_002.Mesh","npc.json","data\source\maps_source\门派\明教\st_mj戈壁碎石003_002_hd.mesh","198531.0","-897.865478","62593.96875"
"4436","WJ_酒坛006_001.Mesh","npc.json","data\source\maps_source\小物件\坛罐\wj_酒坛006_001_hd.mesh","180524.890625","4806.419921","94712.320312"
"4437","st_mj戈壁碎石002_004_HD","npc.json","data\source\maps_source\门派\明教\st_mj戈壁碎石002_004_hd.mesh","178239.046875","4652.827148","95152.757812"
"4438","st_mj戈壁碎石003_002_HD","npc.json","data\source\maps_source\门派\明教\st_mj戈壁碎石003_002_hd.mesh","191398.171875","7784.572265","100084.34375"
"4439","SD_崖壁狱门fb_001.Mesh","npc.json","data\source\maps_source\山洞\sd_崖壁狱门fb_001_hd.mesh","163200.34375","6449.645507","90674.734375"
"4440","JZ_mj中型民居001_001_HD","npc.json","data\source\maps_source\门派\明教\jz_mj中型民居001_001_hd.mesh","183145.8125","12012.108398","79590.085937"
"4441","龙门南屏01","template_group.json",,"195399.5625","16741.277343","55389.238281"
"4442","st_mj戈壁碎石003_002_HD","npc.json","data\source\maps_source\门派\明教\st_mj戈壁碎石003_002_hd.mesh","173068.03125","8831.499023","83023.46875"
"4443","JZ_mj中型民居001_001_HD","npc.json","data\source\maps_source\门派\明教\jz_mj中型民居001_001_hd.mesh","182541.609375","7458.323242","67923.640625"
"4444","pj_mj石门001_01_HD","npc.json","data\source\maps_source\门派\明教\pj_mj石门001_01_hd.mesh","187301.96875","13763.065429","72471.34375"
"4445","ST_mj戈壁碎石003_002.Mesh","npc.json","data\source\maps_source\门派\明教\st_mj戈壁碎石003_002_hd.mesh","183630.671875","10878.467773","68361.695312"
"4446","ST_mj戈壁碎石003_002.Mesh","npc.json","data\source\maps_source\门派\明教\st_mj戈壁碎石003_002_hd.mesh","197794.5625","12404.927734","82805.0625"
"4447","ST_xb龙门荒漠石001_012.Mesh","npc.json","data\source\maps_source\石头\st_xb龙门荒漠石001_012_hd.mesh","158232.9375","-1846.319824","54709.136718"
"4448","st_mj戈壁碎石003_004_HD","npc.json","data\source\maps_source\门派\明教\st_mj戈壁碎石003_004_hd.mesh","163763.5","8749.810546","65905.296875"
"4449","ST_mj底层石头001_001_HD","npc.json","data\source\maps_source\门派\明教\st_mj底层石头001_001_hd.mesh","155381.265625","2755.53125","77627.820312"
"4450","jz_mj牌坊003_HD","npc.json","data\source\maps_source\门派\明教\jz_mj牌坊003_hd.mesh","164699.921875","7150.03125","58979.554687"
"4451","S_bd崖壁树001_003.Mesh","npc.json","data\source\maps_source\小物件\工地物件\wj_dhg栈道001_007_hd.mesh","181510.796875","11125.730468","73815.125"
"4452","wj_bd矿洞支架001_005_HD","npc.json","data\source\maps_source\门派\霸刀\wj_bd矿洞支架001_005_hd.mesh","167801.140625","5919.319824","96326.25"
"4453","XWJ_落雪火盆002_001_HD","npc.json","data\source\maps_source\小物件\灯\xwj_火盆002_001_hd.mesh","183114.90625","6447.539062","92541.09375"
"4454","st_mj戈壁碎石002_004_HD","npc.json","data\source\maps_source\门派\明教\st_mj戈壁碎石002_004_hd.mesh","184892.1875","13455.274414","72617.601562"
"4455","ST_mj戈壁碎石003_002.Mesh","npc.json","data\source\maps_source\门派\明教\st_mj戈壁碎石003_002_hd.mesh","178356.640625","10797.029296","76382.351562"
"4456","S_bd崖壁树001_003.Mesh","npc.json","data\source\maps_source\小物件\工地物件\wj_dhg栈道001_007_hd.mesh","179896.578125","10154.438476","72779.164062"
"4457","st_mj中层石头001_003_HD","npc.json","data\source\maps_source\门派\明教\st_mj中层石头001_003_hd.mesh","175621.75","6846.195312","55411.5625"
"4458","st_mj戈壁碎石003_002_HD","npc.json","data\source\maps_source\门派\明教\st_mj戈壁碎石003_002_hd.mesh","190723.03125","6459.810546","97297.359375"
"4459","st_mj石拱003_HD","npc.json","data\source\maps_source\门派\明教\st_mj石拱003_hd.mesh","173427.984375","7867.46582","66614.921875"
"4460","st_mj戈壁碎石002_002_HD","npc.json","data\source\maps_source\门派\明教\st_mj戈壁碎石002_002_hd.mesh","192007.71875","8423.926757","96271.851562"
"4461","jz_xb玉门关建筑002_006_HD","npc.json","data\source\maps_source\建筑\jz_xb玉门关建筑002_006_hd.mesh","181551.5625","4760.157226","95897.257812"
"4462","st_mj戈壁碎石003_002_HD","npc.json","data\source\maps_source\门派\明教\st_mj戈壁碎石003_002_hd.mesh","168042.078125","5965.880371","82853.03125"
"4463","pj_mj廊柱001_004_HD","npc.json","data\source\maps_source\门派\明教\pj_mj廊柱001_004_hd.mesh","173476.84375","10513.83496","70948.195312"
"4464","st_mj戈壁碎石002_004_HD","npc.json","data\source\maps_source\门派\明教\st_mj戈壁碎石002_004_hd.mesh","182085.0625","4622.171875","98963.78125"
"4465","ST_mj石头003_004_HD","npc.json","data\source\maps_source\门派\明教\st_mj石头003_004_hd.mesh","186890.171875","5631.686523","69642.8125"
"4466","st_mj戈壁碎石002_002.mesh","npc.json","data\source\maps_source\门派\明教\st_mj戈壁碎石002_002_hd.mesh","163912.40625","9549.474609","95798.757812"
"4467","PJ_玉门草棚001.Mesh","npc.json","data\source\maps_source\建筑配套\pj_玉门草棚001_hd.mesh","186074.296875","-301.975585","59860.800781"
"4468","st_mj戈壁碎石003_003_HD","npc.json","data\source\maps_source\门派\明教\st_mj戈壁碎石003_003_hd.mesh","188825.75","4959.816406","97860.03125"
"4469","st_mj戈壁碎石003_002_HD","npc.json","data\source\maps_source\门派\明教\st_mj戈壁碎石003_002_hd.mesh","191150.0625","5869.214843","97709.289062"
"4470","SD_崖壁狱门fb_001.Mesh","npc.json","data\source\maps_source\山洞\sd_崖壁狱门fb_001_hd.mesh","197906.296875","-6403.694335","57066.820312"
"4471","ST_xb龙门荒漠石001_012.Mesh","npc.json","data\source\maps_source\石头\st_xb龙门荒漠石001_012_hd.mesh","171072.828125","4365.476562","87950.0625"
"4472","S_bd崖壁树001_003.Mesh","npc.json","data\source\maps_source\小物件\工地物件\wj_dhg栈道001_007_hd.mesh","180611.1875","10650.961914","73345.335937"
"4473","S_hgb树001_005_ST","speedtree.json","data\source\maps_source\树\s_hgb树001_005_st.srt","181710.25","4515.86914","98922.960937"
"4474","st_mj戈壁碎石003_003_HD","npc.json","data\source\maps_source\门派\明教\st_mj戈壁碎石003_003_hd.mesh","192023.125","12949.255859","71032.703125"
"4475","s_mj树001_002_HD","npc.json","data\source\maps_source\门派\明教\s_mj树001_002_hd.mesh","188215.765625","14334.846679","75361.453125"
"4476","st_mj中层石头001_003_HD","npc.json","data\source\maps_source\门派\明教\st_mj中层石头001_003_hd.mesh","172598.578125","8169.49414","72354.953125"
"4477","S_hgb树001_001_ST","speedtree.json","data\source\maps_source\树\s_hgb树001_001_st.srt","197345.3125","478.865051","59677.773437"
"4478","st_mj戈壁碎石002_004_HD","npc.json","data\source\maps_source\门派\明教\st_mj戈壁碎石002_004_hd.mesh","172360.0","7437.77246","56860.085937"
"4479","st_mj戈壁碎石002_002_HD","npc.json","data\source\maps_source\门派\明教\st_mj戈壁碎石002_002_hd.mesh","191246.90625","14700.670898","76551.453125"
"4480","ST_mj石拱004_HD","npc.json","data\source\maps_source\门派\明教\st_mj石拱004_hd.mesh","170332.65625","8483.289062","69793.242187"
"4481","SD_崖壁狱门fb_001.Mesh","npc.json","data\source\maps_source\山洞\sd_崖壁狱门fb_001_hd.mesh","157023.90625","7047.365234","86935.171875"
"4482","WJ_破木板002_002_HD","npc.json","data\source\maps_source\小物件\木箱\wj_破木板002_002_hd.mesh","178830.65625","4870.624023","94720.546875"
"4483","S_bd崖壁树001_003.Mesh","npc.json","data\source\maps_source\小物件\工地物件\wj_dhg栈道001_001_hd.mesh","163365.421875","5482.937988","62020.390625"
"4484","st_mj戈壁碎石002_004_HD","npc.json","data\source\maps_source\门派\明教\st_mj戈壁碎石002_004_hd.mesh","182085.0625","4622.171875","98963.78125"
"4485","S_bd崖壁树001_003.Mesh","npc.json","data\source\maps_source\小物件\工地物件\wj_dhg栈道001_001_hd.mesh","164140.0","5619.508789","62319.445312"
"4486","st_mj戈壁碎石003_003_HD","npc.json","data\source\maps_source\门派\明教\st_mj戈壁碎石003_003_hd.mesh","160781.734375","7898.703125","85200.828125"
"4487","ST_mj底层石头001_001_HD","npc.json","data\source\maps_source\门派\明教\st_mj底层石头001_001_hd.mesh","172528.09375","8609.711914","65026.023437"
"4488","jz_mj牌坊002_HD","npc.json","data\source\maps_source\门派\明教\jz_mj牌坊002_hd.mesh","172160.234375","7294.075195","57117.804687"
"4489","SD_崖壁狱门fb_001.Mesh","npc.json","data\source\maps_source\山洞\sd_崖壁狱门fb_001_hd.mesh","202408.796875","1657.353271","67991.40625"
"4490","ST_mj光明顶001_001_HD","npc.json","data\source\maps_source\门派\明教\st_mj光明顶001_001_hd.mesh","171757.796875","7311.992187","72860.515625"
"4491","st_mj戈壁碎石002_002_HD","npc.json","data\source\maps_source\门派\明教\st_mj戈壁碎石002_002_hd.mesh","187951.578125","5233.910156","101780.78125"
"4492","S_hgb树001_003_ST","speedtree.json","data\source\maps_source\树\s_hgb树001_003_st.srt","189152.890625","5603.822265","97190.0"
"4493","st_mj底层石头001_003_HD","npc.json","data\source\maps_source\门派\明教\st_mj底层石头001_003_hd.mesh","191324.546875","14866.014648","77428.367187"
"4494","ST_mj戈壁碎石003_002.Mesh","npc.json","data\source\maps_source\门派\明教\st_mj戈壁碎石003_002_hd.mesh","188183.21875","13637.382812","85431.664062"
"4495","JZ_xb玉门关建筑001_004_HD","npc.json","data\source\maps_source\建筑\jz_xb玉门关建筑001_004_hd.mesh","192725.421875","8215.393554","102328.453125"
"4496","st_mj中层石头001_003_HD","npc.json","data\source\maps_source\门派\明教\st_mj中层石头001_003_hd.mesh","176085.796875","7272.846191","56582.621093"
"4497","wj_mj动物尸骨001_001_HD","npc.json","data\source\maps_source\门派\明教\wj_mj动物尸骨001_001_hd.mesh","182905.5625","4655.515625","100826.015625"
"4498","S_bd崖壁树001_003.Mesh","npc.json","data\source\maps_source\小物件\工地物件\wj_dhg栈道001_007_hd.mesh","161007.1875","4942.479003","63154.039062"
"4499","jz_mj牌坊001_HD","npc.json","data\source\maps_source\门派\明教\jz_mj牌坊001_hd.mesh","164600.015625","7267.523437","56942.0625"
"4500","SD_崖壁狱门fb_001.Mesh","npc.json","data\source\maps_source\山洞\sd_崖壁狱门fb_001_hd.mesh","181255.5","-1427.861816","64564.632812"
"4501","ST_mj底层石头001_001_HD","npc.json","data\source\maps_source\门派\明教\st_mj底层石头001_001_hd.mesh","169406.46875","6799.155273","113763.523437"
"4502","ST_mj戈壁碎石003_002.Mesh","npc.json","data\source\maps_source\门派\明教\st_mj戈壁碎石003_002_hd.mesh","157840.40625","10644.713867","114725.507812"
"4503","jz_mj塔001_001_HD","npc.json","data\source\maps_source\门派\明教\jz_mj塔001_001_hd.mesh","162483.703125","7126.339843","151590.40625"
"4504","WJ_Burntwood002_003_HD","npc.json","data\source\maps_source\foliage\wj_burntwood002_003_hd.mesh","169592.828125","8328.713867","138345.171875"
"4505","XWJ_火盆002A_HD","npc.json","data\source\maps_source\小物件\灯\xwj_火盆002_001_hd.mesh","190554.34375","8030.554687","103890.265625"
"4506","WJ_破木板002_008_HD","npc.json","data\source\maps_source\小物件\木箱\wj_破木板002_008_hd.mesh","168969.34375","8447.96875","139758.9375"
"4507","st_mj戈壁碎石003_003_HD","npc.json","data\source\maps_source\门派\明教\st_mj戈壁碎石003_003_hd.mesh","170805.234375","7693.564453","114721.03125"
"4508","wj_mj动物尸骨001_002_HD","npc.json","data\source\maps_source\门派\明教\wj_mj动物尸骨001_002_hd.mesh","168519.09375","7439.989257","119217.367187"
"4509","WJ_动物骸骨001_005_HD","npc.json","data\source\maps_source\小物件\遗骸\wj_动物骸骨001_005_hd.mesh","173371.125","8054.329101","129257.632812"
"4510","st_mj戈壁碎石003_003_HD","npc.json","data\source\maps_source\门派\明教\st_mj戈壁碎石003_003_hd.mesh","170969.90625","7403.967773","112532.695312"
"4511","PJ_mvp烽火台001.Mesh","npc.json","data\source\maps_source\建筑配套\pj_mvp烽火台001_hd.mesh","169610.265625","6986.896484","112500.59375"
"4512","WJ_物什箱014.Mesh","npc.json","data\source\maps_source\小物件\木箱\wj_物什箱014_hd.mesh","164764.140625","7718.642578","148776.1875"
"4513","WJ_mj登陆断柱001_HD","npc.json","data\source\maps_source\门派\明教\wj_mj登陆断柱001_hd.mesh","161073.46875","7774.444335","132998.359375"
"4514","wj_cactus001_001_HD","npc.json","data\source\maps_source\foliage\wj_cactus001_001_hd.mesh","169086.390625","8216.347656","138595.984375"
"4515","wj_cactus001_004_HD","npc.json","data\source\maps_source\foliage\wj_cactus001_004_hd.mesh","173162.234375","7981.279296","128755.875"
"4516","pj_mj中型围墙001_004_HD","npc.json","data\source\maps_source\门派\明教\pj_mj中型围墙001_004_hd.mesh","169473.953125","7853.453125","138786.1875"
"4517","st_mj戈壁碎石003_003_HD","npc.json","data\source\maps_source\门派\明教\st_mj戈壁碎石003_003_hd.mesh","154816.4375","16518.08789","109720.507812"
"4518","st_mj戈壁碎石003_003_HD","npc.json","data\source\maps_source\门派\明教\st_mj戈壁碎石003_003_hd.mesh","155786.484375","10663.270507","108207.023437"
"4519","wj_cactus001_005_HD","npc.json","data\source\maps_source\foliage\wj_cactus001_005_hd.mesh","170130.578125","8330.558593","138176.65625"
"4520","st_mj戈壁碎石003_003_HD","npc.json","data\source\maps_source\门派\明教\st_mj戈壁碎石003_003_hd.mesh","182597.71875","4738.899414","103370.648437"
"4521","WD_加沙祝融神殿废墟001_002_HD","npc.json","data\source\maps_source\门派\五毒\wd_加沙祝融神殿废墟001_002_hd.mesh","168159.609375","8134.415039","142935.71875"
"4522","WJ_mj登陆断柱001_HD","npc.json","data\source\maps_source\门派\明教\wj_mj登陆断柱001_hd.mesh","169952.25","7954.083984","132052.171875"
"4523","JZ_mj中型民居001_006_HD","npc.json","data\source\maps_source\门派\明教\jz_mj中型民居001_006_hd.mesh","155600.375","13079.447265","108520.101562"
"4524","wj_cactus001_001_HD","npc.json","data\source\maps_source\foliage\wj_cactus001_001_hd.mesh","169215.828125","8264.871093","131678.3125"
"4525","WJ_破木板002_001_HD","npc.json","data\source\maps_source\小物件\木箱\wj_破木板002_001_hd.mesh","191285.875","8352.226562","105925.09375"
"4526","pj_中型围墙001_001_HD","npc.json","data\source\maps_source\门派\明教\pj_中型围墙001_001_hd.mesh","154170.171875","7812.041992","102886.398437"
"4527","WJ_CY加雪火堆001_003_HD","npc.json","data\source\maps_source\小物件\灯\wj_cy加雪火堆001_003_hd.mesh","191753.75","8374.726562","105432.0"
"4528","st_mj戈壁碎石003_003_HD","npc.json","data\source\maps_source\门派\明教\st_mj戈壁碎石003_003_hd.mesh","190897.46875","7965.339843","106189.382812"
"4529","WJ_erg桌子003.Mesh","npc.json","data\source\maps_source\小物件\室内\wj_erg桌子003_hd.mesh","164793.140625","7760.84375","149275.375"
"4530","st_mj戈壁碎石002_004_HD","npc.json","data\source\maps_source\门派\明教\st_mj戈壁碎石002_004_hd.mesh","168838.59375","7439.632812","121631.742187"
"4531","jz_土匪寨门破001_HD","npc.json","data\source\maps_source\建筑\jz_土匪寨门破001_hd.mesh","191161.28125","7915.308593","102850.71875"
"4532","PJ_帐篷001_002.Mesh","npc.json","data\source\maps_source\建筑配套\pj_帐篷001_002_hd.mesh","183159.46875","8149.388671","141861.328125"
"4533","ST_xb龙门荒漠石001_008.Mesh","npc.json","data\source\maps_source\石头\st_xb龙门荒漠石001_008_hd.mesh","168252.1875","7988.735351","149314.171875"
"4534","PJ_mvp烽火台001.Mesh","npc.json","data\source\maps_source\建筑配套\pj_mvp烽火台001_hd.mesh","158501.0","7632.685546","138593.875"
"4535","cq_龙门城墙001_006_HD","npc.json","data\source\maps_source\城墙\cq_龙门城墙001_006_hd.mesh","169375.4375","7813.108398","140160.09375"
"4536","wj_cactus001_005_HD","npc.json","data\source\maps_source\foliage\wj_cactus001_005_hd.mesh","156795.765625","7553.269531","141253.890625"
"4537","ST_xb龙门荒漠石001_008.Mesh","npc.json","data\source\maps_source\石头\st_xb龙门荒漠石001_008_hd.mesh","156506.5","7626.26123","139255.234375"
"4538","JZ_mj中型民居001_001_HD","npc.json","data\source\maps_source\门派\明教\jz_mj中型民居001_001_hd.mesh","169064.859375","6528.99707","119348.867187"
"4539","ST_mj戈壁碎石003_002.Mesh","npc.json","data\source\maps_source\门派\明教\st_mj戈壁碎石003_002_hd.mesh","168145.0","7772.625976","117482.007812"
"4540","s_mj树001_001_HD","npc.json","data\source\maps_source\门派\明教\s_mj树001_001_hd.mesh","155901.703125","12987.631835","107347.148437"
"4541","WJ_mj路灯001_HD","npc.json","data\source\maps_source\门派\明教\wj_mj路灯001_hd.mesh","169992.953125","7349.17871","112023.3125"
"4542","WJ_mj路灯001_HD","npc.json","data\source\maps_source\门派\明教\wj_mj路灯001_hd.mesh","168267.296875","7836.9375","116195.828125"
"4543","wj_mj石阶梯001_002_HD","npc.json","data\source\maps_source\门派\明教\wj_mj石阶梯001_002_hd.mesh","169009.46875","7366.972656","118767.203125"
"4544","cq_龙门城墙001_004_HD","npc.json","data\source\maps_source\城墙\cq_龙门城墙001_004_hd.mesh","157379.78125","7004.930664","141110.734375"
"4545","st_mj戈壁碎石003_003_HD","npc.json","data\source\maps_source\门派\明教\st_mj戈壁碎石003_003_hd.mesh","157085.5","12358.420898","108224.453125"
"4546","wj_cactus001_005_HD","npc.json","data\source\maps_source\foliage\wj_cactus001_005_hd.mesh","167740.28125","7493.542968","121655.789062"
"4547","WJ_CY加雪火堆001_003_HD","npc.json","data\source\maps_source\小物件\灯\wj_cy加雪火堆001_003_hd.mesh","168644.5625","8338.296875","139401.09375"
"4548","jz_mj牌坊003_HD","npc.json","data\source\maps_source\门派\明教\jz_mj牌坊003_hd.mesh","169559.34375","7425.214843","121327.953125"
"4549","wj_mj遮阳棚001_002_HD","npc.json","data\source\maps_source\门派\明教\wj_mj遮阳棚001_002_hd.mesh","169109.53125","8349.453125","139467.65625"
"4550","WJ_mj篝火001_002.Mesh","npc.json","data\source\maps_source\门派\明教\wj_mj篝火001_002_hd.mesh","182440.625","8127.109375","141683.640625"
"4551","WJ_dxc木箱001_011_HD","npc.json","data\source\maps_source\小物件\木箱\wj_dxc木箱001_011_hd.mesh","191037.1875","8300.46875","105347.34375"
"4552","pj_mj中型围墙001_004_HD","npc.json","data\source\maps_source\门派\明教\pj_mj中型围墙001_004_hd.mesh","172845.640625","7594.71875","128820.179687"
"4553","st_mj戈壁碎石003_003_HD","npc.json","data\source\maps_source\门派\明教\st_mj戈壁碎石003_003_hd.mesh","176840.609375","4832.871093","104397.195312"
"4554","st_mj戈壁碎石002_004_HD","npc.json","data\source\maps_source\门派\明教\st_mj戈壁碎石002_004_hd.mesh","156180.59375","7798.581054","139718.296875"
"4555","JZ_mj中型民居001_006_HD","npc.json","data\source\maps_source\门派\明教\jz_mj中型民居001_006_hd.mesh","155466.53125","12524.861328","112356.382812"
"4556","st_mj戈壁碎石003_002_HD","npc.json","data\source\maps_source\门派\明教\st_mj戈壁碎石003_002_hd.mesh","191800.875","8027.151367","106853.742187"
"4557","wj_cactus001_006_HD","npc.json","data\source\maps_source\foliage\wj_cactus001_006_hd.mesh","180705.203125","8331.185546","139506.0"
"4558","cq_龙门城墙001_006_HD","npc.json","data\source\maps_source\城墙\cq_龙门城墙001_006_hd.mesh","156354.9375","7327.620117","135938.625"
"4559","SD_崖壁狱门fb_001.Mesh","npc.json","data\source\maps_source\山洞\sd_崖壁狱门fb_001_hd.mesh","158427.5","7124.474609","109836.4375"
"4560","CQ_龙门城墙001_002.Mesh","npc.json","data\source\maps_source\城墙\cq_龙门城墙001_002_hd.mesh","169506.28125","7201.820312","117661.523437"
"4561","st_mj戈壁碎石003_003_HD","npc.json","data\source\maps_source\门派\明教\st_mj戈壁碎石003_003_hd.mesh","156244.765625","8749.078125","107251.984375"
"4562","WD_加沙巨像_001_HD","npc.json","data\source\maps_source\门派\五毒\wd_加沙巨像_001_hd.mesh","158874.0","7677.541015","137320.0"
"4563","cq_龙门城墙001_004_HD","npc.json","data\source\maps_source\城墙\cq_龙门城墙001_004_hd.mesh","166356.859375","7469.37207","145742.28125"
"4564","ST_mj中层石头001_004_HD","npc.json","data\source\maps_source\门派\明教\st_mj中层石头001_004_hd.mesh","154926.640625","15287.699218","110189.9375"
"4565","st_mj中层石头001_003_HD","npc.json","data\source\maps_source\门派\明教\st_mj中层石头001_003_hd.mesh","155302.65625","10615.99121","117946.09375"
"4566","ST_mj戈壁碎石003_002.Mesh","npc.json","data\source\maps_source\门派\明教\st_mj戈壁碎石003_002_hd.mesh","169488.421875","7723.881835","115073.59375"
"4567","jz_mj牌坊002_HD","npc.json","data\source\maps_source\门派\明教\jz_mj牌坊002_hd.mesh","168900.796875","8150.814453","148937.921875"
"4568","ST_xb龙门荒漠石001_011.Mesh","npc.json","data\source\maps_source\石头\st_xb龙门荒漠石001_011_hd.mesh","153911.09375","15364.234375","110823.039062"
"4569","PJ_mvp围栏001_002.Mesh","npc.json","data\source\maps_source\建筑配套\pj_mvp围栏001_002_hd.mesh","170132.734375","7486.15039","116238.476562"
"4570","st_mj戈壁碎石002_004_HD","npc.json","data\source\maps_source\门派\明教\st_mj戈壁碎石002_004_hd.mesh","168647.484375","7662.148437","116553.59375"
"4571","WJ_mj登陆断柱001_HD","npc.json","data\source\maps_source\门派\明教\wj_mj登陆断柱001_hd.mesh","167112.015625","7925.240234","133598.453125"
"4572","jz_mj塔001_001_HD","npc.json","data\source\maps_source\门派\明教\jz_mj塔001_001_hd.mesh","172349.15625","8815.510742","143928.546875"
"4573","ST_mj戈壁碎石003_002.Mesh","npc.json","data\source\maps_source\门派\明教\st_mj戈壁碎石003_002_hd.mesh","171419.4375","7576.060546","113488.9375"
"4574","ST_mj光明顶001_002_HD","npc.json","data\source\maps_source\门派\明教\st_mj光明顶001_002_hd.mesh","155231.9375","12362.816406","110303.492187"
"4575","st_mj戈壁碎石003_003_HD","npc.json","data\source\maps_source\门派\明教\st_mj戈壁碎石003_003_hd.mesh","154034.890625","14434.382812","109478.007812"
"4576","WJ_木棍001_004_HD","npc.json","data\source\maps_source\小物件\栏杆\wj_木棍001_004_hd.mesh","168059.5625","8155.609375","138809.984375"
"4577","st_mj戈壁碎石003_001_HD","npc.json","data\source\maps_source\门派\明教\st_mj戈壁碎石003_001_hd.mesh","182670.421875","4672.859375","102671.5"
"4578","ST_mj中层石头001_004_HD","npc.json","data\source\maps_source\门派\明教\st_mj中层石头001_004_hd.mesh","153623.59375","11761.916015","107613.3125"
"4579","WJ_破木板002_004_HD","npc.json","data\source\maps_source\小物件\木箱\wj_破木板002_004_hd.mesh","191142.8125","8344.632812","105688.5"
"4580","wj_mj篝火001_003_HD","npc.json","data\source\maps_source\门派\明教\wj_mj篝火001_003_hd.mesh","168752.53125","7413.90625","119028.25"
"4581","ST_mj石头002_002_HD","npc.json","data\source\maps_source\门派\明教\st_mj石头002_002_hd.mesh","156447.125","12557.710937","111040.554687"
"4582","wj_mj遮阳棚001_002_HD","npc.json","data\source\maps_source\门派\明教\wj_mj遮阳棚001_002_hd.mesh","192022.84375","8391.335937","106022.0625"
"4583","ST_mj戈壁碎石003_002.Mesh","npc.json","data\source\maps_source\门派\明教\st_mj戈壁碎石003_002_hd.mesh","171412.921875","7289.986328","113011.789062"
"4584","WD_加沙巨像_001_HD","npc.json","data\source\maps_source\门派\五毒\wd_加沙巨像_001_hd.mesh","166883.421875","7077.136718","140572.390625"
"4585","WJ_破木板002_009_HD","npc.json","data\source\maps_source\小物件\木箱\wj_破木板002_009_hd.mesh","168219.9375","8212.359375","138677.984375"
"4586","wj_mj石阶梯001_002_HD","npc.json","data\source\maps_source\门派\明教\wj_mj石阶梯001_002_hd.mesh","171836.234375","7604.320312","114135.625"
"4587","cq_龙门城墙001_005_HD","npc.json","data\source\maps_source\城墙\cq_龙门城墙001_005_hd.mesh","156328.0625","7340.59375","140884.203125"
"4588","cq_龙门城墙001_003_HD","npc.json","data\source\maps_source\城墙\cq_龙门城墙001_003_hd.mesh","166039.265625","7349.505859","146036.0625"
"4589","st_mj戈壁碎石003_001_HD","npc.json","data\source\maps_source\门派\明教\st_mj戈壁碎石003_001_hd.mesh","171264.609375","7594.921875","113266.539062"
"4590","jz_mj塔001_001_HD","npc.json","data\source\maps_source\门派\明教\jz_mj塔001_001_hd.mesh","167916.796875","7484.136718","151410.65625"
"4591","cq_龙门城墙001_006_HD","npc.json","data\source\maps_source\城墙\cq_龙门城墙001_006_hd.mesh","168738.28125","8028.492187","139938.25"
"4592","WJ_mj登陆断柱001_HD","npc.json","data\source\maps_source\门派\明教\wj_mj登陆断柱001_hd.mesh","156806.40625","8100.02246","139264.421875"
"4593","wj_mj遮阳棚001_002_HD","npc.json","data\source\maps_source\门派\明教\wj_mj遮阳棚001_002_hd.mesh","170401.4375","7807.832031","114158.0"
"4594","WJ_破木板002_007_HD","npc.json","data\source\maps_source\小物件\木箱\wj_破木板002_007_hd.mesh","191863.8125","8413.34375","106223.15625"
"4595","cq_龙门城墙001_005_HD","npc.json","data\source\maps_source\城墙\cq_龙门城墙001_005_hd.mesh","166834.3125","7130.410156","146578.875"
"4596","jz_土匪围栏破001_001_HD","npc.json","data\source\maps_source\建筑\jz_土匪围栏破001_001_hd.mesh","192931.6875","8072.916015","105294.382812"
"4597","st_mj戈壁碎石003_003_HD","npc.json","data\source\maps_source\门派\明教\st_mj戈壁碎石003_003_hd.mesh","190313.578125","7958.290039","105548.664062"
"4598","WJ_erg桌子003.Mesh","npc.json","data\source\maps_source\小物件\室内\wj_erg桌子003_hd.mesh","167167.921875","7076.637695","158679.046875"
"4599","JZ_xb玉门关建筑001_004_HD","npc.json","data\source\maps_source\建筑\jz_xb玉门关建筑001_004_hd.mesh","175622.40625","5332.044921","166501.84375"
"4600","pj_mj中型围墙002_HD","npc.json","data\source\maps_source\门派\明教\pj_mj中型围墙002_hd.mesh","172814.15625","7157.107421","184328.25"
"4601","cq_龙门城墙001_004_HD","npc.json","data\source\maps_source\城墙\cq_龙门城墙001_004_hd.mesh","177210.5","6456.929687","179263.1875"
"4602","PJ_sly防御墙001_002.Mesh","npc.json","data\source\maps_source\建筑配套\pj_sly防御墙001_002_hd.mesh","163782.1875","4913.24707","163118.796875"
"4603","cq_龙门城墙001_006_HD","npc.json","data\source\maps_source\城墙\cq_龙门城墙001_006_hd.mesh","156126.71875","5756.832031","161614.3125"
"4604","WJ_mvpl蓝色布帘001_003.Mesh","npc.json","data\source\maps_source\建筑配套\pj_mvp围栏001_001_hd.mesh","157068.75","8838.824218","192626.859375"
"4605","WD_加沙围堤001_004_HD","npc.json","data\source\maps_source\门派\五毒\wd_加沙围堤001_004_hd.mesh","171554.828125","4382.259765","166070.0"
"4606","WJ_草垛003.Mesh","npc.json","data\source\maps_source\小物件\草垛\wj_草垛003_hd.mesh","173010.421875","7110.921875","160657.46875"
"4607","cq_龙门城墙001_003_HD","npc.json","data\source\maps_source\城墙\cq_龙门城墙001_003_hd.mesh","159554.8125","4626.068359","166403.640625"
"4608","ST_mj石拱004_HD","npc.json","data\source\maps_source\门派\明教\st_mj石拱004_hd.mesh","192303.40625","10517.364257","183050.015625"
"4609","cq_龙门城墙001_003_HD","npc.json","data\source\maps_source\城墙\cq_龙门城墙001_003_hd.mesh","170305.765625","7232.570312","187046.78125"
"4610","WJ_火堆001_003_HD","npc.json","data\source\maps_source\小物件\灯\wj_火堆001_003_hd.mesh","160238.40625","3926.835937","175161.046875"
"4611","WJ_dxc木箱001_011_HD","npc.json","data\source\maps_source\小物件\木箱\wj_dxc木箱001_011_hd.mesh","159074.6875","3940.546875","175584.796875"
"4612","ST_mj底层石头001_001_HD","npc.json","data\source\maps_source\门派\明教\st_mj底层石头001_001_hd.mesh","195672.25","14726.686523","180255.734375"
"4613","cq_龙门城墙001_003_HD","npc.json","data\source\maps_source\城墙\cq_龙门城墙001_003_hd.mesh","172834.9375","7347.080078","184801.546875"
"4614","cq_龙门城墙001_004_HD","npc.json","data\source\maps_source\城墙\cq_龙门城墙001_004_hd.mesh","171647.46875","7107.679687","185477.390625"
"4615","CQ_玉门关城墙001_003.Mesh","npc.json","data\source\maps_source\城墙\cq_玉门关城墙001_003_hd.mesh","180422.359375","5386.436523","164517.515625"
"4616","WJ_破木板002_006_HD","npc.json","data\source\maps_source\小物件\木箱\wj_破木板002_006_hd.mesh","162559.46875","4049.698242","171595.5"
"4617","WJ_mvp雕像001.Mesh","npc.json","data\source\maps_source\小物件\雕像\wj_mvp雕像001_hd.mesh","164612.796875","5853.667968","160920.34375"
"4618","WJ_物什箱013.Mesh","npc.json","data\source\maps_source\小物件\木箱\wj_物什箱013_hd.mesh","167088.828125","7034.436523","158078.015625"
"4619","ST_mj底层石头001_001_HD","npc.json","data\source\maps_source\门派\明教\st_mj底层石头001_001_hd.mesh","195533.234375","14738.685546","179048.71875"
"4620","st_mj戈壁碎石003_001_HD","npc.json","data\source\maps_source\门派\明教\st_mj戈壁碎石003_001_hd.mesh","157053.109375","6443.003906","186432.484375"
"4621","st_mj戈壁碎石003_001_HD","npc.json","data\source\maps_source\门派\明教\st_mj戈壁碎石003_001_hd.mesh","184380.59375","11860.970703","194241.71875"
"4622","WJ_mvp石墙装饰001_002.Mesh","npc.json","data\source\maps_source\建筑配套\wj_mvp石墙装饰001_002_hd.mesh","165161.453125","7014.879882","158025.578125"
"4623","s_mj树001_004_HD","npc.json","data\source\maps_source\门派\明教\s_mj树001_004_hd.mesh","189475.109375","13875.628906","184563.03125"
"4624","jz_xb玉门关建筑002_003_HD","npc.json","data\source\maps_source\建筑\jz_xb玉门关建筑002_003_hd.mesh","184597.875","7855.076171","179946.421875"
"4625","WJ_mvp雕像基座001.Mesh","npc.json","data\source\maps_source\小物件\雕像\wj_mvp雕像基座001_hd.mesh","166890.421875","5399.208984","161069.78125"
"4626","PJ_sly防御墙001_002.Mesh","npc.json","data\source\maps_source\建筑配套\pj_sly防御墙001_002_hd.mesh","163962.140625","4905.049804","161943.84375"
"4627","cq_龙门城墙001_006_HD","npc.json","data\source\maps_source\城墙\cq_龙门城墙001_006_hd.mesh","171575.296875","7130.808593","185957.203125"
"4628","cq_龙门城墙001_003_HD","npc.json","data\source\maps_source\城墙\cq_龙门城墙001_003_hd.mesh","169267.515625","7330.09375","187959.5"
"4629","ST_mj戈壁碎石003_002.Mesh","npc.json","data\source\maps_source\门派\明教\st_mj戈壁碎石003_002_hd.mesh","171454.9375","5256.392578","178841.109375"
"4630","jz_xb玉门关建筑002_006_HD","npc.json","data\source\maps_source\建筑\jz_xb玉门关建筑002_006_hd.mesh","159333.890625","3911.788085","175852.109375"
"4631","Q_吊锁桥002_003.Mesh","npc.json","data\source\maps_source\桥\q_吊锁桥002_003_hd.mesh","170443.9375","5767.208007","177801.734375"
"4632","cq_龙门城墙001_006_HD","npc.json","data\source\maps_source\城墙\cq_龙门城墙001_006_hd.mesh","171965.125","4614.125","165336.875"
"4633","PJ_mvp围墙001_002_HD","npc.json","data\source\maps_source\建筑配套\pj_mvp围墙001_002_hd.mesh","164964.5625","3539.514648","162043.8125"
"4634","CQ_玉门关城墙001_008.Mesh","npc.json","data\source\maps_source\城墙\cq_玉门关城墙001_008_hd.mesh","157477.609375","5878.560546","196333.015625"
"4635","WJ_破木桶001_004_HD","npc.json","data\source\maps_source\小物件\木箱\wj_破木桶001_004_hd.mesh","164778.921875","3926.841796","172400.171875"
"4636","pj_mj中型围墙001_004_HD","npc.json","data\source\maps_source\门派\明教\pj_mj中型围墙001_004_hd.mesh","156880.328125","4692.791015","180221.25"
"4637","PJ_驿站马厩001.Mesh","npc.json","data\source\maps_source\建筑配套\pj_驿站马厩001_hd.mesh","158119.265625","6657.983398","195109.1875"
"4638","cq_龙门城墙001_006_HD","npc.json","data\source\maps_source\城墙\cq_龙门城墙001_006_hd.mesh","156598.3125","4409.796875","176845.875"
"4639","CQ_玉门关城墙001_008.Mesh","npc.json","data\source\maps_source\城墙\cq_玉门关城墙001_008_hd.mesh","181611.171875","5246.070312","166925.078125"
"4640","s_mj树002_005_HD","npc.json","data\source\maps_source\门派\明教\s_mj树002_005_hd.mesh","188536.96875","13566.888671","191981.0"
"4641","pj_mj石柱火盆001_001_HD","npc.json","data\source\maps_source\门派\明教\pj_mj石柱火盆001_001_hd.mesh","182327.609375","9308.823242","178646.53125"
"4642","cq_龙门城墙001_003_HD","npc.json","data\source\maps_source\城墙\cq_龙门城墙001_003_hd.mesh","164068.578125","6994.283203","193083.21875"
"4643","jz_xb楼兰哨台001_002_HD","npc.json","data\source\maps_source\建筑\jz_xb楼兰哨台001_002_hd.mesh","169072.921875","5865.820312","159403.890625"
"4644","jz_xb玉门关建筑002_005_HD","npc.json","data\source\maps_source\建筑\jz_xb玉门关建筑002_005_hd.mesh","158513.65625","3902.753906","173265.546875"
"4645","cq_龙门城墙001_003_HD","npc.json","data\source\maps_source\城墙\cq_龙门城墙001_003_hd.mesh","175437.3125","7110.345703","182283.6875"
"4646","XWJ_驿站灯001.Mesh","npc.json","data\source\doodad\通用\路标\xwj_驿站灯001_hd.mesh","157434.046875","6672.221679","194668.96875"
"4647","st_mj底层石头001_003_HD","npc.json","data\source\maps_source\门派\明教\st_mj底层石头001_003_hd.mesh","157524.5","6879.695312","187117.515625"
"4648","cq_龙门城墙001_006_HD","npc.json","data\source\maps_source\城墙\cq_龙门城墙001_006_hd.mesh","156383.640625","4401.564453","173127.75"
"4649","PJ_mvp阶梯002_001.Mesh","npc.json","data\source\maps_source\建筑配套\pj_mvp阶梯002_001_hd.mesh","165688.859375","3697.654296","162022.796875"
"4650","pj_中型围墙001_006_HD","npc.json","data\source\maps_source\门派\明教\pj_中型围墙001_006_hd.mesh","192955.609375","13519.658203","192068.4375"
"4651","WJ_草席001_003_HD","npc.json","data\source\maps_source\小物件\生活品\wj_草席001_003_hd.mesh","170093.34375","4282.265625","176322.03125"
"4652","pj_mj中型围墙001_004_HD","npc.json","data\source\maps_source\门派\明教\pj_mj中型围墙001_004_hd.mesh","167572.1875","7252.375","189253.828125"
"4653","cq_龙门城墙001_006_HD","npc.json","data\source\maps_source\城墙\cq_龙门城墙001_006_hd.mesh","164326.015625","4713.859375","162321.359375"
"4654","XWJ_落雪火盆002_001_HD","npc.json","data\source\maps_source\小物件\灯\xwj_落雪火盆002_001_hd.mesh","163011.390625","3929.966796","177644.09375"
"4655","pj_mj廊柱001_002_HD","npc.json","data\source\maps_source\门派\明教\pj_mj廊柱001_002_hd.mesh","174094.515625","5598.402343","167604.828125"
"4656","pj_mj廊柱001_002_HD","npc.json","data\source\maps_source\门派\明教\pj_mj廊柱001_002_hd.mesh","167419.984375","5349.496093","163531.28125"
"4657","st_mj石拱003_HD","npc.json","data\source\maps_source\门派\明教\st_mj石拱003_hd.mesh","188133.234375","9953.858398","184534.515625"
"4658","WJ_mj地板碎块001_002.Mesh","npc.json","data\source\maps_source\门派\明教\wj_mj地板碎块001_002_hd.mesh","169772.375","4422.871093","170496.03125"
"4659","cq_龙门城墙001_004_HD","npc.json","data\source\maps_source\城墙\cq_龙门城墙001_004_hd.mesh","163202.171875","5726.019531","187992.765625"
"4660","cq_龙门城墙001_006_HD","npc.json","data\source\maps_source\城墙\cq_龙门城墙001_006_hd.mesh","168740.75","4605.894531","163473.015625"
"4661","CQ_玉门关城墙001_008.Mesh","npc.json","data\source\maps_source\城墙\cq_玉门关城墙001_008_hd.mesh","182127.03125","5621.5625","179497.859375"
"4662","s_mj树002_005_HD","npc.json","data\source\maps_source\门派\明教\s_mj树002_005_hd.mesh","193989.984375","14261.408203","195881.921875"
"4663","CQ_玉门关城墙001_001.Mesh","npc.json","data\source\maps_source\城墙\cq_玉门关城墙001_001_hd.mesh","165552.390625","5737.248046","158150.828125"
"4664","st_mj戈壁碎石003_002_HD","npc.json","data\source\maps_source\门派\明教\st_mj戈壁碎石003_002_hd.mesh","196871.578125","9758.566406","178919.5"
"4665","cq_龙门城墙001_006_HD","npc.json","data\source\maps_source\城墙\cq_龙门城墙001_006_hd.mesh","156355.734375","4538.404296","170819.9375"
"4666","WD_石柱002_01.Mesh","npc.json","data\source\maps_source\门派\五毒\wd_加沙石柱002_01_hd.mesh","175308.0625","5037.099609","175727.984375"
"4667","cq_龙门城墙001_006_HD","npc.json","data\source\maps_source\城墙\cq_龙门城墙001_006_hd.mesh","158951.9375","5268.132812","160662.640625"
"4668","CQ_玉门关城墙001_008.Mesh","npc.json","data\source\maps_source\城墙\cq_玉门关城墙001_008_hd.mesh","157747.28125","3265.186523","159492.78125"
"4669","cq_龙门城墙001_006_HD","npc.json","data\source\maps_source\城墙\cq_龙门城墙001_006_hd.mesh","156414.875","4713.859375","181163.71875"
"4670","cq_龙门城墙001_004_HD","npc.json","data\source\maps_source\城墙\cq_龙门城墙001_004_hd.mesh","160757.421875","4386.666992","165755.09375"
"4671","CQ_玉门关城墙001_003.Mesh","npc.json","data\source\maps_source\城墙\cq_玉门关城墙001_003_hd.mesh","160255.125","4051.490234","158504.421875"
"4672","cq_龙门城墙001_004_HD","npc.json","data\source\maps_source\城墙\cq_龙门城墙001_004_hd.mesh","162774.34375","6291.006835","189098.265625"
"4673","WJ_草席001_003_HD","npc.json","data\source\maps_source\小物件\生活品\wj_草席001_003_hd.mesh","159860.78125","3933.320312","175297.109375"
"4674","pj_mvp阶梯001_001_HD","npc.json","data\source\maps_source\建筑配套\pj_mvp阶梯001_001_hd.mesh","156970.5625","5471.566406","184349.78125"
"4675","WD_加沙围堤001_004_HD","npc.json","data\source\maps_source\门派\五毒\wd_加沙围堤001_004_hd.mesh","157174.609375","4318.819335","177028.84375"
"4676","WJ_通用战帜001_001A_HD","npc.json","data\source\maps_source\小物件\旗\wj_通用战帜001_001a_hd.mesh","163413.9375","4003.168945","177960.546875"
"4677","WJ_破木箱003_002.Mesh","npc.json","data\source\maps_source\小物件\木箱\wj_破木箱003_002_hd.mesh","170146.09375","4513.502929","166781.3125"
"4678","cq_龙门城墙001_004_HD","npc.json","data\source\maps_source\城墙\cq_龙门城墙001_004_hd.mesh","161273.765625","3988.032226","165650.171875"
"4679","WJ_mvp石墙装饰001_002.Mesh","npc.json","data\source\maps_source\建筑配套\wj_mvp石墙装饰001_002_hd.mesh","154210.796875","7095.917968","185254.796875"
"4680","pj_mj中型围墙002_HD","npc.json","data\source\maps_source\门派\明教\pj_mj中型围墙002_hd.mesh","169333.015625","7262.649414","187546.359375"
"4681","XWJ_落雪火盆002_001_HD","npc.json","data\source\maps_source\小物件\灯\xwj_落雪火盆002_001_hd.mesh","167832.125","4043.08789","173555.703125"
"4682","CQ_玉门关城墙001_003.Mesh","npc.json","data\source\maps_source\城墙\cq_玉门关城墙001_003_hd.mesh","182322.4375","5215.621093","169723.28125"
"4683","cq_龙门城墙001_004_HD","npc.json","data\source\maps_source\城墙\cq_龙门城墙001_004_hd.mesh","177558.3125","6854.841796","179384.109375"
"4684","CQ_玉门关城墙001_008.Mesh","npc.json","data\source\maps_source\城墙\cq_玉门关城墙001_008_hd.mesh","168789.53125","5261.909179","190538.90625"
"4685","CQ_玉门关城墙001_008.Mesh","npc.json","data\source\maps_source\城墙\cq_玉门关城墙001_008_hd.mesh","161337.21875","5212.21582","158359.578125"
"4686","PJ_mvp围栏001_002.Mesh","npc.json","data\source\maps_source\建筑配套\pj_mvp围栏001_002_hd.mesh","156356.71875","5189.909179","171336.5625"
"4687","s_mj三生树001_HD","npc.json","data\source\maps_source\门派\明教\s_mj三生树001_hd.mesh","154505.5","8105.313476","194957.40625"
"4688","cq_龙门城墙001_005_HD","npc.json","data\source\maps_source\城墙\cq_龙门城墙001_005_hd.mesh","176614.796875","6339.876953","180161.59375"
"4689","Q_吊锁桥架002_005.Mesh","npc.json","data\source\maps_source\桥\q_吊锁桥架002_005_hd.mesh","158590.28125","5339.828125","177890.28125"
"4690","JZ_xb玉门关建筑001_001_HD","npc.json","data\source\maps_source\建筑\jz_xb玉门关建筑001_001_hd.mesh","177597.8125","6557.094726","171369.3125"
"4691","WJ_yz擂台物件001_005.Mesh","npc.json","data\source\maps_source\城市\杨洲\wj_yz擂台物件001_005_hd.mesh","166584.96875","6165.929687","159920.0"
"4692","cq_龙门城墙001_003_HD","npc.json","data\source\maps_source\城墙\cq_龙门城墙001_003_hd.mesh","157514.171875","5858.592773","160841.234375"
"4693","cq_龙门城墙001_005_HD","npc.json","data\source\maps_source\城墙\cq_龙门城墙001_005_hd.mesh","163089.515625","6626.669921","190126.890625"
"4694","cq_龙门城墙001_005_HD","npc.json","data\source\maps_source\城墙\cq_龙门城墙001_005_hd.mesh","158233.265625","4835.392578","161465.15625"
"4695","WJ_破木箱003_002.Mesh","npc.json","data\source\maps_source\小物件\木箱\wj_破木箱003_002_hd.mesh","158540.625","6664.717773","193685.296875"
"4696","PJ_mvp围墙001_005_HD","npc.json","data\source\maps_source\建筑配套\pj_mvp围墙001_005_hd.mesh","155318.390625","5724.476562","185299.71875"
"4697","WJ_mj民居窗002_HD","npc.json","data\source\maps_source\门派\明教\wj_mj民居窗002_hd.mesh","165479.640625","11030.041015","157713.46875"
"4698","WJ_物什箱014.Mesh","npc.json","data\source\maps_source\小物件\木箱\wj_物什箱014_hd.mesh","167050.40625","7034.436523","158193.03125"
"4699","cq_龙门城墙001_004_HD","npc.json","data\source\maps_source\城墙\cq_龙门城墙001_004_hd.mesh","156613.46875","5335.068359","162343.1875"
"4700","pj_mj中型围墙002_HD","npc.json","data\source\maps_source\门派\明教\pj_mj中型围墙002_hd.mesh","161824.265625","4250.861328","164849.25"
"4701","cq_龙门城墙001_003_HD","npc.json","data\source\maps_source\城墙\cq_龙门城墙001_003_hd.mesh","156569.640625","4862.363281","177452.46875"
"4702","PJ_sly防御墙001_002.Mesh","npc.json","data\source\maps_source\建筑配套\pj_sly防御墙001_002_hd.mesh","163949.4375","4860.268554","162404.78125"
"4703","JZ_xb玉门关建筑001_001_HD","npc.json","data\source\maps_source\建筑\jz_xb玉门关建筑001_001_hd.mesh","186857.125","8861.333984","178598.640625"
"4704","pj_mj中型围墙002_HD","npc.json","data\source\maps_source\门派\明教\pj_mj中型围墙002_hd.mesh","164690.203125","5775.447265","188676.46875"
"4705","cq_龙门城墙001_002_HD","npc.json","data\source\maps_source\城墙\cq_龙门城墙001_002_hd.mesh","166919.09375","7136.794921","191346.4375"
"4706","PJ_sly防御墙001_002.Mesh","npc.json","data\source\maps_source\建筑配套\pj_sly防御墙001_002_hd.mesh","163936.703125","4815.073242","162866.984375"
"4707","pj_mj中型围墙001_004_HD","npc.json","data\source\maps_source\门派\明教\pj_mj中型围墙001_004_hd.mesh","158292.28125","5733.049804","185537.546875"
"4708","WJ_mj民居窗002_HD","npc.json","data\source\maps_source\门派\明教\wj_mj民居窗002_hd.mesh","165506.578125","11030.041015","157278.46875"
"4709","PJ_mvp烽火台001.Mesh","npc.json","data\source\maps_source\建筑配套\pj_mvp烽火台001_hd.mesh","164429.625","7166.861328","191119.609375"
"4710","WJ_mvp圆灯笼001_001.Mesh","npc.json","data\source\maps_source\小物件\灯\wj_mvp圆灯笼001_001_hd.mesh","162863.625","7308.332031","157168.171875"
"4711","pj_mj廊柱001_002_HD","npc.json","data\source\maps_source\门派\明教\pj_mj廊柱001_002_hd.mesh","158160.21875","5290.541015","168763.28125"
"4712","jz_xb玉门关建筑002_008_HD","npc.json","data\source\maps_source\建筑\jz_xb玉门关建筑002_008_hd.mesh","160168.828125","3939.333496","178903.203125"
"4713","s_mj树002_005_HD","npc.json","data\source\maps_source\门派\明教\s_mj树002_005_hd.mesh","188310.8125","13444.447265","196342.8125"
"4714","jz_xb玉门关建筑002_001_HD","npc.json","data\source\maps_source\建筑\jz_xb玉门关建筑002_001_hd.mesh","184960.515625","13417.52539","195797.484375"
"4715","s_mj树002_005_HD","npc.json","data\source\maps_source\门派\明教\s_mj树002_005_hd.mesh","190735.4375","13467.060546","194305.375"
"4716","JZ_xb玉门关建筑001_004_HD","npc.json","data\source\maps_source\建筑\jz_xb玉门关建筑001_004_hd.mesh","174911.953125","5904.786132","178714.671875"
"4717","jz_xb玉门关建筑002_006_HD","npc.json","data\source\maps_source\建筑\jz_xb玉门关建筑002_006_hd.mesh","172746.65625","5443.904296","167232.59375"
"4718","WJ_ly地鼠土堆001.Mesh","npc.json","data\source\doodad\洛阳\wj_ly地鼠土堆001_hd.mesh","167085.90625","4423.449218","166535.21875"
"4719","cq_龙门城墙001_001_HD","npc.json","data\source\maps_source\城墙\cq_龙门城墙001_001_hd.mesh","167148.34375","4005.607421","171965.359375"
"4720","wj_木围墙007_002.Mesh","npc.json","data\source\maps_source\小物件\栏杆\wj_木围墙007_002_hd.mesh","162937.890625","3923.101562","177790.765625"
"4721","wj_cactus001_005_HD","npc.json","data\source\maps_source\foliage\wj_cactus001_005_hd.mesh","159793.53125","7820.595703","157284.140625"
"4722","WJ_通用战帜001_001A_HD","npc.json","data\source\maps_source\小物件\旗\wj_通用战帜001_001a_hd.mesh","168162.484375","4102.155273","173918.484375"
"4723","cq_龙门城墙002_HD","npc.json","data\source\maps_source\城墙\cq_龙门城墙002_hd.mesh","165619.75","6095.194335","155609.546875"
"4724","WJ_mvp石墙装饰001_002.Mesh","npc.json","data\source\maps_source\建筑配套\wj_mvp石墙装饰001_002_hd.mesh","166592.75","7004.805664","158065.0625"
"4725","CQ_玉门关城墙001_008.Mesh","npc.json","data\source\maps_source\城墙\cq_玉门关城墙001_008_hd.mesh","164244.171875","9395.70996","157735.328125"
"4726","WD_石柱002_01.Mesh","npc.json","data\source\maps_source\门派\五毒\wd_加沙石柱002_01_hd.mesh","177438.375","5669.167968","175326.59375"
"4727","XWJ_落雪火盆002_001_HD","npc.json","data\source\maps_source\小物件\灯\xwj_落雪火盆002_001_hd.mesh","168395.859375","4058.136718","174251.3125"
"4728","pj_mj中型围墙002_HD","npc.json","data\source\maps_source\门派\明教\pj_mj中型围墙002_hd.mesh","170466.703125","4640.423828","164732.734375"
"4729","pj_mj中型围墙002_HD","npc.json","data\source\maps_source\门派\明教\pj_mj中型围墙002_hd.mesh","155247.421875","5471.332031","162956.921875"
"4730","CQ_玉门关城墙001_003.Mesh","npc.json","data\source\maps_source\城墙\cq_玉门关城墙001_003_hd.mesh","177329.921875","5196.601562","160835.828125"
"4731","cq_龙门城墙001_001_HD","npc.json","data\source\maps_source\城墙\cq_龙门城墙001_001_hd.mesh","171763.46875","4510.972656","176337.109375"
"4732","JZ_mj中型民居001_006_HD","npc.json","data\source\maps_source\门派\明教\jz_mj中型民居001_006_hd.mesh","196879.96875","13646.824218","188137.609375"
"4733","WJ_灯004_HD","npc.json","data\source\maps_source\小物件\灯\xwj_灯笼001_001a_hd.mesh","169305.21875","5582.578125","177960.59375"
"4734","WD_加沙围堤001_004_HD","npc.json","data\source\maps_source\门派\五毒\wd_加沙围堤001_004_hd.mesh","170982.46875","6785.480468","185361.890625"
"4735","cq_龙门城墙001_003_HD","npc.json","data\source\maps_source\城墙\cq_龙门城墙001_003_hd.mesh","167061.875","6252.451171","192131.53125"
"4736","cq_龙门城墙001_003_HD","npc.json","data\source\maps_source\城墙\cq_龙门城墙001_003_hd.mesh","156494.703125","4609.082031","179887.65625"
"4737","cq_龙门城墙001_003_HD","npc.json","data\source\maps_source\城墙\cq_龙门城墙001_003_hd.mesh","174522.671875","4813.410156","167008.390625"
"4738","XWJ_落雪火盆002_001_HD","npc.json","data\source\maps_source\小物件\灯\xwj_落雪火盆002_001_hd.mesh","163078.046875","3914.669921","174108.03125"
"4739","jz_xb玉门关建筑002_006_HD","npc.json","data\source\maps_source\建筑\jz_xb玉门关建筑002_006_hd.mesh","170578.671875","4223.578125","176268.0625"
"4740","WJ_木箱堆002.Mesh","npc.json","data\source\maps_source\小物件\木箱\wj_木箱堆002_hd.mesh","166750.234375","7034.436523","158133.0"
"4741","cq_龙门城墙001_004_HD","npc.json","data\source\maps_source\城墙\cq_龙门城墙001_004_hd.mesh","176252.5625","5149.470703","170019.96875"
"4742","jz_xb楼兰哨台001_005_HD","npc.json","data\source\maps_source\建筑\jz_xb楼兰哨台001_005_hd.mesh","187336.625","9796.235351","168778.1875"
"4743","WJ_物什箱013.Mesh","npc.json","data\source\maps_source\小物件\木箱\wj_物什箱013_hd.mesh","167153.828125","7148.543945","158683.53125"
"4744","CQ_玉门关城墙001_008.Mesh","npc.json","data\source\maps_source\城墙\cq_玉门关城墙001_008_hd.mesh","165023.890625","5123.718261","193549.8125"
"4745","xwj_紫竹路灯001_001_hd","npc.json","data\source\maps_source\小物件\灯\xwj_紫竹路灯001_001_hd.mesh","168310.0625","6229.160644","193531.59375"
"4746","cq_龙门城墙001_003_HD","npc.json","data\source\maps_source\城墙\cq_龙门城墙001_003_hd.mesh","156895.609375","4494.635742","168861.40625"
"4747","PJ_mvp围墙001_002_HD","npc.json","data\source\maps_source\建筑配套\pj_mvp围墙001_002_hd.mesh","164067.53125","3539.514648","161609.875"
"4748","WJ_mvp火灯001.Mesh","npc.json","data\source\maps_source\小物件\灯\wj_mvp火灯001_hd.mesh","163070.078125","7255.49121","193092.875"
"4749","WJ_mvp雕像001.Mesh","npc.json","data\source\maps_source\小物件\雕像\wj_mvp雕像001_hd.mesh","166890.71875","5916.970703","160992.6875"
"4750","WJ_dxc木箱001_007_HD","npc.json","data\source\maps_source\小物件\木箱\wj_dxc木箱001_007_hd.mesh","159746.8125","3928.601562","174961.984375"
"4751","cq_龙门城墙001_004_HD","npc.json","data\source\maps_source\城墙\cq_龙门城墙001_004_hd.mesh","176885.421875","5613.975585","172072.546875"
"4752","pj_mj中型围墙002_HD","npc.json","data\source\maps_source\门派\明教\pj_mj中型围墙002_hd.mesh","162644.25","5647.0","187592.453125"
"4753","pj_mj中型围墙002_HD","npc.json","data\source\maps_source\门派\明教\pj_mj中型围墙002_hd.mesh","159820.421875","4436.095703","166529.875"
"4754","pj_mj中型围墙002_HD","npc.json","data\source\maps_source\门派\明教\pj_mj中型围墙002_hd.mesh","156688.296875","4557.137695","180287.140625"
"4755","PJ_sly防御墙001_002.Mesh","npc.json","data\source\maps_source\建筑配套\pj_sly防御墙001_002_hd.mesh","167713.859375","4798.945312","163538.8125"
"4756","s_mj树002_005_HD","npc.json","data\source\maps_source\门派\明教\s_mj树002_005_hd.mesh","190674.5","13095.955078","195708.28125"
"4757","pj_mj廊柱001_002_HD","npc.json","data\source\maps_source\门派\明教\pj_mj廊柱001_002_hd.mesh","174960.875","7730.779296","181977.765625"
"4758","JZ_破旧兵营001_002_HD","npc.json","data\source\maps_source\建筑\jz_破旧兵营001_002_hd.mesh","187657.59375","13537.144531","187954.890625"
"4759","s_mj树002_005_HD","npc.json","data\source\maps_source\门派\明教\s_mj树002_005_hd.mesh","189880.59375","13427.978515","196793.5"
"4760","cq_龙门城墙001_003_HD","npc.json","data\source\maps_source\城墙\cq_龙门城墙001_003_hd.mesh","173360.609375","4715.886718","166259.65625"
"4761","cq_龙门城墙001_006_HD","npc.json","data\source\maps_source\城墙\cq_龙门城墙001_006_hd.mesh","160840.53125","4409.796875","165277.046875"
"4762","st_mj石拱003_HD","npc.json","data\source\maps_source\门派\明教\st_mj石拱003_hd.mesh","163713.484375","7106.971679","195536.9375"
"4763","WJ_yz擂台物件001_005.Mesh","npc.json","data\source\maps_source\城市\杨洲\wj_yz擂台物件001_005_hd.mesh","166688.1875","4899.570312","162764.296875"
"4764","cq_龙门城墙001_003_HD","npc.json","data\source\maps_source\城墙\cq_龙门城墙001_003_hd.mesh","161507.4375","5850.910156","187417.359375"
"4765","CQ_玉门关城墙001_008.Mesh","npc.json","data\source\maps_source\城墙\cq_玉门关城墙001_008_hd.mesh","179046.859375","5663.130859","161987.1875"
"4766","pj_mj石柱火盆001_001_HD","npc.json","data\source\maps_source\门派\明教\pj_mj石柱火盆001_001_hd.mesh","183137.6875","9210.798828","173462.8125"
"4767","PJ_mj廊柱001_004.Mesh","npc.json","data\source\maps_source\门派\明教\pj_mj廊柱001_004_hd.mesh","171053.1875","4492.74707","167123.53125"
"4768","st_mj戈壁碎石003_001_HD","npc.json","data\source\maps_source\门派\明教\st_mj戈壁碎石003_001_hd.mesh","187799.3125","13278.527343","184705.25"
"4769","cq_龙门城墙001_005_HD","npc.json","data\source\maps_source\城墙\cq_龙门城墙001_005_hd.mesh","176571.359375","5193.58789","172193.5625"
"4770","PJ_mvp土墙001_003.Mesh","npc.json","data\source\maps_source\建筑配套\pj_mvp土墙001_003_hd.mesh","170409.671875","7110.921875","159340.421875"
"4771","pj_mj廊柱001_002_HD","npc.json","data\source\maps_source\门派\明教\pj_mj廊柱001_002_hd.mesh","157139.65625","5284.591796","174169.65625"
"4772","JZ_xb楼兰哨台001_004.Mesh","npc.json","data\source\maps_source\建筑\jz_xb楼兰哨台001_004_hd.mesh","163018.5","6602.398437","193326.546875"
"4773","st_mj戈壁碎石003_001_HD","npc.json","data\source\maps_source\门派\明教\st_mj戈壁碎石003_001_hd.mesh","171561.96875","4268.387695","171698.1875"
"4774","JZ_xb玉门关建筑001_004_HD","npc.json","data\source\maps_source\建筑\jz_xb玉门关建筑001_004_hd.mesh","158387.828125","4845.873046","183969.953125"
"4775","JZ_xb楼兰哨台001_004.Mesh","npc.json","data\source\maps_source\建筑\jz_xb楼兰哨台001_004_hd.mesh","158212.484375","6698.904296","195169.90625"
"4776","cq_龙门城墙001_003_HD","npc.json","data\source\maps_source\城墙\cq_龙门城墙001_003_hd.mesh","156449.828125","4451.9375","174782.546875"
"4777","pj_mj廊柱001_002_HD","npc.json","data\source\maps_source\门派\明教\pj_mj廊柱001_002_hd.mesh","158740.140625","5867.089843","185186.4375"
"4778","WJ_mj地板碎块001_002.Mesh","npc.json","data\source\maps_source\门派\明教\wj_mj地板碎块001_002_hd.mesh","162751.078125","3923.832031","173773.921875"
"4779","pj_mj廊柱001_002_HD","npc.json","data\source\maps_source\门派\明教\pj_mj廊柱001_002_hd.mesh","168863.953125","7761.09375","187333.578125"
"4780","jz_xb玉门关建筑002_005_HD","npc.json","data\source\maps_source\建筑\jz_xb玉门关建筑002_005_hd.mesh","173026.1875","6053.121093","183204.75"
"4781","cq_龙门城墙001_006_HD","npc.json","data\source\maps_source\城墙\cq_龙门城墙001_006_hd.mesh","162727.921875","5749.148437","188095.34375"
"4782","cq_龙门城墙001_003_HD","npc.json","data\source\maps_source\城墙\cq_龙门城墙001_003_hd.mesh","154946.78125","5973.103515","162319.21875"
"4783","JZ_破旧军营关卡001_001_HD","npc.json","data\source\maps_source\建筑\jz_破旧军营关卡001_001_hd.mesh","186815.46875","13218.878906","187287.3125"
"4784","cq_龙门城墙001_005_HD","npc.json","data\source\maps_source\城墙\cq_龙门城墙001_005_hd.mesh","159032.375","3886.267578","167584.4375"
"4785","cq_龙门城墙001_004_HD","npc.json","data\source\maps_source\城墙\cq_龙门城墙001_004_hd.mesh","177891.65625","6366.044921","178373.578125"
"4786","jz_xb楼兰哨台001_001_HD","npc.json","data\source\maps_source\建筑\jz_xb楼兰哨台001_001_hd.mesh","162341.890625","5726.383789","159540.96875"
"4787","Q_吊锁桥002_003.Mesh","npc.json","data\source\maps_source\桥\q_吊锁桥002_003_hd.mesh","157389.8125","5430.518554","178322.515625"
"4788","CQ_玉门关城墙001_008.Mesh","npc.json","data\source\maps_source\城墙\cq_玉门关城墙001_008_hd.mesh","161357.453125","5212.21582","157006.5625"
"4789","cq_龙门城墙001_002_HD","npc.json","data\source\maps_source\城墙\cq_龙门城墙001_002_hd.mesh","165981.46875","3964.813476","171659.359375"
"4790","st_mj戈壁碎石002_004_HD","npc.json","data\source\maps_source\门派\明教\st_mj戈壁碎石002_004_hd.mesh","157228.53125","5217.335937","181377.859375"
"4791","st_mj戈壁碎石002_004_HD","npc.json","data\source\maps_source\门派\明教\st_mj戈壁碎石002_004_hd.mesh","186342.40625","13055.572265","191103.890625"
"4792","JZ_xb玉门关建筑001_003_HD","npc.json","data\source\maps_source\建筑\jz_xb玉门关建筑001_003_hd.mesh","169257.890625","5238.724609","160896.328125"
"4793","WJ_mvp石墙装饰001_003.Mesh","npc.json","data\source\maps_source\建筑配套\wj_mvp石墙装饰001_003_hd.mesh","165141.515625","7014.879882","158703.671875"
"4794","PJ_sly防御墙001_002.Mesh","npc.json","data\source\maps_source\建筑配套\pj_sly防御墙001_002_hd.mesh","167519.796875","4871.917968","163217.3125"
"4795","jz_mj偏殿001_003_HD","npc.json","data\source\maps_source\门派\明教\jz_mj偏殿001_003_hd.mesh","155920.140625","5409.355468","180165.125"
"4796","cq_龙门城墙001_003_HD","npc.json","data\source\maps_source\城墙\cq_龙门城墙001_003_hd.mesh","164539.609375","6362.873046","192475.078125"
"4797","pj_mj中型围墙002_HD","npc.json","data\source\maps_source\门派\明教\pj_mj中型围墙002_hd.mesh","157171.734375","5597.89746","161489.546875"
"4798","cq_龙门城墙001_006_HD","npc.json","data\source\maps_source\城墙\cq_龙门城墙001_006_hd.mesh","174250.59375","7051.726562","183366.203125"
"4799","PJ_mvp土墙001_002.Mesh","npc.json","data\source\maps_source\建筑配套\pj_mvp土墙001_002_hd.mesh","161434.453125","6454.634765","159092.890625"
"4800","cq_龙门城墙001_004_HD","npc.json","data\source\maps_source\城墙\cq_龙门城墙001_004_hd.mesh","156273.21875","5421.90332","162015.546875"
"4801","jz_xb玉门关建筑002_003_HD","npc.json","data\source\maps_source\建筑\jz_xb玉门关建筑002_003_hd.mesh","175429.015625","6059.580078","181203.859375"
"4802","WJ_mj登陆断柱001_HD","npc.json","data\source\maps_source\门派\明教\wj_mj登陆断柱001_hd.mesh","167983.921875","4478.323242","169256.40625"
"4803","cq_龙门城墙001_004_HD","npc.json","data\source\maps_source\城墙\cq_龙门城墙001_004_hd.mesh","156440.046875","4852.90625","183927.78125"
"4804","CQ_玉门关城墙001_008.Mesh","npc.json","data\source\maps_source\城墙\cq_玉门关城墙001_008_hd.mesh","169855.109375","5372.932617","157138.875"
"4805","cq_龙门城墙001_006_HD","npc.json","data\source\maps_source\城墙\cq_龙门城墙001_006_hd.mesh","159671.53125","6324.159179","159583.21875"
"4806","cq_龙门城墙001_003_HD","npc.json","data\source\maps_source\城墙\cq_龙门城墙001_003_hd.mesh","163193.421875","4609.082031","163327.96875"
"4807","WJ_木箱堆001.Mesh","npc.json","data\source\maps_source\小物件\木箱\wj_木箱堆001_hd.mesh","167156.25","7076.637695","158495.34375"
"4808","CQ_玉门关城墙001_002_HD","npc.json","data\source\maps_source\城墙\cq_玉门关城墙001_002_hd.mesh","165564.0","9717.618164","157582.640625"
"4809","jz_xb楼兰三间房001_003_HD","npc.json","data\source\maps_source\建筑\jz_xb楼兰三间房001_003_hd.mesh","159541.03125","4917.533203","183671.421875"
"4810","CQ_玉门关城墙001_008.Mesh","npc.json","data\source\maps_source\城墙\cq_玉门关城墙001_008_hd.mesh","164258.046875","9395.70996","157175.078125"
"4811","WJ_mvp石墙装饰001_002.Mesh","npc.json","data\source\maps_source\建筑配套\wj_mvp石墙装饰001_002_hd.mesh","166612.015625","7004.805664","157366.65625"
"4812","s_mj树002_005_HD","npc.json","data\source\maps_source\门派\明教\s_mj树002_005_hd.mesh","193666.453125","13819.380859","190732.765625"
"4813","CQ_玉门关城墙001_008.Mesh","npc.json","data\source\maps_source\城墙\cq_玉门关城墙001_008_hd.mesh","166713.71875","9418.711914","157363.15625"
"4814","jz_mj古战场001_002_HD","npc.json","data\source\maps_source\建筑\jz_mj古战场001_002_hd.mesh","159926.25","4788.517578","164282.6875"
"4815","cq_龙门城墙001_003_HD","npc.json","data\source\maps_source\城墙\cq_龙门城墙001_003_hd.mesh","158451.625","5956.117187","160317.53125"
"4816","PJ_玉门草棚001.Mesh","npc.json","data\source\maps_source\建筑配套\pj_玉门草棚001_hd.mesh","177671.125","8863.15039","159033.265625"
"4817","pj_mj石门001_01_HD","npc.json","data\source\maps_source\门派\明教\pj_mj石门001_01_hd.mesh","165735.296875","5795.631835","159573.90625"
"4818","pj_mj中型围墙002_HD","npc.json","data\source\maps_source\门派\明教\pj_mj中型围墙002_hd.mesh","160512.96875","5743.324218","186578.953125"
"4819","ST_mj戈壁碎石003_002.Mesh","npc.json","data\source\maps_source\门派\明教\st_mj戈壁碎石003_002_hd.mesh","194578.140625","14365.732421","192350.96875"
"4820","CQ_玉门关城墙001_001.Mesh","npc.json","data\source\maps_source\城墙\cq_玉门关城墙001_001_hd.mesh","165493.515625","5737.248046","156940.796875"
"4821","pj_mj中型围墙001_004_HD","npc.json","data\source\maps_source\门派\明教\pj_mj中型围墙001_004_hd.mesh","156646.265625","4601.757812","174497.84375"
"4822","CQ_玉门关城墙001_003.Mesh","npc.json","data\source\maps_source\城墙\cq_玉门关城墙001_003_hd.mesh","155235.828125","3731.546875","160986.875"
"4823","WD_石柱002_01.Mesh","npc.json","data\source\maps_source\门派\五毒\wd_加沙石柱002_01_hd.mesh","160739.34375","4969.603515","165773.671875"
"4824","pj_mj中型围墙002_HD","npc.json","data\source\maps_source\门派\明教\pj_mj中型围墙002_hd.mesh","156635.375","4758.183593","182979.296875"
"4825","WJ_破木板002_009_HD","npc.json","data\source\maps_source\小物件\木箱\wj_破木板002_009_hd.mesh","159092.84375","4003.695312","176082.078125"
"4826","cq_龙门城墙001_004_HD","npc.json","data\source\maps_source\城墙\cq_龙门城墙001_004_hd.mesh","156481.921875","3983.982421","177972.53125"
"4827","WJ_mvp火灯001.Mesh","npc.json","data\source\maps_source\小物件\灯\wj_mvp火灯001_hd.mesh","166595.75","6409.398437","159926.671875"
"4828","cq_龙门城墙001_006_HD","npc.json","data\source\maps_source\城墙\cq_龙门城墙001_006_hd.mesh","158106.75","4401.564453","167806.28125"
"4829","PJ_sly防御墙001_002.Mesh","npc.json","data\source\maps_source\建筑配套\pj_sly防御墙001_002_hd.mesh","167562.890625","4970.949218","162414.75"
"4830","cq_龙门城墙001_005_HD","npc.json","data\source\maps_source\城墙\cq_龙门城墙001_005_hd.mesh","158750.625","5122.11914","160322.953125"
"4831","cq_龙门城墙001_006_HD","npc.json","data\source\maps_source\城墙\cq_龙门城墙001_006_hd.mesh","153909.3125","5748.600585","163689.875"
"4832","cq_龙门城墙001_004_HD","npc.json","data\source\maps_source\城墙\cq_龙门城墙001_004_hd.mesh","176712.65625","5669.027343","170963.15625"
"4833","WD_石柱002_01.Mesh","npc.json","data\source\maps_source\门派\五毒\wd_加沙石柱002_01_hd.mesh","174071.453125","4795.483398","172034.96875"
"4834","cq_龙门城墙001_009_HD","npc.json","data\source\maps_source\城墙\cq_龙门城墙001_009_hd.mesh","154330.515625","6636.791992","200948.328125"
"4835","cq_龙门城墙001_004_HD","npc.json","data\source\maps_source\城墙\cq_龙门城墙001_004_hd.mesh","176378.109375","5276.298828","171129.84375"
"4836","WJ_mvp石墙装饰001_003.Mesh","npc.json","data\source\maps_source\建筑配套\wj_mvp石墙装饰001_003_hd.mesh","166574.03125","7004.805664","158743.171875"
"4837","WD_石柱002_01.Mesh","npc.json","data\source\maps_source\门派\五毒\wd_加沙石柱002_01_hd.mesh","173116.625","6773.371093","185235.25"
"4838","st_mj戈壁碎石002_002_HD","npc.json","data\source\maps_source\门派\明教\st_mj戈壁碎石002_002_hd.mesh","188589.03125","10551.190429","167572.828125"
"4839","CQ_玉门关城墙001_003.Mesh","npc.json","data\source\maps_source\城墙\cq_玉门关城墙001_003_hd.mesh","171567.0","5054.206054","189630.5"
"4840","jz_xb玉门关建筑002_006_HD","npc.json","data\source\maps_source\建筑\jz_xb玉门关建筑002_006_hd.mesh","163095.4375","4937.186523","161932.25"
"4841","WJ_物什箱014.Mesh","npc.json","data\source\maps_source\小物件\木箱\wj_物什箱014_hd.mesh","167299.25","7076.637695","158551.515625"
"4842","WJ_yz擂台物件001_005.Mesh","npc.json","data\source\maps_source\城市\杨洲\wj_yz擂台物件001_005_hd.mesh","164825.71875","6165.929687","159676.53125"
"4843","CQ_玉门关城墙001_003.Mesh","npc.json","data\source\maps_source\城墙\cq_玉门关城墙001_003_hd.mesh","166608.984375","5291.253906","192195.078125"
"4844","WJ_mvp石墙装饰001_002.Mesh","npc.json","data\source\maps_source\建筑配套\wj_mvp石墙装饰001_002_hd.mesh","155281.390625","7095.921875","186381.484375"
"4845","XWJ_ca柜子003_003.Mesh","npc.json","data\source\maps_source\小物件\室内\xwj_ca柜子003_003_hd.mesh","166789.4375","7076.637695","158599.59375"
"4846","st_mj戈壁碎石003_003_HD","npc.json","data\source\maps_source\门派\明教\st_mj戈壁碎石003_003_hd.mesh","195142.890625","12085.097656","178447.109375"
"4847","JZ_xb玉门关建筑001_002_HD","npc.json","data\source\maps_source\建筑\jz_xb玉门关建筑001_002_hd.mesh","161383.625","4910.292968","161637.859375"
"4848","XWJ_落雪火盆002_001_HD","npc.json","data\source\maps_source\小物件\灯\xwj_落雪火盆002_001_hd.mesh","163585.8125","3973.179687","178303.578125"
"4849","WJ_mvp火灯001.Mesh","npc.json","data\source\maps_source\小物件\灯\wj_mvp火灯001_hd.mesh","166698.953125","5143.042968","162770.96875"
"4850","WJ_dxc木箱001_007_HD","npc.json","data\source\maps_source\小物件\木箱\wj_dxc木箱001_007_hd.mesh","156816.25","5441.078125","182494.921875"
"4851","T_天空飞鸟_鹰01_hd","npc.json","data\source\other\hd特效\场景\mesh\t_天空飞鸟_鹰01_hd.mesh","161950.21875","15534.945312","173312.53125"
"4852","CQ_玉门关城墙001_003.Mesh","npc.json","data\source\maps_source\城墙\cq_玉门关城墙001_003_hd.mesh","179988.203125","5386.436523","181632.84375"
"4853","s_mj树002_005_HD","npc.json","data\source\maps_source\门派\明教\s_mj树002_005_hd.mesh","186050.40625","13165.054687","197024.0625"
"4854","cq_龙门城墙001_004_HD","npc.json","data\source\maps_source\城墙\cq_龙门城墙001_004_hd.mesh","161784.25","3983.982421","164650.71875"
"4855","WJ_物什箱013.Mesh","npc.json","data\source\maps_source\小物件\木箱\wj_物什箱013_hd.mesh","166786.15625","7172.692382","158655.40625"
"4856","cq_龙门城墙001_003_HD","npc.json","data\source\maps_source\城墙\cq_龙门城墙001_003_hd.mesh","156471.171875","4631.982421","182566.953125"
"4857","WJ_dxc木箱001_007_HD","npc.json","data\source\maps_source\小物件\木箱\wj_dxc木箱001_007_hd.mesh","170124.65625","4282.203125","176622.921875"
"4858","WD_石柱002_01.Mesh","npc.json","data\source\maps_source\门派\五毒\wd_加沙石柱002_01_hd.mesh","160960.34375","5771.570312","187689.40625"
"4859","st_mj中层石头001_002_HD","npc.json","data\source\maps_source\门派\明教\st_mj中层石头001_002_hd.mesh","189194.5","13142.410156","184132.203125"
"4860","cq_龙门城墙001_006_HD","npc.json","data\source\maps_source\城墙\cq_龙门城墙001_006_hd.mesh","176160.28125","5302.881835","168940.6875"
"4861","CQ_玉门关城墙001_008.Mesh","npc.json","data\source\maps_source\城墙\cq_玉门关城墙001_008_hd.mesh","173748.46875","5094.685546","188075.5"
"4862","ST_mj底层石头001_001_HD","npc.json","data\source\maps_source\门派\明教\st_mj底层石头001_001_hd.mesh","196675.109375","13673.848632","179380.28125"
"4863","WJ_mvpl蓝色布帘001_003.Mesh","npc.json","data\source\maps_source\建筑配套\wj_mvpl蓝色布帘001_003_hd.mesh","156978.234375","8936.793945","192695.375"
"4864","PJ_mj廊柱001_005.Mesh","npc.json","data\source\maps_source\门派\明教\pj_mj廊柱001_005_hd.mesh","170083.0","5119.65039","167095.625"
"4865","CQ_玉门关城墙001_003.Mesh","npc.json","data\source\maps_source\城墙\cq_玉门关城墙001_003_hd.mesh","176055.703125","5215.621093","185905.9375"
"4866","cq_龙门城墙001_006_HD","npc.json","data\source\maps_source\城墙\cq_龙门城墙001_006_hd.mesh","178569.34375","6554.263671","177535.59375"
"4867","WJ_木箱004_002.Mesh","npc.json","data\source\maps_source\小物件\木箱\wj_木箱004_002_hd.mesh","177771.5625","8893.038085","158900.359375"
"4868","PJ_sly防御墙001_002.Mesh","npc.json","data\source\maps_source\建筑配套\pj_sly防御墙001_002_hd.mesh","167518.078125","5015.730468","162041.90625"
"4869","PJ_sly防御墙001_002.Mesh","npc.json","data\source\maps_source\建筑配套\pj_sly防御墙001_002_hd.mesh","167540.90625","4925.753906","162807.609375"
"4870","jz_xb玉门关建筑002_008_HD","npc.json","data\source\maps_source\建筑\jz_xb玉门关建筑002_008_hd.mesh","154229.1875","5185.286132","170514.421875"
"4871","WD_加沙围堤001_004_HD","npc.json","data\source\maps_source\门派\五毒\wd_加沙围堤001_004_hd.mesh","160325.265625","4328.996093","166881.03125"
"4872","WJ_mvp石墙装饰001_002.Mesh","npc.json","data\source\maps_source\建筑配套\wj_mvp石墙装饰001_002_hd.mesh","155308.96875","7095.917968","185285.078125"
"4873","cq_龙门城墙001_003_HD","npc.json","data\source\maps_source\城墙\cq_龙门城墙001_003_hd.mesh","164520.125","4154.058593","162673.21875"
"4874","CQ_玉门关城墙001_008.Mesh","npc.json","data\source\maps_source\城墙\cq_玉门关城墙001_008_hd.mesh","182712.140625","5558.568359","172654.0"
"4875","pj_mj中型围墙002_HD","npc.json","data\source\maps_source\门派\明教\pj_mj中型围墙002_hd.mesh","156668.140625","4436.095703","176928.5"
"4876","ST_mj石头003_004_HD","npc.json","data\source\maps_source\门派\明教\st_mj石头003_004_hd.mesh","155797.34375","5285.729492","198731.171875"
"4877","WJ_mvp石墙装饰001_002.Mesh","npc.json","data\source\maps_source\建筑配套\wj_mvp石墙装饰001_002_hd.mesh","165180.71875","7014.879882","157327.1875"
"4878","s_mj树002_005_HD","npc.json","data\source\maps_source\门派\明教\s_mj树002_005_hd.mesh","190194.875","13418.755859","194568.3125"
"4879","CQ_玉门关城墙001_008.Mesh","npc.json","data\source\maps_source\城墙\cq_玉门关城墙001_008_hd.mesh","178069.484375","5246.070312","183837.0"
"4880","cq_龙门城墙001_005_HD","npc.json","data\source\maps_source\城墙\cq_龙门城墙001_005_hd.mesh","175957.546875","6626.605468","181471.390625"
"4881","XWJ_驿站灯001.Mesh","npc.json","data\source\doodad\通用\路标\xwj_驿站灯001_hd.mesh","158035.703125","6664.905273","194348.890625"
"4882","wj_mj旗帜003_HD","npc.json","data\source\maps_source\门派\明教\wj_mj旗帜003_hd.mesh","165638.890625","9928.463867","156340.671875"
"4883","st_mj戈壁碎石003_001_HD","npc.json","data\source\maps_source\门派\明教\st_mj戈壁碎石003_001_hd.mesh","172488.59375","4854.279296","176808.46875"
"4884","JZ_mj中型民居001_001_HD","npc.json","data\source\maps_source\门派\明教\jz_mj中型民居001_001_hd.mesh","199935.65625","14305.273437","185236.328125"
"4885","s_mj树002_005_HD","npc.json","data\source\maps_source\门派\明教\s_mj树002_005_hd.mesh","192027.296875","13590.583984","194521.53125"
"4886","XWJ_破军物件001_001.Mesh","npc.json","data\source\maps_source\小物件\武器\xwj_破军物件001_001_hd.mesh","155566.71875","9032.207031","191650.9375"
"4887","JZ_xb玉门关建筑001_004_HD","npc.json","data\source\maps_source\建筑\jz_xb玉门关建筑001_004_hd.mesh","187790.40625","13503.68164","190185.046875"
"4888","pj_mj廊柱001_002_HD","npc.json","data\source\maps_source\门派\明教\pj_mj廊柱001_002_hd.mesh","167648.9375","6349.11914","189850.84375"
"4889","cq_龙门城墙001_004_HD","npc.json","data\source\maps_source\城墙\cq_龙门城墙001_004_hd.mesh","171483.875","4590.996093","165398.8125"
"4890","WJ_mj地板碎块001_002.Mesh","npc.json","data\source\maps_source\门派\明教\wj_mj地板碎块001_002_hd.mesh","162634.484375","3926.5","172653.359375"
"4891","WJ_mj地板碎块001_002.Mesh","npc.json","data\source\maps_source\门派\明教\wj_mj地板碎块001_002_hd.mesh","164251.734375","3922.126953","173047.15625"
"4892","ST_mj石头002_001_HD","npc.json","data\source\maps_source\门派\明教\st_mj石头002_001_hd.mesh","159558.890625","5656.549804","197936.34375"
"4893","cq_龙门城墙001_005_HD","npc.json","data\source\maps_source\城墙\cq_龙门城墙001_005_hd.mesh","164430.390625","6940.765625","192056.515625"
"4894","ST_mj光明顶001_001_HD","npc.json","data\source\maps_source\门派\明教\st_mj光明顶001_001_hd.mesh","186922.109375","10668.426757","185347.328125"
"4895","st_mj戈壁碎石003_003_HD","npc.json","data\source\maps_source\门派\明教\st_mj戈壁碎石003_003_hd.mesh","183314.625","11244.646484","194711.859375"
"4896","WJ_火堆001_003_HD","npc.json","data\source\maps_source\小物件\灯\wj_火堆001_003_hd.mesh","156997.75","5447.4375","182790.609375"
"4897","JZ_xb玉门关建筑001_003_HD","npc.json","data\source\maps_source\建筑\jz_xb玉门关建筑001_003_hd.mesh","188670.5625","10558.708984","167560.859375"
"4898","JZ_mj中型民居001_002_HD","npc.json","data\source\maps_source\门派\明教\jz_mj中型民居001_002_hd.mesh","202414.453125","15158.49707","181206.921875"
"4899","CQ_玉门关城墙001_008.Mesh","npc.json","data\source\maps_source\城墙\cq_玉门关城墙001_008_hd.mesh","166680.4375","9418.711914","157904.734375"
"4900","WJ_mvp火灯001.Mesh","npc.json","data\source\maps_source\小物件\灯\wj_mvp火灯001_hd.mesh","164708.265625","5085.001953","162751.90625"
"4901","pj_mj中型围墙002_HD","npc.json","data\source\maps_source\门派\明教\pj_mj中型围墙002_hd.mesh","171075.40625","7028.660156","185857.21875"
"4902","WJ_破木板002_009_HD","npc.json","data\source\maps_source\小物件\木箱\wj_破木板002_009_hd.mesh","157023.53125","5436.5","182406.609375"
"4903","cq_龙门城墙001_006_HD","npc.json","data\source\maps_source\城墙\cq_龙门城墙001_006_hd.mesh","175819.109375","4918.188476","167792.78125"
"4904","WJ_mvp火灯001.Mesh","npc.json","data\source\maps_source\小物件\灯\wj_mvp火灯001_hd.mesh","164836.5","6409.398437","159683.203125"
"4905","JZ_mj古战场001_001.Mesh","npc.json","data\source\maps_source\建筑\jz_mj古战场001_001_hd.mesh","165696.515625","3355.490234","175949.171875"
"4906","WJ_mvp雕像基座001.Mesh","npc.json","data\source\maps_source\小物件\雕像\wj_mvp雕像基座001_hd.mesh","164567.015625","5399.207031","161005.703125"
"4907","pj_mj中型围墙002_HD","npc.json","data\source\maps_source\门派\明教\pj_mj中型围墙002_hd.mesh","163679.28125","4484.850585","163284.640625"
"4908","cq_龙门城墙001_003_HD","npc.json","data\source\maps_source\城墙\cq_龙门城墙001_003_hd.mesh","165842.109375","6967.884765","191843.6875"
"4909","cq_龙门城墙001_006_HD","npc.json","data\source\maps_source\城墙\cq_龙门城墙001_006_hd.mesh","175842.625","6772.617187","181245.796875"
"4910","WD_石柱002_01.Mesh","npc.json","data\source\maps_source\门派\五毒\wd_加沙石柱002_01_hd.mesh","170674.71875","4889.373046","164962.0625"
"4911","cq_龙门城墙001_003_HD","npc.json","data\source\maps_source\城墙\cq_龙门城墙001_003_hd.mesh","159462.625","5651.800781","186435.109375"
"4912","cq_龙门城墙001_003_HD","npc.json","data\source\maps_source\城墙\cq_龙门城墙001_003_hd.mesh","156339.015625","4494.635742","171522.09375"
"4913","WJ_打铁台001_001.Mesh","npc.json","data\source\maps_source\小物件\生活品\wj_打铁台001_001_hd.mesh","171012.125","4503.524414","166857.03125"
"4914","cq_龙门城墙001_005_HD","npc.json","data\source\maps_source\城墙\cq_龙门城墙001_005_hd.mesh","176661.125","5506.797851","169568.1875"
"4915","ST_mj戈壁碎石003_002.Mesh","npc.json","data\source\maps_source\门派\明教\st_mj戈壁碎石003_002_hd.mesh","173277.703125","5110.091796","173822.953125"
"4916","CQ_龙门城墙001_002.Mesh","npc.json","data\source\maps_source\城墙\cq_龙门城墙001_002_hd.mesh","156141.78125","5043.75","169923.796875"
"4917","WJ_灯004_HD","npc.json","data\source\maps_source\小物件\灯\xwj_灯笼001_001a_hd.mesh","158773.375","5378.789062","178379.21875"
"4918","ST_mj戈壁碎石003_002.Mesh","npc.json","data\source\maps_source\门派\明教\st_mj戈壁碎石003_002_hd.mesh","198242.375","15620.679687","189678.4375"
"4919","cq_龙门城墙001_003_HD","npc.json","data\source\maps_source\城墙\cq_龙门城墙001_003_hd.mesh","159456.296875","5626.390625","159450.015625"
"4920","CQ_玉门关城墙001_008.Mesh","npc.json","data\source\maps_source\城墙\cq_玉门关城墙001_008_hd.mesh","169852.875","5372.932617","158517.484375"
"4921","cq_龙门城墙001_003_HD","npc.json","data\source\maps_source\城墙\cq_龙门城墙001_003_hd.mesh","164255.0","5965.419921","188863.65625"
"4922","WJ_通用战帜001_001A_HD","npc.json","data\source\maps_source\小物件\旗\wj_通用战帜001_001a_hd.mesh","163635.71875","3967.117187","173528.625"
"4923","XWJ_落雪火盆002_001_HD","npc.json","data\source\maps_source\小物件\灯\xwj_落雪火盆002_001_hd.mesh","164531.734375","3959.999023","172918.9375"
"4924","ST_mj石头002_001.Mesh","npc.json","data\source\maps_source\门派\明教\st_mj石头002_001_hd.mesh","192422.328125","13470.669921","188686.84375"
"4925","WJ_火堆001_003_HD","npc.json","data\source\maps_source\小物件\灯\wj_火堆001_003_hd.mesh","169694.03125","4196.15625","176281.125"
"4926","cq_龙门城墙001_004_HD","npc.json","data\source\maps_source\城墙\cq_龙门城墙001_004_hd.mesh","157200.5625","5331.018554","161386.71875"
"4927","cq_龙门城墙001_003_HD","npc.json","data\source\maps_source\城墙\cq_龙门城墙001_003_hd.mesh","166672.96875","6673.393554","192867.109375"
"4928","st_mj戈壁碎石002_004_HD","npc.json","data\source\maps_source\门派\明教\st_mj戈壁碎石002_004_hd.mesh","170540.5625","4625.725585","169989.28125"
"4929","PJ_mvp围墙001_004_HD","npc.json","data\source\maps_source\建筑配套\pj_mvp围墙001_004_hd.mesh","155283.8125","5724.566406","186579.328125"
"4930","Q_吊锁桥架002_005.Mesh","npc.json","data\source\maps_source\桥\q_吊锁桥架002_005_hd.mesh","169427.984375","5692.758789","177546.140625"
"4931","WJ_mvp圆灯笼001_001.Mesh","npc.json","data\source\maps_source\小物件\灯\wj_mvp圆灯笼001_001_hd.mesh","162882.421875","7308.332031","156486.171875"
"4932","pj_mj廊柱001_002_HD","npc.json","data\source\maps_source\门派\明教\pj_mj廊柱001_002_hd.mesh","156870.546875","5032.344726","170415.03125"
"4933","st_mj戈壁碎石003_001_HD","npc.json","data\source\maps_source\门派\明教\st_mj戈壁碎石003_001_hd.mesh","195716.96875","12934.40039","179879.46875"
"4934","st_mj戈壁碎石002_004_HD","npc.json","data\source\maps_source\门派\明教\st_mj戈壁碎石002_004_hd.mesh","192900.6875","13693.61914","193845.203125"
"4935","cq_龙门城墙001_007_HD","npc.json","data\source\maps_source\城墙\cq_龙门城墙001_007_hd.mesh","165870.9375","7007.141601","192160.984375"
"4936","WJ_yz擂台物件001_005.Mesh","npc.json","data\source\maps_source\城市\杨洲\wj_yz擂台物件001_005_hd.mesh","164708.25","4899.570312","162753.015625"
"4937","wj_mj旗帜003_HD","npc.json","data\source\maps_source\门派\明教\wj_mj旗帜003_hd.mesh","165629.265625","10012.291015","158514.390625"
"4938","cq_龙门城墙001_004_HD","npc.json","data\source\maps_source\城墙\cq_龙门城墙001_004_hd.mesh","176915.609375","6763.957031","180301.875"
"4939","WJ_灯004_HD","npc.json","data\source\maps_source\小物件\灯\xwj_灯笼001_001a_hd.mesh","169512.0","5614.390625","177136.609375"
"4940","CQ_龙门城墙001_002.Mesh","npc.json","data\source\maps_source\城墙\cq_龙门城墙001_002_hd.mesh","157190.546875","4724.557617","170818.28125"
"4941","cq_龙门城墙001_003_HD","npc.json","data\source\maps_source\城墙\cq_龙门城墙001_003_hd.mesh","167374.734375","4698.964843","162627.9375"
"4942","WJ_灯004_HD","npc.json","data\source\maps_source\小物件\灯\xwj_灯笼001_001a_hd.mesh","158395.125","5378.789062","177342.640625"
"4943","s_mj树002_005_HD","npc.json","data\source\maps_source\门派\明教\s_mj树002_005_hd.mesh","189841.984375","12914.763671","195137.484375"
"4944","cq_龙门城墙001_004_HD","npc.json","data\source\maps_source\城墙\cq_龙门城墙001_004_hd.mesh","156274.9375","4386.666992","176174.640625"
"4945","WJ_草垛003.Mesh","npc.json","data\source\maps_source\小物件\草垛\wj_草垛003_hd.mesh","157236.421875","7110.921875","160740.34375"
"4946","cq_龙门城墙001_001_HD","npc.json","data\source\maps_source\城墙\cq_龙门城墙001_001_hd.mesh","157937.625","6524.596679","199125.484375"
"4947","wj_木围墙007_002.Mesh","npc.json","data\source\maps_source\小物件\栏杆\wj_木围墙007_002_hd.mesh","163494.21875","3984.507812","178771.28125"
"4948","cq_龙门城墙001_005_HD","npc.json","data\source\maps_source\城墙\cq_龙门城墙001_005_hd.mesh","178491.125","6737.789062","178339.546875"
"4949","st_mj戈壁碎石002_004_HD","npc.json","data\source\maps_source\门派\明教\st_mj戈壁碎石002_004_hd.mesh","162143.59375","7084.657226","190824.265625"
"4950","WJ_破罐001_002_HD","npc.json","data\source\maps_source\小物件\坛罐\wj_破罐001_002_hd.mesh","164423.3125","3965.143554","173005.25"
"4951","pj_mj中型围墙002_HD","npc.json","data\source\maps_source\门派\明教\pj_mj中型围墙002_hd.mesh","174707.6875","4689.179687","167459.734375"
"4952","pj_mj中型围墙002_HD","npc.json","data\source\maps_source\门派\明教\pj_mj中型围墙002_hd.mesh","172664.625","4455.191406","166150.171875"
"4953","cq_龙门城墙001_003_HD","npc.json","data\source\maps_source\城墙\cq_龙门城墙001_003_hd.mesh","170508.78125","4830.396484","164441.6875"
"4954","cq_龙门城墙001_003_HD","npc.json","data\source\maps_source\城墙\cq_龙门城墙001_003_hd.mesh","162134.609375","4511.55664","164216.71875"
"4955","cq_龙门城墙001_005_HD","npc.json","data\source\maps_source\城墙\cq_龙门城墙001_005_hd.mesh","155132.140625","5233.302734","162694.734375"
"4956","st_mj戈壁碎石003_001_HD","npc.json","data\source\maps_source\门派\明教\st_mj戈壁碎石003_001_hd.mesh","187833.890625","12344.300781","184810.015625"
"4957","pj_mj廊柱001_002_HD","npc.json","data\source\maps_source\门派\明教\pj_mj廊柱001_002_hd.mesh","164033.109375","5294.78125","163728.765625"
"4958","cq_龙门城墙001_001_HD","npc.json","data\source\maps_source\城墙\cq_龙门城墙001_001_hd.mesh","160164.421875","3888.142578","174355.46875"
"4959","pj_mj中型围墙002_HD","npc.json","data\source\maps_source\门派\明教\pj_mj中型围墙002_hd.mesh","159196.640625","5831.886718","160173.046875"
"4960","PJ_sly防御墙001_002.Mesh","npc.json","data\source\maps_source\建筑配套\pj_sly防御墙001_002_hd.mesh","168169.4375","4802.671875","163566.78125"
"4961","WJ_mvp火灯001.Mesh","npc.json","data\source\maps_source\小物件\灯\wj_mvp火灯001_hd.mesh","164399.953125","7255.49121","193130.5"
"4962","jz_mj塔001_001_HD","npc.json","data\source\maps_source\门派\明教\jz_mj塔001_001_hd.mesh","196012.96875","15026.328125","179313.640625"
"4963","cq_龙门城墙001_009_HD","npc.json","data\source\maps_source\城墙\cq_龙门城墙001_009_hd.mesh","164745.78125","3885.46875","172367.25"
"4964","ST_mj戈壁碎石003_002.Mesh","npc.json","data\source\maps_source\门派\明教\st_mj戈壁碎石003_002_hd.mesh","217344.953125","16192.929687","188596.71875"
"4965","SD_崖壁狱门fb_001.Mesh","npc.json","data\source\maps_source\山洞\sd_崖壁狱门fb_001_hd.mesh","205630.734375","9538.849609","188006.890625"
